Network,Annotation
Acelerated,GO:0048525|negative regulation of viral process|-5.8;GO:0002758|innate immune response-activating signaling pathway|-5.3;GO:0002221|pattern recognition receptor signaling pathway|-5.3
Acelerated_MCODE_ALL,R-HSA-500792|GPCR ligand binding|-8.8;R-HSA-909733|Interferon alpha/beta signaling|-8.7;R-HSA-416476|G alpha (q) signalling events|-7.9
Acelerated_SUB1_MCODE_1,R-HSA-416476|G alpha (q) signalling events|-17.7;R-HSA-375276|Peptide ligand-binding receptors|-14.5;R-HSA-500792|GPCR ligand binding|-14.3
Acelerated_SUB1_MCODE_2,R-HSA-909733|Interferon alpha/beta signaling|-17.0;R-HSA-913531|Interferon Signaling|-14.1;GO:0045071|negative regulation of viral genome replication|-11.3
Acelerated_SUB1_MCODE_3,hsa00982|Drug metabolism - cytochrome P450|-6.2;hsa00980|Metabolism of xenobiotics by cytochrome P450|-6.1;R-HSA-211859|Biological oxidations|-4.7
Acelerated_SUB1_MCODE_4,"GO:0001580|detection of chemical stimulus involved in sensory perception of bitter taste|-7.5;R-HSA-420499|Class C/3 (Metabotropic glutamate/pheromone receptors)|-7.4;R-HSA-9717207|Sensory perception of sweet, bitter, and umami (glutamate) taste|-7.3"
Acelerated_SUB1_MCODE_5,R-HSA-176187|Activation of ATR in response to replication stress|-10.7;GO:0033314|mitotic DNA replication checkpoint signaling|-9.2;R-HSA-69481|G2/M Checkpoints|-8.8
Acelerated_SUB1_MCODE_6,R-HSA-6807878|COPI-mediated anterograde transport|-9.6;R-HSA-199977|ER to Golgi Anterograde Transport|-8.8;R-HSA-948021|Transport to the Golgi and subsequent modification|-8.4
Acelerated_SUB1_MCODE_7,R-HSA-1989781|PPARA activates gene expression|-9.0;R-HSA-400206|Regulation of lipid metabolism by PPARalpha|-9.0;WP2882|Nuclear receptors meta-pathway|-7.1
Acelerated_SUB1_MCODE_8,hsa00562|Inositol phosphate metabolism|-6.5;hsa04070|Phosphatidylinositol signaling system|-6.3
Acelerated_SUB2_MCODE_9,GO:0007283|spermatogenesis|-4.0;GO:0048232|male gamete generation|-3.9;GO:0007276|gamete generation|-3.7
Acelerated_SUB1_MCODE_11,R-HSA-216083|Integrin cell surface interactions|-6.9;hsa04512|ECM-receptor interaction|-6.9;hsa04510|Focal adhesion|-6.1
Conserved,GO:0048232|male gamete generation|-10.0;GO:0007283|spermatogenesis|-9.7;GO:0007276|gamete generation|-8.4
Conserved_MCODE_ALL,CORUM:6172|Intraflagellar transport complex B|-9.7;GO:0035720|intraciliary anterograde transport|-9.4;R-HSA-211000|Gene Silencing by RNA|-9.4
Conserved_SUB1_MCODE_1,GO:0043046|DNA methylation involved in gamete generation|-6.8;R-HSA-5601884|PIWI-interacting RNA (piRNA) biogenesis|-6.6;GO:0034587|piRNA processing|-6.5
Conserved_SUB1_MCODE_2,R-HSA-5620924|Intraflagellar transport|-15.7;GO:0042073|intraciliary transport|-15.7;CORUM:6172|Intraflagellar transport complex B|-14.9
Conserved_SUB1_MCODE_3,R-HSA-191859|snRNP Assembly|-12.2;R-HSA-194441|Metabolism of non-coding RNA|-12.2;R-HSA-168271|Transport of Ribonucleoproteins into the Host Nucleus|-9.9
Conserved_SUB1_MCODE_4,GO:1903530|regulation of secretion by cell|-3.5;GO:0051046|regulation of secretion|-3.3;GO:0002694|regulation of leukocyte activation|-3.2
Conserved_SUB1_MCODE_5,R-HSA-418594|G alpha (i) signalling events|-7.2;R-HSA-380108|Chemokine receptors bind chemokines|-6.8;R-HSA-500792|GPCR ligand binding|-6.3
_FINAL,R-HSA-1280215|Cytokine Signaling in Immune system|-11.5;GO:0002758|innate immune response-activating signaling pathway|-11.1;R-HSA-211000|Gene Silencing by RNA|-10.8
_FINAL_MCODE_ALL,R-HSA-1169410|Antiviral mechanism by IFN-stimulated genes|-12.1;R-HSA-913531|Interferon Signaling|-12.1;R-HSA-211000|Gene Silencing by RNA|-11.5
_FINAL_SUB1_MCODE_1,CORUM:7417|CFTR-GOPC-STX6 complex|-8.5;GO:0033314|mitotic DNA replication checkpoint signaling|-6.4;GO:0048545|response to steroid hormone|-5.8
_FINAL_SUB1_MCODE_2,CORUM:6172|Intraflagellar transport complex B|-12.8;R-HSA-5620924|Intraflagellar transport|-12.8;GO:0042073|intraciliary transport|-12.7
_FINAL_SUB1_MCODE_3,GO:0043046|DNA methylation involved in gamete generation|-10.3;R-HSA-5601884|PIWI-interacting RNA (piRNA) biogenesis|-10.0;GO:0034587|piRNA processing|-9.9
_FINAL_SUB1_MCODE_4,R-HSA-909733|Interferon alpha/beta signaling|-17.0;R-HSA-913531|Interferon Signaling|-14.1;GO:0045071|negative regulation of viral genome replication|-11.3
_FINAL_SUB1_MCODE_5,R-HSA-191859|snRNP Assembly|-13.0;R-HSA-194441|Metabolism of non-coding RNA|-13.0;R-HSA-168271|Transport of Ribonucleoproteins into the Host Nucleus|-10.4
