Cluster,Score,Type,Gene,Symbol,Network
1,4.0,Clustered,301,ANXA1,Acelerated_SUB1
1,4.0,Clustered,3062,HCRTR2,Acelerated_SUB1
1,4.0,Clustered,2641,GCG,Acelerated_SUB1
1,4.0,Seed,10886,NPFFR2,Acelerated_SUB1
1,4.0,Clustered,2862,MLNR,Acelerated_SUB1
1,4.0,Clustered,624,BDKRB2,Acelerated_SUB1
1,4.0,Clustered,8620,NPFF,Acelerated_SUB1
1,4.0,Clustered,4922,NTS,Acelerated_SUB1
1,4.0,Clustered,10874,NMU,Acelerated_SUB1
2,2.857142857142857,Clustered,24138,IFIT5,Acelerated_SUB1
2,2.857142857142857,Seed,4940,OAS3,Acelerated_SUB1
2,2.857142857142857,Clustered,6041,RNASEL,Acelerated_SUB1
2,2.857142857142857,Clustered,4600,MX2,Acelerated_SUB1
2,2.857142857142857,Clustered,3394,IRF8,Acelerated_SUB1
2,2.857142857142857,Clustered,8638,OASL,Acelerated_SUB1
2,2.857142857142857,Clustered,3434,IFIT1,Acelerated_SUB1
4,1.5,Seed,50833,TAS2R16,Acelerated_SUB1
4,1.5,Clustered,50838,TAS2R13,Acelerated_SUB1
4,1.5,Clustered,5179,PENK,Acelerated_SUB1
4,1.5,Clustered,50840,TAS2R14,Acelerated_SUB1
5,1.5,Seed,5884,RAD17,Acelerated_SUB1
5,1.5,Clustered,5985,RFC5,Acelerated_SUB1
5,1.5,Clustered,4998,ORC1,Acelerated_SUB1
5,1.5,Clustered,990,CDC6,Acelerated_SUB1
6,1.5,Clustered,83548,COG3,Acelerated_SUB1
6,1.5,Clustered,8615,USO1,Acelerated_SUB1
6,1.5,Clustered,64689,GORASP1,Acelerated_SUB1
6,1.5,Seed,287,ANK2,Acelerated_SUB1
3,1.4000000000000001,Clustered,2939,GSTA2,Acelerated_SUB1
3,1.4000000000000001,Clustered,2184,FAH,Acelerated_SUB1
3,1.4000000000000001,Clustered,4257,MGST1,Acelerated_SUB1
3,1.4000000000000001,Clustered,2027,ENO3,Acelerated_SUB1
3,1.4000000000000001,Clustered,124,ADH1A,Acelerated_SUB1
7,1.25,Clustered,10891,PPARGC1A,Acelerated_SUB1
7,1.25,Clustered,10499,NCOA2,Acelerated_SUB1
7,1.25,Seed,336,APOA2,Acelerated_SUB1
7,1.25,Clustered,9971,NR1H4,Acelerated_SUB1
8,1.25,Clustered,5333,PLCD1,Acelerated_SUB1
8,1.25,Clustered,9402,GRAP2,Acelerated_SUB1
8,1.25,Clustered,5298,PI4KB,Acelerated_SUB1
8,1.25,Clustered,84812,PLCD4,Acelerated_SUB1
10,1.0,Clustered,4122,MAN2A2,Acelerated_SUB1
10,1.0,Seed,1088,CEACAM8,Acelerated_SUB1
10,1.0,Clustered,4124,MAN2A1,Acelerated_SUB1
11,1.0,Seed,1287,COL4A5,Acelerated_SUB1
11,1.0,Clustered,3694,ITGB6,Acelerated_SUB1
11,1.0,Clustered,3696,ITGB8,Acelerated_SUB1
12,1.0,Clustered,386675,KRTAP10-7,Acelerated_SUB1
12,1.0,Clustered,84914,ZNF587,Acelerated_SUB1
12,1.0,Clustered,147687,ZNF417,Acelerated_SUB1
13,1.0,Clustered,23481,PES1,Acelerated_SUB1
13,1.0,Clustered,142,PARP1,Acelerated_SUB1
13,1.0,Seed,56916,SMARCAD1,Acelerated_SUB1
9,1.5,Clustered,57828,CATSPERG,Acelerated_SUB2
9,1.5,Seed,257044,CATSPERE,Acelerated_SUB2
9,1.5,Clustered,8913,CACNA1G,Acelerated_SUB2
9,1.5,Clustered,79820,CATSPERB,Acelerated_SUB2
2,2.5,Clustered,8100,IFT88,Conserved_SUB1
2,2.5,Seed,57560,IFT80,Conserved_SUB1
2,2.5,Clustered,28981,IFT81,Conserved_SUB1
2,2.5,Clustered,26160,IFT172,Conserved_SUB1
2,2.5,Clustered,79989,TTC26,Conserved_SUB1
2,2.5,Clustered,57539,WDR35,Conserved_SUB1
3,2.0,Clustered,6607,SMN2,Conserved_SUB1
3,2.0,Clustered,9631,NUP155,Conserved_SUB1
3,2.0,Seed,8021,NUP214,Conserved_SUB1
3,2.0,Clustered,22938,SNW1,Conserved_SUB1
3,2.0,Clustered,9883,POM121,Conserved_SUB1
3,2.0,Clustered,23511,NUP188,Conserved_SUB1
1,1.5454545454545454,Clustered,548593,SLX1A,Conserved_SUB1
1,1.5454545454545454,Clustered,525,ATP6V1B1,Conserved_SUB1
1,1.5454545454545454,Clustered,84687,PPP1R9B,Conserved_SUB1
1,1.5454545454545454,Seed,27109,DMAC2L,Conserved_SUB1
1,1.5454545454545454,Clustered,136991,ASZ1,Conserved_SUB1
1,1.5454545454545454,Clustered,5523,PPP2R3A,Conserved_SUB1
1,1.5454545454545454,Clustered,54456,MOV10L1,Conserved_SUB1
1,1.5454545454545454,Clustered,57223,PPP4R3B,Conserved_SUB1
1,1.5454545454545454,Clustered,5524,PTPA,Conserved_SUB1
1,1.5454545454545454,Clustered,84944,MAEL,Conserved_SUB1
1,1.5454545454545454,Clustered,509,ATP5F1C,Conserved_SUB1
5,1.25,Clustered,2826,CCR10,Conserved_SUB1
5,1.25,Clustered,6387,CXCL12,Conserved_SUB1
5,1.25,Seed,50835,TAS2R9,Conserved_SUB1
5,1.25,Clustered,6363,CCL19,Conserved_SUB1
4,1.0,Clustered,613,BCR,Conserved_SUB1
4,1.0,Clustered,8660,IRS2,Conserved_SUB1
4,1.0,Clustered,3187,HNRNPH1,Conserved_SUB1
4,1.0,Clustered,1080,CFTR,Conserved_SUB1
4,1.0,Clustered,3558,IL2,Conserved_SUB1
4,1.0,Seed,5902,RANBP1,Conserved_SUB1
6,1.0,Clustered,6653,SORL1,Conserved_SUB1
6,1.0,Clustered,79797,ZNF408,Conserved_SUB1
6,1.0,Clustered,57730,ANKRD36B,Conserved_SUB1
6,1.0,Seed,4038,LRP4,Conserved_SUB1
7,1.0,Clustered,220082,CBY2,Conserved_SUB1
7,1.0,Clustered,254187,TSGA10IP,Conserved_SUB1
7,1.0,Clustered,342096,GOLGA6A,Conserved_SUB1
8,1.0,Clustered,80007,C10orf88,Conserved_SUB1
8,1.0,Clustered,351,APP,Conserved_SUB1
8,1.0,Clustered,11004,KIF2C,Conserved_SUB1
