GO,Description,_LogP_Accelerated,_LogP_Conserved
C0004943,Behcet Syndrome,-3.1300128830127205,0.0
C1112211,Hepatic Infection,-3.002773379004191,0.0
C0035243,Respiratory Tract Infections,-3.834577664132023,0.0
C0001342,Acute periodontitis,-3.1905230121068544,0.0
C0474535,Mean corpuscular hemoglobin concentration determination,-2.9705166116874073,0.0
C0342751,Generalized glycogen storage disease of infants,-2.386761987933493,0.0
C0011615,"Dermatitis, Atopic",-2.8745145502804865,0.0
C3150275,COMPLEMENT COMPONENT 2 DEFICIENCY,-2.693033230125252,0.0
C2936349,"Plaque, Amyloid",-2.985640494706419,0.0
C0206750,Coronavirus Infections,-2.4133525854749003,0.0
C1263023,Macroorchidism,-2.4698335362475508,0.0
C0043407,Yersinia infections,-2.3729246976726,0.0
C0031106,Aggressive Periodontitis,-2.56690953163947,0.0
C0085661,Onycholysis,-2.3729246976726,0.0
C4551538,refractory multiple myeloma,-2.4305768668338117,0.0
C0751378,Neurologic Signs,0.0,-2.777500354956338
C0040420,Tonometry,0.0,-2.720051190952869
C3548479,response to bronchodilator,0.0,-2.532916579433993
C2938912,Hyperintensity of cerebral white matter on MRI,0.0,-2.777500354956338
C1859520,Progressive spasticity,0.0,-2.398312115997997
