Category,CategoryID,GO,Description,PARENT_GO,LogP,Enrichment,Z-score,#TotalGeneInLibrary,#GeneInGO,#GeneInHitList,#GeneInGOAndHitList,%InGO,STDV %InGO,GeneID,Hits,Log(q-value),GeneList
DisGeNET,35,C0035243,Respiratory Tract Infections,,-3.8,3.3,4.7,16474,160,400,13,3.2,0.89,721|1673|3423|3589|4153|4204|6036|6345|6382|6647|7535|54938|100289462,C4B|DEFB4A|IDS|IL11|MBL2|MECP2|RNASE2|SRL|SDC1|SOD1|ZAP70|SARS2|DEFB4B,0,Accelerated
DisGeNET,35,C0001342,Acute periodontitis,,-3.2,3.5,4.3,16474,119,400,10,2.5,0.78,841|1673|2214|3663|4153|27189|55829|79148|90226|100289462,CASP8|DEFB4A|FCGR3A|IRF5|MBL2|IL17C|SELENOS|MMP28|UCN2|DEFB4B,0,Accelerated
DisGeNET,35,C0004943,Behcet Syndrome,,-3.1,2.1,3.7,16474,425,400,22,5.5,1.1,841|1041|1673|1991|2214|3077|3589|3663|3985|4153|4741|5005|6556|6647|6687|10244|10541|22914|23581|30835|51752|100289462,CASP8|CDSN|DEFB4A|ELANE|FCGR3A|HFE|IL11|IRF5|LIMK2|MBL2|NEFM|ORM2|SLC11A1|SOD1|SPG7|RABEPK|ANP32B|KLRK1|CASP14|CD209|ERAP1|DEFB4B,0,Accelerated
DisGeNET,35,C1112211,Hepatic Infection,,-3,8.7,5.3,16474,19,400,4,1,0.5,1041|1673|4204|100289462,CDSN|DEFB4A|MECP2|DEFB4B,0,Accelerated
DisGeNET,35,C2936349,"Plaque, Amyloid",,-3,3.5,4.1,16474,105,400,9,2.2,0.74,43|1041|1508|1522|7781|23621|84376|164656|203859,ACHE|CDSN|CTSB|CTSZ|SLC30A3|BACE1|HOOK3|TMPRSS6|ANO5,0,Accelerated
DisGeNET,35,C0474535,Mean corpuscular hemoglobin concentration determination,,-3,14,6,16474,9,400,3,0.75,0.43,3077|10767|164656,HFE|HBS1L|TMPRSS6,0,Accelerated
DisGeNET,35,C0011615,"Dermatitis, Atopic",,-2.9,1.8,3.4,16474,653,400,29,7.2,1.3,841|1365|1512|1673|1786|2217|3356|3497|3597|3598|4153|4909|6036|6345|6368|6556|6915|7535|9368|10244|10541|23581|27189|27352|51752|55829|56300|204219|100289462,CASP8|CLDN3|CTSH|DEFB4A|DNMT1|FCGRT|HTR2A|IGHE|IL13RA1|IL13RA2|MBL2|NTF4|RNASE2|SRL|CCL23|SLC11A1|TBXA2R|ZAP70|NHERF1|RABEPK|ANP32B|CASP14|IL17C|SGSM3|ERAP1|SELENOS|IL36G|CERS3|DEFB4B,0,Accelerated
Transcription Factor Targets,16,M10921,AREB6 03,,-2.7,2.5,3.6,16474,210,400,13,3.2,0.89,1001|3985|7781|8631|10044|27189|55144|57626|79094|81706|83795|92359|124093,CDH3|LIMK2|SLC30A3|SKAP1|SH2D3C|IL17C|LRRC8D|KLHL1|CHAC1|PPP1R14C|KCNK16|CRB3|CCDC78,0,Accelerated
DisGeNET,35,C3150275,COMPLEMENT COMPONENT 2 DEFICIENCY,,-2.7,11,5.4,16474,11,400,3,0.75,0.43,717|721|4153,C2|C4B|MBL2,0,Accelerated
DisGeNET,35,C0031106,Aggressive Periodontitis,,-2.6,2.7,3.5,16474,168,400,11,2.8,0.82,841|1673|2214|3663|4153|27189|55829|79148|90226|130340|100289462,CASP8|DEFB4A|FCGR3A|IRF5|MBL2|IL17C|SELENOS|MMP28|UCN2|AP1S3|DEFB4B,0,Accelerated
Cell Type Signatures,7,M41710,FAN OVARY CL8 MATURE CUMULUS GRANULOSA CELL 2,,-2.5,1.9,3.2,16474,473,400,22,5.5,1.1,539|1001|1622|1716|4190|4706|4716|9227|10063|10200|10541|10848|23568|29920|51529|54344|64949|81892|84326|90522|154791|192286,ATP5PO|CDH3|DBI|DGUOK|MDH1|NDUFAB1|NDUFB10|LRAT|COX17|MPHOSPH6|ANP32B|PPP1R13L|ARL2BP|PYCR2|ANAPC11|DPM3|MRPS26|SLIRP|METTL26|YIF1B|FMC1|HIGD2A,0,Accelerated
DisGeNET,35,C1263023,Macroorchidism,,-2.5,9.5,4.8,16474,13,400,3,0.75,0.43,3973|4204|65109,LHCGR|MECP2|UPF3B,0,Accelerated
DisGeNET,35,C4551538,refractory multiple myeloma,,-2.4,4.8,3.9,16474,43,400,5,1.2,0.56,2217|6382|6687|10541|22914,FCGRT|SDC1|SPG7|ANP32B|KLRK1,0,Accelerated
PaGenBase,36,PGB:00039,Cell-specific: THY-,,-2.4,4.8,3.9,16474,43,400,5,1.2,0.56,1991|6359|9567|51752|348249,ELANE|CCL15|GTPBP1|ERAP1|CCL15-CCL14,0,Accelerated
DisGeNET,35,C0206750,Coronavirus Infections,,-2.4,6.1,4.2,16474,27,400,4,1,0.5,1041|4153|4599|54938,CDSN|MBL2|MX1|SARS2,0,Accelerated
PaGenBase,36,PGB:00085,Cell-specific: RL7,,-2.4,6.1,4.2,16474,27,400,4,1,0.5,7915|8115|22914|25780,ALDH5A1|TCL1A|KLRK1|RASGRP3,0,Accelerated
DisGeNET,35,C0342751,Generalized glycogen storage disease of infants,,-2.4,4.7,3.9,16474,44,400,5,1.2,0.56,2992|3423|6647|26503|54658,GYG1|IDS|SOD1|SLC17A5|UGT1A1,0,Accelerated
Cell Type Signatures,7,M41692,TRAVAGLINI LUNG MACROPHAGE CELL,,-2.4,2.5,3.3,16474,178,400,11,2.8,0.82,1508|1512|2217|2878|2921|6556|10063|10200|84419|84898|338442,CTSB|CTSH|FCGRT|GPX3|CXCL3|SLC11A1|COX17|MPHOSPH6|C15orf48|PLXDC2|HCAR2,0,Accelerated
DisGeNET,35,C0302332,Poisoning syndrome,,-2.4,8.8,4.6,16474,14,400,3,0.75,0.43,43|1318|3077,ACHE|SLC31A2|HFE,0,Accelerated
DisGeNET,35,C0427064,Pelvic girdle weakness,,-2.4,8.8,4.6,16474,14,400,3,0.75,0.43,1716|54344|203859,DGUOK|DPM3|ANO5,0,Accelerated
DisGeNET,35,C0043407,Yersinia infections,,-2.4,8.8,4.6,16474,14,400,3,0.75,0.43,841|2533|9564,CASP8|FYB1|BCAR1,0,Accelerated
DisGeNET,35,C0085661,Onycholysis,,-2.4,8.8,4.6,16474,14,400,3,0.75,0.43,1041|3077|3909,CDSN|HFE|LAMA3,0,Accelerated
DisGeNET,35,C3694279,Middle East Respiratory Syndrome,,-2.3,4.6,3.8,16474,45,400,5,1.2,0.56,1041|1673|10044|54938|100289462,CDSN|DEFB4A|SH2D3C|SARS2|DEFB4B,0,Accelerated
Transcription Factor Targets,16,M40763,TFCP2 TARGET GENES,,-2.3,4.5,3.7,16474,46,400,5,1.2,0.56,4953|22839|23107|28998|126626,ODC1|DLGAP4|MRPS27|MRPL13|GABPB2,0,Accelerated
DisGeNET,35,C2939094,Skin sensitisation,,-2.3,5.7,4,16474,29,400,4,1,0.5,3497|6345|26503|27352,IGHE|SRL|SLC17A5|SGSM3,0,Accelerated
Cell Type Signatures,7,M41746,RUBENSTEIN SKELETAL MUSCLE SMOOTH MUSCLE CELLS,,-2.3,2.1,3,16474,319,400,16,4,0.98,539|1622|3423|3939|4190|4698|4706|4716|6647|7414|10063|10541|28972|81892|140606|192286,ATP5PO|DBI|IDS|LDHA|MDH1|NDUFA5|NDUFAB1|NDUFB10|SOD1|VCL|COX17|ANP32B|SPCS1|SLIRP|SELENOM|HIGD2A,0,Accelerated
DisGeNET,35,C0520459,Necrotizing Enterocolitis,,-2.2,3.2,3.3,16474,89,400,7,1.8,0.66,1673|2056|2217|3589|3663|4153|100289462,DEFB4A|EPO|FCGRT|IL11|IRF5|MBL2|DEFB4B,0,Accelerated
DisGeNET,35,C0011991,Diarrhea,,-2.2,1.8,2.8,16474,537,400,23,5.8,1.2,1673|1991|2056|2166|3423|3589|4153|4953|7414|7535|9368|10044|10200|10244|25870|26173|26503|54658|54938|57626|257397|374286|100289462,DEFB4A|ELANE|EPO|FAAH|IDS|IL11|MBL2|ODC1|VCL|ZAP70|NHERF1|SH2D3C|MPHOSPH6|RABEPK|SUMF2|INTS1|SLC17A5|UGT1A1|SARS2|KLHL1|TAB3|FBXW10B|DEFB4B,0,Accelerated
Transcription Factor Targets,16,M40722,RPA1 TARGET GENES,,-2.2,5.3,3.8,16474,31,400,4,1,0.5,9567|10452|22908|84326,GTPBP1|TOMM40|SACM1L|METTL26,0,Accelerated
COVID,200,COVID203,RNA_Vanderheiden_pHAE_48h_Up,,-2.2,2.7,3.1,16474,138,400,9,2.2,0.74,43|101|1491|2921|3589|27189|56300|79094|84419,ACHE|ADAM8|CTH|CXCL3|IL11|IL17C|IL36G|CHAC1|C15orf48,0,Accelerated
DisGeNET,35,C0037315,Sleep Apnea Syndromes,,-2.2,2.9,3.2,16474,114,400,8,2,0.7,1675|2056|3423|4204|6647|6687|7414|79068,CFD|EPO|IDS|MECP2|SOD1|SPG7|VCL|FTO,0,Accelerated
DisGeNET,35,C1168443,Pseudocholinesterase Measurement,,-2.1,5.1,3.7,16474,32,400,4,1,0.5,3077|10452|23621|116519,HFE|TOMM40|BACE1|APOA5,0,Accelerated
Cell Type Signatures,7,M40263,DESCARTES FETAL PANCREAS ISLET ENDOCRINE CELLS,,-2.1,2.8,3.1,16474,116,400,8,2,0.7,10841|81693|81706|83795|164656|338557|388419|646658,FTCD|AMN|PPP1R14C|KCNK16|TMPRSS6|FFAR4|BTBD17|SYNDIG1L,0,Accelerated
DisGeNET,35,C0268060,Juvenile hemochromatosis,,-2.1,7.3,4.1,16474,17,400,3,0.75,0.43,2056|3077|164656,EPO|HFE|TMPRSS6,0,Accelerated
DisGeNET,35,C0162674,Chronic progressive external ophthalmoplegia,,-2.1,5,3.6,16474,33,400,4,1,0.5,1716|4509|6647|6687,DGUOK|ATP8|SOD1|SPG7,0,Accelerated
Cell Type Signatures,7,M39204,HAY BONE MARROW NK CELLS,,-2.1,2,2.8,16474,306,400,15,3.8,0.95,101|841|924|4597|6494|7535|8631|8904|9368|26020|51246|84174|84941|142678|256356,ADAM8|CASP8|CD7|MVD|SIPA1|ZAP70|SKAP1|CPNE1|NHERF1|LRP10|SHISA5|SLA2|HSH2D|MIB2|GK5,0,Accelerated
DisGeNET,35,C0265962,Ichthyosis linearis circumflexa,,-2.1,4,3.4,16474,52,400,5,1.2,0.56,1041|1673|1991|2056|100289462,CDSN|DEFB4A|ELANE|EPO|DEFB4B,0,Accelerated
DisGeNET,35,C0001339,Acute pancreatitis,,-2.1,1.9,2.8,16474,368,400,17,4.2,1,1491|1508|1673|1991|2214|4153|4650|6647|7941|9807|10011|26503|27152|27352|90226|116519|100289462,CTH|CTSB|DEFB4A|ELANE|FCGR3A|MBL2|MYO9B|SOD1|PLA2G7|IP6K1|SRA1|SLC17A5|INTU|SGSM3|UCN2|APOA5|DEFB4B,0,Accelerated
DisGeNET,35,C0404521,Infective vaginitis,,-2.1,6.9,3.9,16474,18,400,3,0.75,0.43,1673|4153|100289462,DEFB4A|MBL2|DEFB4B,0,Accelerated
DisGeNET,35,C0949856,Oxidative Phosphorylation Deficiencies,,-2.1,6.9,3.9,16474,18,400,3,0.75,0.43,4204|8996|55572,MECP2|NOL3|FOXRED1,0,Accelerated
DisGeNET,35,C0302486,Erythrophagocytosis,,-2,4.8,3.5,16474,34,400,4,1,0.5,1508|2214|3077|6556,CTSB|FCGR3A|HFE|SLC11A1,0,Accelerated
DisGeNET,35,C0238421,Selenium deficiency,,-2,4.7,3.5,16474,35,400,4,1,0.5,2288|2878|6647|51534,FKBP4|GPX3|SOD1|VTA1,0,Accelerated
DisGeNET,35,C0751378,Neurologic Signs,,-2.8,12,5.6,16474,12,340,3,0.88,0.51,2629|2668|7161,GBA1|GDNF|TP73,0,Conserved
DisGeNET,35,C2938912,Hyperintensity of cerebral white matter on MRI,,-2.8,12,5.6,16474,12,340,3,0.88,0.51,191|84504|91869,AHCY|NKX6-2|RFT1,0,Conserved
DisGeNET,35,C0040420,Tonometry,,-2.7,3,3.7,16474,161,340,10,2.9,0.92,4052|7802|8224|9148|23500|54536|55532|57491|84168|129080,LTBP1|DNALI1|SYN3|NEURL1|DAAM2|EXOC6|SLC30A10|AHRR|ANTXR1|EMID1,0,Conserved
Cell Type Signatures,7,M40128,DESCARTES MAIN FETAL ISLET ENDOCRINE CELLS,,-2.6,5.2,4.1,16474,47,340,5,1.5,0.65,3375|11094|23546|23646|348487,IAPP|CACFD1|SYNGR4|PLD3|FAM131C,0,Conserved
Cell Type Signatures,7,M40196,DESCARTES FETAL HEART MYELOID CELLS,,-2.6,3.3,3.7,16474,116,340,8,2.4,0.82,2322|2357|3113|4610|5657|8685|201305|643680,FLT3|FPR1|HLA-DPA1|MYCL|PRTN3|MARCO|SPNS3|MS4A4E,0,Conserved
DisGeNET,35,C3548479,response to bronchodilator,,-2.5,3.7,3.8,16474,92,340,7,2.1,0.77,1548|4025|4591|54903|57718|283455|285600,CYP2A6|LPO|TRIM37|MKS1|PPP4R4|KSR2|KIAA0825,0,Conserved
DisGeNET,35,C1859520,Progressive spasticity,,-2.4,9.1,4.7,16474,16,340,3,0.88,0.51,4976|6904|84504,OPA1|TBCD|NKX6-2,0,Conserved
COVID,200,COVID054,RNA_Xiong_PBMC_Up,,-2.3,2.4,3.2,16474,242,340,12,3.5,1,2322|7153|8460|9319|23646|28449|28875|28878|28893|28930|56992|64943,FLT3|TOP2A|TPST1|TRIP13|PLD3|IGHV3-13|IGKV3D-15|IGKV2D-40|IGKV1D-39|IGKV1-39|KIF15|NT5DC2,0,Conserved
DisGeNET,35,C0241700,Voice Fatigue,,-2.3,8.6,4.5,16474,17,340,3,0.88,0.51,2629|4591|6908,GBA1|TRIM37|TBP,0,Conserved
Cell Type Signatures,7,M40298,DESCARTES FETAL STOMACH CILIATED EPITHELIAL CELLS,,-2.2,2.2,3,16474,282,340,13,3.8,1,4246|6236|7802|25876|57577|80125|83450|89876|92565|122481|255119|285600|375307,SCGB2A1|RRAD|DNALI1|SPEF1|CCDC191|CCDC33|DRC3|CFAP91|FANK1|AK7|CFAP299|KIAA0825|CATIP,0,Conserved
DisGeNET,35,C1843700,Increased variability in muscle fiber diameter,,-2.2,5.2,3.7,16474,37,340,4,1.2,0.58,4976|9499|10324|22954,OPA1|MYOT|KLHL41|TRIM32,0,Conserved
Cell Type Signatures,7,M40124,DESCARTES MAIN FETAL CILIATED EPITHELIAL CELLS,,-2.1,1.8,2.8,16474,531,340,20,5.9,1.3,4025|6049|7161|7802|9666|25876|51614|54903|57577|57718|79838|80125|83450|89876|92565|122481|255119|285600|339416|375307,LPO|RNF6|TP73|DNALI1|DZIP3|SPEF1|ERGIC3|MKS1|CCDC191|PPP4R4|TMC5|CCDC33|DRC3|CFAP91|FANK1|AK7|CFAP299|KIAA0825|ANKRD45|CATIP,0,Conserved
DisGeNET,35,C1832446,Sparse eyebrow,,-2.1,6.9,3.9,16474,21,340,3,0.88,0.51,1801|6904|84168,DPH1|TBCD|ANTXR1,0,Conserved
Transcription Factor Targets,16,M14593,HNF1 C,,-2,2.4,2.9,16474,201,340,10,2.9,0.92,3206|4082|5267|6095|6505|7483|54546|56899|57530|80243,HOXA10|MARCKS|SERPINA4|RORA|SLC1A1|WNT9A|RNF186|ANKS1B|CGN|PREX2,0,Conserved
