Cluster,Score,Type,Gene,Symbol,Network
1,2.0,Clustered,4706,NDUFAB1,_FINAL_SUB2
1,2.0,Clustered,4698,NDUFA5,_FINAL_SUB2
1,2.0,Seed,4731,NDUFV3,_FINAL_SUB2
1,2.0,Clustered,4716,NDUFB10,_FINAL_SUB2
1,2.0,Clustered,55572,FOXRED1,_FINAL_SUB2
2,1.5,Seed,57703,CWC22,_FINAL_SUB5
2,1.5,Clustered,60625,DHX35,_FINAL_SUB5
2,1.5,Clustered,8175,SF3A2,_FINAL_SUB5
2,1.5,Clustered,6636,SNRPF,_FINAL_SUB5
3,1.0,Clustered,1991,ELANE,_FINAL_SUB10
3,1.0,Clustered,1673,DEFB4A,_FINAL_SUB10
3,1.0,Seed,100289462,DEFB4B,_FINAL_SUB10
