Cluster,Score,Type,Gene,Symbol,Network
2,2.5,Clustered,64949,MRPS26,Accelerated_SUB1
2,2.5,Clustered,64963,MRPS11,Accelerated_SUB1
2,2.5,Seed,23107,MRPS27,Accelerated_SUB1
2,2.5,Clustered,60488,MRPS35,Accelerated_SUB1
2,2.5,Clustered,28998,MRPL13,Accelerated_SUB1
2,2.5,Clustered,4528,MTIF2,Accelerated_SUB1
1,1.75,Clustered,100526842,RPL17-C18orf32,Accelerated_SUB1
1,1.75,Clustered,4698,NDUFA5,Accelerated_SUB1
1,1.75,Clustered,4706,NDUFAB1,Accelerated_SUB1
1,1.75,Clustered,4731,NDUFV3,Accelerated_SUB1
1,1.75,Clustered,6161,RPL32,Accelerated_SUB1
1,1.75,Clustered,4716,NDUFB10,Accelerated_SUB1
1,1.75,Clustered,29889,GNL2,Accelerated_SUB1
1,1.75,Seed,55572,FOXRED1,Accelerated_SUB1
3,1.5,Clustered,116519,APOA5,Accelerated_SUB1
3,1.5,Seed,55829,SELENOS,Accelerated_SUB1
3,1.5,Clustered,7941,PLA2G7,Accelerated_SUB1
3,1.5,Clustered,1622,DBI,Accelerated_SUB1
4,1.5,Clustered,6368,CCL23,Accelerated_SUB1
4,1.5,Clustered,6915,TBXA2R,Accelerated_SUB1
4,1.5,Clustered,3356,HTR2A,Accelerated_SUB1
4,1.5,Seed,1907,EDN2,Accelerated_SUB1
5,1.0,Clustered,4190,MDH1,Accelerated_SUB1
5,1.0,Clustered,3939,LDHA,Accelerated_SUB1
5,1.0,Seed,54938,SARS2,Accelerated_SUB1
6,1.0,Clustered,1508,CTSB,Accelerated_SUB1
6,1.0,Clustered,23621,BACE1,Accelerated_SUB1
6,1.0,Seed,1522,CTSZ,Accelerated_SUB1
7,1.0,Clustered,23396,PIP5K1C,Accelerated_SUB1
7,1.0,Seed,22908,SACM1L,Accelerated_SUB1
7,1.0,Clustered,113026,PLCD3,Accelerated_SUB1
1,1.8888888888888888,Seed,57703,CWC22,Conserved_SUB1
1,1.8888888888888888,Clustered,23076,RRP1B,Conserved_SUB1
1,1.8888888888888888,Clustered,8175,SF3A2,Conserved_SUB1
1,1.8888888888888888,Clustered,3008,H1-4,Conserved_SUB1
1,1.8888888888888888,Clustered,60625,DHX35,Conserved_SUB1
1,1.8888888888888888,Clustered,3725,JUN,Conserved_SUB1
1,1.8888888888888888,Clustered,79009,DDX50,Conserved_SUB1
1,1.8888888888888888,Clustered,81875,ISG20L2,Conserved_SUB1
1,1.8888888888888888,Clustered,6636,SNRPF,Conserved_SUB1
