GO,Description,_LogP_Body Size,_LogP_Testes Size
GO:0022412,cellular process involved in reproduction in multicellular organism,-3.4796218823196816,-15.148142188119309
GO:0051321,meiotic cell cycle,-4.948147601980173,-6.027324148060076
GO:0048232,male gamete generation,-5.797375362973188,-26.6893690467321
WP4673,Male infertility,-3.9702276485590486,-2.8534746345053588
GO:0006997,nucleus organization,0.0,-2.24874473601827
GO:0048255,mRNA stabilization,0.0,-2.607644899494324
GO:0007342,fusion of sperm to egg plasma membrane involved in single fertilization,0.0,-3.2800135526656686
GO:0043046,DNA methylation involved in gamete generation,0.0,-7.339722232498085
GO:0007292,female gamete generation,-4.01666873597685,0.0
GO:0098813,nuclear chromosome segregation,-4.031296110876193,0.0
GO:0007018,microtubule-based movement,-2.96946510801412,0.0
