Network,Annotation
Accelerated,GO:0009617|response to bacterium|-5.3;GO:0006518|peptide metabolic process|-5.1;hsa05150|Staphylococcus aureus infection|-4.0
Accelerated_MCODE_ALL,GO:0006518|peptide metabolic process|-10.2;GO:0032543|mitochondrial translation|-8.9;R-HSA-72766|Translation|-8.7
Accelerated_SUB1_MCODE_1,"WP4324|Mitochondrial complex I assembly model OXPHOS system|-10.7;CORUM:178|Respiratory chain complex I (holoenzyme), mitochondrial|-8.5;GO:0006120|mitochondrial electron transport, NADH to ubiquinone|-8.4"
Accelerated_SUB1_MCODE_2,R-HSA-5368286|Mitochondrial translation initiation|-13.7;R-HSA-5368287|Mitochondrial translation|-13.6;GO:0032543|mitochondrial translation|-13.1
Accelerated_SUB1_MCODE_3,GO:0046486|glycerolipid metabolic process|-4.5
Accelerated_SUB1_MCODE_4,R-HSA-416476|G alpha (q) signalling events|-7.8;GO:0019229|regulation of vasoconstriction|-6.9;R-HSA-373076|Class A/1 (Rhodopsin-like receptors)|-6.8
Accelerated_SUB1_MCODE_7,WP4971|Phosphoinositides metabolism|-7.8;hsa00562|Inositol phosphate metabolism|-7.1;hsa04070|Phosphatidylinositol signaling system|-6.9
Conserved,GO:0007143|female meiotic nuclear division|-3.5;GO:0072273|metanephric nephron morphogenesis|-3.2;GO:0098876|vesicle-mediated transport to the plasma membrane|-3.2
Conserved_MCODE_ALL,CORUM:1181|C complex spliceosome|-8.4;GO:0008380|RNA splicing|-7.4;R-HSA-72163|mRNA Splicing - Major Pathway|-6.9
Conserved_SUB1_MCODE_1,CORUM:1181|C complex spliceosome|-8.4;GO:0008380|RNA splicing|-7.4;R-HSA-72163|mRNA Splicing - Major Pathway|-6.9
_FINAL,GO:0006754|ATP biosynthetic process|-7.0;GO:0009206|purine ribonucleoside triphosphate biosynthetic process|-6.7;GO:0009145|purine nucleoside triphosphate biosynthetic process|-6.6
_FINAL_MCODE_ALL,"WP4324|Mitochondrial complex I assembly model OXPHOS system|-9.5;CORUM:1181|C complex spliceosome|-7.8;CORUM:178|Respiratory chain complex I (holoenzyme), mitochondrial|-7.7"
_FINAL_SUB2_MCODE_1,"WP4324|Mitochondrial complex I assembly model OXPHOS system|-12.4;CORUM:178|Respiratory chain complex I (holoenzyme), mitochondrial|-9.7;GO:0006120|mitochondrial electron transport, NADH to ubiquinone|-9.6"
_FINAL_SUB5_MCODE_2,CORUM:1181|C complex spliceosome|-10.5;R-HSA-72163|mRNA Splicing - Major Pathway|-9.0;R-HSA-72172|mRNA Splicing|-8.9
_FINAL_SUB10_MCODE_3,R-HSA-6803157|Antimicrobial peptides|-6.7
