GO,Description,_LogP_Acelerated,_LogP_Conserved
GO:1902373,negative regulation of mRNA catabolic process,0.0,-3.3216014323950245
GO:0071695,anatomical structure maturation,0.0,-3.628390039467931
GO:0071392,cellular response to estradiol stimulus,0.0,-3.705560894951052
GO:0033365,protein localization to organelle,0.0,-4.661829037312276
GO:0044782,cilium organization,0.0,-5.6464927803880665
CORUM:7417,CFTR-GOPC-STX6 complex,0.0,-4.780572684487036
R-HSA-211000,Gene Silencing by RNA,0.0,-5.957660390517288
GO:0090209,negative regulation of triglyceride metabolic process,0.0,-4.3201073858956445
GO:0016125,sterol metabolic process,0.0,-2.8838207101540547
GO:0045600,positive regulation of fat cell differentiation,0.0,-2.650514957278863
GO:0090596,sensory organ morphogenesis,0.0,-2.67256778277602
GO:0048232,male gamete generation,0.0,-16.042178070629877
GO:0045087,innate immune response,-3.8051147334308553,0.0
GO:0048525,negative regulation of viral process,-4.183896671731368,0.0
GO:2001280,positive regulation of unsaturated fatty acid biosynthetic process,-2.59322088329101,0.0
R-HSA-389397,Orexin and neuropeptides FF and QRFP bind to their respective receptors,-2.758630192804553,0.0
WP98,Prostaglandin synthesis and regulation,-2.577186889699582,0.0
GO:0098907,regulation of SA node cell action potential,-2.9520500757994603,0.0
GO:0042276,error-prone translesion synthesis,-2.59322088329101,0.0
GO:0009617,response to bacterium,-2.59666422811954,0.0
