GO,Description,_LogP_Acelerated,_LogP_Conserved
GO:1902373,negative regulation of mRNA catabolic process,0.0,-3.3216014323950245
GO:0071695,anatomical structure maturation,0.0,-3.628390039467931
GO:0071392,cellular response to estradiol stimulus,0.0,-3.705560894951052
GO:0033365,protein localization to organelle,0.0,-4.661829037312276
GO:0044782,cilium organization,0.0,-5.6464927803880665
CORUM:7417,CFTR-GOPC-STX6 complex,0.0,-4.780572684487036
R-HSA-211000,Gene Silencing by RNA,0.0,-5.957660390517288
GO:0090209,negative regulation of triglyceride metabolic process,0.0,-4.3201073858956445
GO:0006259,DNA metabolic process,0.0,-2.2246790061898936
GO:0097094,craniofacial suture morphogenesis,0.0,-2.310689947578762
R-HSA-163210,Formation of ATP by chemiosmotic coupling,0.0,-2.222007624601433
GO:0070050,neuron cellular homeostasis,0.0,-2.209932663563854
GO:0010256,endomembrane system organization,0.0,-2.2299860591059035
GO:2000008,regulation of protein localization to cell surface,0.0,-2.2760957344747745
GO:0022618,ribonucleoprotein complex assembly,0.0,-2.1642240642464206
WP399,Wnt signaling pathway and pluripotency,0.0,-2.3060710429634264
GO:0045600,positive regulation of fat cell differentiation,0.0,-2.650514957278863
GO:0042447,hormone catabolic process,0.0,-2.5128803727541262
GO:0045026,plasma membrane fusion,0.0,-2.1668858380775107
GO:0051220,cytoplasmic sequestering of protein,0.0,-2.140047653108399
GO:0045787,positive regulation of cell cycle,0.0,-2.1012581579657645
GO:0031124,mRNA 3'-end processing,0.0,-2.3343323089316805
GO:0043249,erythrocyte maturation,0.0,-2.140047653108399
GO:0016125,sterol metabolic process,0.0,-2.8838207101540547
GO:0043153,entrainment of circadian clock by photoperiod,0.0,-2.063932346168246
GO:0048736,appendage development,0.0,-2.5617940032296658
GO:0090596,sensory organ morphogenesis,0.0,-2.67256778277602
GO:0048232,male gamete generation,0.0,-16.042178070629877
GO:0045087,innate immune response,-3.8051147334308553,0.0
GO:0048525,negative regulation of viral process,-4.183896671731368,0.0
R-HSA-6805567,Keratinization,-2.0842740955877184,0.0
GO:0035331,negative regulation of hippo signaling,-2.207013393983821,0.0
GO:0034116,positive regulation of heterotypic cell-cell adhesion,-2.009532633409852,0.0
R-HSA-389397,Orexin and neuropeptides FF and QRFP bind to their respective receptors,-2.758630192804553,0.0
GO:0033314,mitotic DNA replication checkpoint signaling,-2.4489826184585257,0.0
M5880,NABA ECM AFFILIATED,-2.159496399120605,0.0
GO:2001280,positive regulation of unsaturated fatty acid biosynthetic process,-2.59322088329101,0.0
GO:0046597,negative regulation of viral entry into host cell,-2.435905832473883,0.0
WP98,Prostaglandin synthesis and regulation,-2.577186889699582,0.0
GO:0034311,diol metabolic process,-2.0139763804439625,0.0
GO:0045824,negative regulation of innate immune response,-2.2377650425495004,0.0
GO:0042401,biogenic amine biosynthetic process,-2.075325393695877,0.0
GO:0106049,regulation of cellular response to osmotic stress,-2.103678348413233,0.0
GO:0098907,regulation of SA node cell action potential,-2.9520500757994603,0.0
R-HSA-1187000,Fertilization,-2.075325393695877,0.0
GO:0043650,dicarboxylic acid biosynthetic process,-2.321325256854628,0.0
GO:0042276,error-prone translesion synthesis,-2.59322088329101,0.0
GO:0006857,oligopeptide transport,-2.009532633409852,0.0
R-HSA-549132,Organic cation/anion/zwitterion transport,-2.009532633409852,0.0
GO:0009617,response to bacterium,-2.59666422811954,0.0
