_MEMBER_Body Size,_MEMBER_Testes Size,_LogP_Body Size,_LogP_Testes Size,GO,_PATTERN_,_RANK_,GiniIndex,Category,CategoryID,Description,PARENT_GO,LogP,Enrichment,Z-score,#TotalGeneInLibrary,#GeneInGO,#GeneInHitList,#GeneInGOAndHitList,%InGO,STDV %InGO,GeneID,Hits,Log(q-value),EvidenceCutoff
1,1,-2.6,-4,M40124,M11,2,0,Cell Type Signatures,7,DESCARTES MAIN FETAL CILIATED EPITHELIAL CELLS,,-4,3.7,4.9,16475,531,101,12,12,3.2,5891|8100|8900|11063|54760|79025|115399|127700|147744|164781|254173|256329,MOK|IFT88|CCNA1|SOX30|PCSK4|FNDC11|LRRC56|OSCP1|TMEM190|DAW1|TTLL10|LMNTD2,0,0
1,1,-3.1,-2.3,M40241,M11,2,0,Cell Type Signatures,7,DESCARTES FETAL LUNG CILIATED EPITHELIAL CELLS,,-3.1,4.5,4.5,16475,438,58,7,12,4.3,9319|25876|80125|92565|255119|339416|375307,TRIP13|SPEF1|CCDC33|FANK1|CFAP299|ANKRD45|CATIP,0,0
1,0,-2.5,0,M40298,M10,1,0,Cell Type Signatures,7,DESCARTES FETAL STOMACH CILIATED EPITHELIAL CELLS,,-2.5,5,4.1,16475,282,58,5,8.6,3.7,25876|80125|92565|255119|375307,SPEF1|CCDC33|FANK1|CFAP299|CATIP,0,0
1,0,-2.3,0,M39036,M10,1,0,Cell Type Signatures,7,FAN EMBRYONIC CTX NSC 2,,-2.3,5.8,4,16475,196,58,4,6.9,3.3,4751|7153|9319|56992,NEK2|TOP2A|TRIP13|KIF15,0,0
1,0,-2.3,0,M39165,M10,1,0,Cell Type Signatures,7,GAO LARGE INTESTINE ADULT CH MKI67HIGH CELLS,,-2.3,8.6,4.5,16475,99,58,3,5.2,2.9,7153|9319|56992,TOP2A|TRIP13|KIF15,0,0
1,0,-2.2,0,M39096,M10,1,0,Cell Type Signatures,7,ZHONG PFC C1 OPC,,-2.2,5.5,3.9,16475,206,58,4,6.9,3.3,4751|7153|9319|56992,NEK2|TOP2A|TRIP13|KIF15,0,0
0,1,0,-2,M40078,M01,1,0,Cell Type Signatures,7,DESCARTES MAIN FETAL SLC26A4 PAEP POSITIVE CELLS,,-2,3.9,3.3,16475,209,101,5,5,2.2,6676|9631|84215|137392|144715,SPAG4|NUP155|ZNF541|CIBAR1|RAD9B,0,0
