_MEMBER_Body Size,_MEMBER_Testes Size,_LogP_Body Size,_LogP_Testes Size,GO,_PATTERN_,_RANK_,GiniIndex,Category,CategoryID,Description,PARENT_GO,LogP,Enrichment,Z-score,#TotalGeneInLibrary,#GeneInGO,#GeneInHitList,#GeneInGOAndHitList,%InGO,STDV %InGO,GeneID,Hits,Log(q-value),EvidenceCutoff
0,1,0,-5,C0021364,M01,1,0,DisGeNET,35,Male infertility,,-5,4.7,6,16475,420,101,12,12,3.2,1618|8632|8900|11063|51533|54456|56165|66037|84660|124404|221400|647060,DAZL|DNAH17|CCNA1|SOX30|PHF7|MOV10L1|TDRD1|BOLL|CCDC62|SEPTIN12|TDRD6|SPATA31A1,-0.49,0
0,1,0,-3.2,C0028960,M01,1,0,DisGeNET,35,Oligospermia,,-3.2,5.8,4.9,16475,170,101,6,5.9,2.4,1618|8900|66037|84944|124404|221400,DAZL|CCNA1|BOLL|MAEL|SEPTIN12|TDRD6,0,0
0,1,0,-2.9,C4021107,M01,1,0,DisGeNET,35,Non-obstructive azoospermia,,-2.9,6.2,4.7,16475,131,101,5,5,2.2,11063|66037|84225|124404|402381,SOX30|BOLL|ZMYND15|SEPTIN12|SOHLH1,0,0
0,1,0,-2.8,C0004509,M01,1,0,DisGeNET,35,Azoospermia,,-2.8,4.7,4.2,16475,207,101,6,5.9,2.4,1618|8900|66037|84225|124404|402381,DAZL|CCNA1|BOLL|ZMYND15|SEPTIN12|SOHLH1,0,0
0,1,0,-2.7,C0153594,M01,1,0,DisGeNET,35,Malignant neoplasm of testis,,-2.7,4.6,4.2,16475,212,101,6,5.9,2.4,8900|56163|56164|56165|84660|163589,CCNA1|RNF17|STK31|TDRD1|CCDC62|TDRD5,0,0
