GO,Description,_LogP_Body Size,_LogP_Testes Size
M40124,DESCARTES MAIN FETAL CILIATED EPITHELIAL CELLS,-2.5991263800017723,-4.01120691019707
M40241,DESCARTES FETAL LUNG CILIATED EPITHELIAL CELLS,-3.07837146648691,-2.2604978164073093
M40078,DESCARTES MAIN FETAL SLC26A4 PAEP POSITIVE CELLS,0.0,-2.0323119309834934
M39036,FAN EMBRYONIC CTX NSC 2,-2.301487287393265,0.0
M40298,DESCARTES FETAL STOMACH CILIATED EPITHELIAL CELLS,-2.5087167903992884,0.0
M39096,ZHONG PFC C1 OPC,-2.225643487595307,0.0
M39165,GAO LARGE INTESTINE ADULT CH MKI67HIGH CELLS,-2.291352236144212,0.0
