Category,CategoryID,GO,Description,PARENT_GO,LogP,Enrichment,Z-score,#TotalGeneInLibrary,#GeneInGO,#GeneInHitList,#GeneInGOAndHitList,%InGO,STDV %InGO,GeneID,Hits,Log(q-value),GeneList
Cell Type Signatures,7,M40241,DESCARTES FETAL LUNG CILIATED EPITHELIAL CELLS,,-3.1,4.5,4.5,16475,438,58,7,12,4.3,9319|25876|80125|92565|255119|339416|375307,TRIP13|SPEF1|CCDC33|FANK1|CFAP299|ANKRD45|CATIP,0,Body Size
Cell Type Signatures,7,M40124,DESCARTES MAIN FETAL CILIATED EPITHELIAL CELLS,,-2.6,3.7,3.8,16475,531,58,7,12,4.3,25876|57718|80125|92565|255119|339416|375307,SPEF1|PPP4R4|CCDC33|FANK1|CFAP299|ANKRD45|CATIP,0,Body Size
Cell Type Signatures,7,M40298,DESCARTES FETAL STOMACH CILIATED EPITHELIAL CELLS,,-2.5,5,4.1,16475,282,58,5,8.6,3.7,25876|80125|92565|255119|375307,SPEF1|CCDC33|FANK1|CFAP299|CATIP,0,Body Size
Cell Type Signatures,7,M39036,FAN EMBRYONIC CTX NSC 2,,-2.3,5.8,4,16475,196,58,4,6.9,3.3,4751|7153|9319|56992,NEK2|TOP2A|TRIP13|KIF15,0,Body Size
Transcription Factor Targets,16,M1485,E2F1 Q3,,-2.3,5.8,4,16475,197,58,4,6.9,3.3,23546|23619|56992|285126,SYNGR4|ZIM2|KIF15|DNAJC5G,0,Body Size
Cell Type Signatures,7,M39165,GAO LARGE INTESTINE ADULT CH MKI67HIGH CELLS,,-2.3,8.6,4.5,16475,99,58,3,5.2,2.9,7153|9319|56992,TOP2A|TRIP13|KIF15,0,Body Size
Transcription Factor Targets,16,M2409,NFY Q6 01,,-2.2,5.5,3.9,16475,205,58,4,6.9,3.3,4751|23546|57718|84944,NEK2|SYNGR4|PPP4R4|MAEL,0,Body Size
Cell Type Signatures,7,M39096,ZHONG PFC C1 OPC,,-2.2,5.5,3.9,16475,206,58,4,6.9,3.3,4751|7153|9319|56992,NEK2|TOP2A|TRIP13|KIF15,0,Body Size
Transcription Factor Targets,16,M15101,RFX1 02,,-2.1,5,3.6,16475,228,58,4,6.9,3.3,4956|8999|25876|339416,ODF1|CDKL2|SPEF1|ANKRD45,0,Body Size
DisGeNET,35,C0021364,Male infertility,,-5,4.7,6,16475,420,101,12,12,3.2,1618|8632|8900|11063|51533|54456|56165|66037|84660|124404|221400|647060,DAZL|DNAH17|CCNA1|SOX30|PHF7|MOV10L1|TDRD1|BOLL|CCDC62|SEPTIN12|TDRD6|SPATA31A1,-0.49,Testes Size
Cell Type Signatures,7,M40124,DESCARTES MAIN FETAL CILIATED EPITHELIAL CELLS,,-4,3.7,4.9,16475,531,101,12,12,3.2,5891|8100|8900|11063|54760|79025|115399|127700|147744|164781|254173|256329,MOK|IFT88|CCNA1|SOX30|PCSK4|FNDC11|LRRC56|OSCP1|TMEM190|DAW1|TTLL10|LMNTD2,0,Testes Size
DisGeNET,35,C0028960,Oligospermia,,-3.2,5.8,4.9,16475,170,101,6,5.9,2.4,1618|8900|66037|84944|124404|221400,DAZL|CCNA1|BOLL|MAEL|SEPTIN12|TDRD6,0,Testes Size
DisGeNET,35,C4021107,Non-obstructive azoospermia,,-2.9,6.2,4.7,16475,131,101,5,5,2.2,11063|66037|84225|124404|402381,SOX30|BOLL|ZMYND15|SEPTIN12|SOHLH1,0,Testes Size
DisGeNET,35,C0004509,Azoospermia,,-2.8,4.7,4.2,16475,207,101,6,5.9,2.4,1618|8900|66037|84225|124404|402381,DAZL|CCNA1|BOLL|ZMYND15|SEPTIN12|SOHLH1,0,Testes Size
DisGeNET,35,C0153594,Malignant neoplasm of testis,,-2.7,4.6,4.2,16475,212,101,6,5.9,2.4,8900|56163|56164|56165|84660|163589,CCNA1|RNF17|STK31|TDRD1|CCDC62|TDRD5,0,Testes Size
Transcription Factor Targets,16,M40836,PCGF6 TARGET GENES,,-2.4,9.1,4.7,16475,54,101,3,3,1.7,51265|127700|144715,CDKL3|OSCP1|RAD9B,0,Testes Size
Cell Type Signatures,7,M40241,DESCARTES FETAL LUNG CILIATED EPITHELIAL CELLS,,-2.3,3,3.3,16475,438,101,8,7.9,2.7,8900|11063|84645|115399|127700|147744|164781|254173,CCNA1|SOX30|C22orf23|LRRC56|OSCP1|TMEM190|DAW1|TTLL10,0,Testes Size
Transcription Factor Targets,16,M17692,RNCTGNYNRNCTGNY UNKNOWN,,-2.1,7.6,4.2,16475,64,101,3,3,1.7,8326|84215|165721,FZD9|ZNF541|DNAJB8,0,Testes Size
Cell Type Signatures,7,M40078,DESCARTES MAIN FETAL SLC26A4 PAEP POSITIVE CELLS,,-2,3.9,3.3,16475,209,101,5,5,2.2,6676|9631|84215|137392|144715,SPAG4|NUP155|ZNF541|CIBAR1|RAD9B,0,Testes Size
