_MEMBER_Acelerated,_MEMBER_Conserved,_LogP_Acelerated,_LogP_Conserved,GO,_PATTERN_,_RANK_,GiniIndex,Category,CategoryID,Description,PARENT_GO,LogP,Enrichment,Z-score,#TotalGeneInLibrary,#GeneInGO,#GeneInHitList,#GeneInGOAndHitList,%InGO,STDV %InGO,GeneID,Hits,Log(q-value),EvidenceCutoff
0,1,0,-4.4,C0036069,M01,1,0,DisGeNET,35,Saldino-Noonan Syndrome,,-4.4,12,7.3,16474,16,421,5,1.2,0.53,26160|57539|57560|79659|90226,IFT172|WDR35|IFT80|DYNC2H1|UCN2,-0.26,0
0,1,0,-4.4,C4277690,M01,1,0,DisGeNET,35,Ciliopathies,,-4.4,3.1,5,16474,217,421,17,4,0.96,1080|1611|2302|5294|8100|26160|28981|51524|57539|57560|79659|79989|90226|115399|124590|137392|219844,CFTR|DAP|FOXJ1|PIK3CG|IFT88|IFT172|IFT81|TMEM138|WDR35|IFT80|DYNC2H1|TTC26|UCN2|LRRC56|USH1G|CIBAR1|HYLS1,-0.26,0
0,1,0,-4.3,C0265275,M01,1,0,DisGeNET,35,Jeune thoracic dystrophy,,-4.3,8.7,6.5,16474,27,421,6,1.4,0.58,26160|28981|57539|57560|79659|90226,IFT172|IFT81|WDR35|IFT80|DYNC2H1|UCN2,-0.26,0
0,1,0,-3.9,C0036996,M01,1,0,DisGeNET,35,Short Rib-Polydactyly Syndrome,,-3.9,9.8,6.4,16474,20,421,5,1.2,0.53,26160|57539|57560|79659|90226,IFT172|WDR35|IFT80|DYNC2H1|UCN2,-0.23,0
0,1,0,-3.8,C0432195,M01,1,0,DisGeNET,35,Short rib dysplasia,,-3.8,23,8.1,16474,5,421,3,0.71,0.41,57539|57560|79659,WDR35|IFT80|DYNC2H1,-0.23,0
0,1,0,-3.8,C2910340,M01,1,0,DisGeNET,35,Asphyxiating thoracic dysplasia [Jeune],,-3.8,23,8.1,16474,5,421,3,0.71,0.41,57539|57560|79659,WDR35|IFT80|DYNC2H1,-0.23,0
0,1,0,-3.7,C0021364,M01,1,0,DisGeNET,35,Male infertility,,-3.7,2.2,4.2,16474,419,421,24,5.7,1.1,627|1080|1588|1618|4313|5294|6607|8632|8900|11063|11159|25981|50807|51533|54456|56159|56165|66037|79893|84660|219743|221400|353500|647060,BDNF|CFTR|CYP19A1|DAZL|MMP2|PIK3CG|SMN2|DNAH17|CCNA1|SOX30|RABL2A|DNAH1|ASAP1|PHF7|MOV10L1|TEX11|TDRD1|BOLL|GGNBP2|CCDC62|TYSND1|TDRD6|BMP8A|SPATA31A1,-0.21,0
0,1,0,-3.6,C0426805,M01,1,0,DisGeNET,35,Hooked clavicle,,-3.6,12,6.4,16474,13,421,4,0.95,0.47,6497|26160|28981|79659,SKI|IFT172|IFT81|DYNC2H1,-0.21,0
1,0,-3.5,0,C0015674,M10,1,0,DisGeNET,35,Chronic Fatigue Syndrome,,-3.5,3.5,4.5,16474,96,541,11,2,0.61,270|2219|2643|3363|3553|4153|4656|4916|6041|6783|54474,AMPD1|FCN1|GCH1|HTR7|IL1B|MBL2|MYOG|NTRK3|RNASEL|SULT1E1|KRT20,-0.21,0
0,1,0,-3.5,C0269133,M01,1,0,DisGeNET,35,Urethrovaginal fistula,,-3.5,20,7.4,16474,6,421,3,0.71,0.41,57539|57560|79659,WDR35|IFT80|DYNC2H1,-0.21,0
0,1,0,-3.5,C0432197,M01,1,0,DisGeNET,35,"Short rib-polydactyly syndrome, Verma-Naumoff type",,-3.5,20,7.4,16474,6,421,3,0.71,0.41,57539|57560|79659,WDR35|IFT80|DYNC2H1,-0.21,0
0,1,0,-3.5,C0025995,M01,1,0,DisGeNET,35,Micromelia,,-3.5,4.1,4.7,16474,85,421,9,2.1,0.7,4038|4921|26160|28981|51025|57539|57560|79659|219844,LRP4|DDR2|IFT172|IFT81|PAM16|WDR35|IFT80|DYNC2H1|HYLS1,-0.21,0
0,1,0,-3.3,C4021525,M01,1,0,DisGeNET,35,Abnormal pelvis bone ossification,,-3.3,17,6.8,16474,7,421,3,0.71,0.41,57539|57560|79659,WDR35|IFT80|DYNC2H1,-0.031,0
0,1,0,-3.2,C0426817,M01,1,0,DisGeNET,35,Short ribs,,-3.2,4.8,4.7,16474,57,421,7,1.7,0.62,4921|26160|28981|51025|57539|57560|79659,DDR2|IFT172|IFT81|PAM16|WDR35|IFT80|DYNC2H1,-0.022,0
1,0,-3.2,0,C0035613,M10,1,0,DisGeNET,35,Rift Valley Fever,,-3.2,5.5,4.8,16474,33,541,6,1.1,0.45,309|3454|3553|9402|84959|148022,ANXA6|IFNAR1|IL1B|GRAP2|UBASH3B|TICAM1,-0.022,0
1,0,-3.2,0,C1832097,M10,1,0,DisGeNET,35,EPIDERMAL DIFFERENTIATION COMPLEX,,-3.2,5.5,4.8,16474,33,541,6,1.1,0.45,1673|3553|6707|54544|57115|653145,DEFB4A|IL1B|SPRR3|CRCT1|PGLYRP4|ANXA8,-0.022,0
1,0,-3.1,0,C0276447,M10,1,0,DisGeNET,35,Rhinovirus infection,,-3.1,2.6,3.9,16474,176,541,15,2.8,0.71,1673|3454|3553|3683|4153|5298|6041|9402|10446|11221|11266|23586|64135|64689|148022,DEFB4A|IFNAR1|IL1B|ITGAL|MBL2|PI4KB|RNASEL|GRAP2|LRRN2|DUSP10|DUSP12|RIGI|IFIH1|GORASP1|TICAM1,-0.0058,0
0,1,0,-3.1,C0152427,M01,1,0,DisGeNET,35,Polydactyly,,-3.1,3,4.1,16474,157,421,12,2.9,0.81,3586|4038|7704|8100|26160|51524|57539|57560|79659|90226|137392|219844,IL10|LRP4|ZBTB16|IFT88|IFT172|TMEM138|WDR35|IFT80|DYNC2H1|UCN2|CIBAR1|HYLS1,-0.0058,0
0,1,0,-3.1,C0027832,M01,1,0,DisGeNET,35,Neurofibromatosis 2,,-3.1,3.6,4.2,16474,97,421,9,2.1,0.7,613|1588|3586|3976|3985|4040|5294|8314|57120,BCR|CYP19A1|IL10|LIF|LIMK2|LRP6|PIK3CG|BAP1|GOPC,-0.0033,0
0,1,0,-3.1,C0266393,M01,1,0,DisGeNET,35,Congenital duplication of uterus,,-3.1,15,6.3,16474,8,421,3,0.71,0.41,57539|57560|79659,WDR35|IFT80|DYNC2H1,-0.0033,0
0,1,0,-3.1,C0339864,M01,1,0,DisGeNET,35,Bifid epiglottis,,-3.1,15,6.3,16474,8,421,3,0.71,0.41,57539|57560|79659,WDR35|IFT80|DYNC2H1,-0.0033,0
0,1,0,-2.9,C0024507,M01,1,0,DisGeNET,35,Majewski Syndrome,,-2.9,8.2,5.1,16474,19,421,4,0.95,0.47,26160|57539|57560|79659,IFT172|WDR35|IFT80|DYNC2H1,0,0
0,1,0,-2.9,C0236848,M01,1,0,DisGeNET,35,Age-related cognitive decline,,-2.9,8.2,5.1,16474,19,421,4,0.95,0.47,351|627|6653|7913,APP|BDNF|SORL1|DEK,0,0
0,1,0,-2.9,C1832983,M01,1,0,DisGeNET,35,Absent or minimally ossified vertebral bodies,,-2.9,13,5.9,16474,9,421,3,0.71,0.41,57539|57560|79659,WDR35|IFT80|DYNC2H1,0,0
0,1,0,-2.8,C0266231,M01,1,0,DisGeNET,35,Ectopic anus,,-2.8,7.8,4.9,16474,20,421,4,0.95,0.47,4222|57539|57560|79659,MEOX1|WDR35|IFT80|DYNC2H1,0,0
0,1,0,-2.8,C0949445,M01,1,0,DisGeNET,35,Cervical Dystonia,,-2.8,7.8,4.9,16474,20,421,4,0.95,0.47,627|6607|10749|29965,BDNF|SMN2|KIF1C|CDIP1,0,0
0,1,0,-2.8,C1846439,M01,1,0,DisGeNET,35,Hypoplasia of the odontoid process,,-2.8,7.8,4.9,16474,20,421,4,0.95,0.47,2588|3955|4921|79659,GALNS|LFNG|DDR2|DYNC2H1,0,0
1,0,-2.8,0,C2103602,M10,1,0,DisGeNET,35,Autoimmune Primary Adrenal Insufficiency,,-2.8,4.7,4.2,16474,39,541,6,1.1,0.45,54414|60468|64135|84636|115352|100507436,SIAE|BACH2|IFIH1|GPR174|FCRL3|MICA,0,0
0,1,0,-2.8,C1840077,M01,1,0,DisGeNET,35,Anteverted nostril,,-2.8,2.2,3.5,16474,322,421,18,4.3,0.99,2979|3955|5158|6094|6497|8100|9409|9772|11284|26160|27229|51025|51524|57539|79797|92211|150094|219844,GUCA1B|LFNG|PDE6B|ROM1|SKI|IFT88|PEX16|TMEM94|PNKP|IFT172|TUBGCP4|PAM16|TMEM138|WDR35|ZNF408|CDHR1|SIK1|HYLS1,0,0
0,1,0,-2.8,C0795690,M01,1,0,DisGeNET,35,Congenital omphalocele,,-2.8,4,4.1,16474,68,421,7,1.7,0.62,4313|28981|57539|57560|79659|158326|219844,MMP2|IFT81|WDR35|IFT80|DYNC2H1|FREM1|HYLS1,0,0
0,1,0,-2.7,C0346388,M01,1,0,DisGeNET,35,Malignant melanoma of choroid,,-2.7,7.5,4.8,16474,21,421,4,0.95,0.47,4313|4921|5294|8314,MMP2|DDR2|PIK3CG|BAP1,0,0
0,1,0,-2.7,C3888788,M01,1,0,DisGeNET,35,Minimal hepatic encephalopathy,,-2.7,7.1,4.6,16474,22,421,4,0.95,0.47,627|5294|57120|127700,BDNF|PIK3CG|GOPC|OSCP1,0,0
1,0,-2.6,0,C0271737,M10,1,0,DisGeNET,35,Addison's disease due to autoimmunity,,-2.6,4.4,4,16474,42,541,6,1.1,0.45,54414|60468|64135|84636|115352|100507436,SIAE|BACH2|IFIH1|GPR174|FCRL3|MICA,0,0
0,1,0,-2.6,C0013069,M01,1,0,DisGeNET,35,Double Outlet Right Ventricle,,-2.6,5.3,4.2,16474,37,421,5,1.2,0.53,1889|4313|8100|9772|115399,ECE1|MMP2|IFT88|TMEM94|LRRC56,0,0
0,1,0,-2.6,C1865186,M01,1,0,DisGeNET,35,Bell-shaped thorax,,-2.6,6.8,4.5,16474,23,421,4,0.95,0.47,4921|26160|51025|79659,DDR2|IFT172|PAM16|DYNC2H1,0,0
1,0,-2.6,0,C3264382,M10,1,0,DisGeNET,35,Swine influenza virus (viruses that normally cause infections in pigs),,-2.6,10,5.1,16474,9,541,3,0.55,0.32,3434|3553|23586,IFIT1|IL1B|RIGI,0,0
0,1,0,-2.6,C0042834,M01,1,0,DisGeNET,35,Vital capacity,,-2.6,2.1,3.3,16474,336,421,18,4.3,0.99,1295|1588|1739|3344|5168|6094|6497|7704|7871|8872|9736|23245|23301|56603|64282|79058|203238|285489,COL8A1|CYP19A1|DLG1|FOXN2|ENPP2|ROM1|SKI|ZBTB16|SLMAP|CDC123|USP34|ASTN2|EHBP1|CYP26B1|TENT4B|ASPSCR1|CCDC171|DOK7,0,0
0,1,0,-2.5,C0026499,M01,1,0,DisGeNET,35,Monosomy,,-2.5,2.7,3.5,16474,161,421,11,2.6,0.78,351|613|3486|3558|3586|5294|6497|7301|8314|10234|51155,APP|BCR|IGFBP3|IL2|IL10|PIK3CG|SKI|TYRO3|BAP1|LRRC17|JPT1,0,0
0,1,0,-2.5,C1843637,M01,1,0,DisGeNET,35,Neck flexor weakness,,-2.5,6.5,4.4,16474,24,421,4,0.95,0.47,2992|4038|246243|285489,GYG1|LRP4|RNASEH1|DOK7,0,0
0,1,0,-2.5,C1854912,M01,1,0,DisGeNET,35,Short long bone,,-2.5,5,4.1,16474,39,421,5,1.2,0.53,4921|26160|51025|57539|79659,DDR2|IFT172|PAM16|WDR35|DYNC2H1,0,0
0,1,0,-2.5,C4024818,M01,1,0,DisGeNET,35,Progressive night blindness,,-2.5,3.7,3.7,16474,75,421,7,1.7,0.62,2979|5158|6094|8100|26160|79797|92211,GUCA1B|PDE6B|ROM1|IFT88|IFT172|ZNF408|CDHR1,0,0
0,1,0,-2.5,C1862475,M01,1,0,DisGeNET,35,Abnormality of retinal pigmentation,,-2.5,2.5,3.4,16474,187,421,12,2.9,0.81,2979|5146|5158|6094|8100|9409|26160|27229|57560|79659|79797|92211,GUCA1B|PDE6C|PDE6B|ROM1|IFT88|PEX16|IFT172|TUBGCP4|IFT80|DYNC2H1|ZNF408|CDHR1,0,0
1,0,-2.5,0,C3694279,M10,1,0,DisGeNET,35,Middle East Respiratory Syndrome,,-2.5,4.1,3.8,16474,45,541,6,1.1,0.45,1673|3553|6041|10045|23586|64135,DEFB4A|IL1B|RNASEL|SH2D3A|RIGI|IFIH1,0,0
1,0,-2.4,0,C0342386,M10,1,0,DisGeNET,35,Follicle stimulating hormone deficiency,,-2.4,9.1,4.7,16474,10,541,3,0.55,0.32,668|5449|5626,FOXL2|POU1F1|PROP1,0,0
0,1,0,-2.4,C3489733,M01,1,0,DisGeNET,35,Oculomotor apraxia,,-2.4,3.5,3.6,16474,78,421,7,1.7,0.62,351|613|6653|11284|22907|51524|219844,APP|BCR|SORL1|PNKP|DHX30|TMEM138|HYLS1,0,0
0,1,0,-2.4,C0597984,M01,1,0,DisGeNET,35,Biliary stricture,,-2.4,9,4.7,16474,13,421,3,0.71,0.41,3586|4313|11004,IL10|MMP2|KIF2C,0,0
0,1,0,-2.4,C2678439,M01,1,0,DisGeNET,35,CRANIOOSTEOARTHROPATHY,,-2.4,9,4.7,16474,13,421,3,0.71,0.41,5891|6363|6387,MOK|CCL19|CXCL12,0,0
1,0,-2.4,0,C1096184,M10,1,0,DisGeNET,35,West Nile viral infection,,-2.4,2.6,3.3,16474,131,541,11,2,0.61,199|3111|3454|3553|4061|4153|5806|6041|23586|64135|84868,AIF1|HLA-DOA|IFNAR1|IL1B|LY6E|MBL2|PTX3|RNASEL|RIGI|IFIH1|HAVCR2,0,0
0,1,0,-2.4,C0349218,M01,1,0,DisGeNET,35,Recurrent depressive disorder,,-2.4,6,4.1,16474,26,421,4,0.95,0.47,627|1735|3558|8399,BDNF|DIO3|IL2|PLA2G10,0,0
0,1,0,-2.4,C2938905,M01,1,0,DisGeNET,35,Central Nervous System Sensitization,,-2.4,6,4.1,16474,26,421,4,0.95,0.47,627|3586|4313|5294,BDNF|IL10|MMP2|PIK3CG,0,0
0,1,0,-2.4,C1262048,M01,1,0,DisGeNET,35,Glial scar,,-2.4,4.7,3.8,16474,42,421,5,1.2,0.53,351|3976|4313|5294|5891,APP|LIF|MMP2|PIK3CG|MOK,0,0
0,1,0,-2.3,C0001144,M01,1,0,DisGeNET,35,Acne Vulgaris,,-2.3,3.4,3.5,16474,81,421,7,1.7,0.62,627|1588|2588|3586|4023|4313|5467,BDNF|CYP19A1|GALNS|IL10|LPL|MMP2|PPARD,0,0
1,0,-2.3,0,C0265202,M10,1,0,DisGeNET,35,Seckel syndrome,,-2.3,3.8,3.6,16474,48,541,6,1.1,0.45,990|1062|2184|3981|4998|9402,CDC6|CENPE|FAH|LIG4|ORC1|GRAP2,0,0
1,0,-2.3,0,C0018378,M10,1,0,DisGeNET,35,Guillain-Barre Syndrome,,-2.3,2.5,3.2,16474,134,541,11,2,0.61,911|913|1272|3111|3553|3683|4153|8991|9402|115352|100049587,CD1C|CD1E|CNTN1|HLA-DOA|IL1B|ITGAL|MBL2|SELENBP1|GRAP2|FCRL3|SIGLEC14,0,0
0,1,0,-2.3,C0266435,M01,1,0,DisGeNET,35,Congenital hypoplasia of penis,,-2.3,2.4,3.2,16474,197,421,12,2.9,0.81,2969|2979|5158|6094|6497|8100|26160|57539|57560|79659|79797|92211,GTF2I|GUCA1B|PDE6B|ROM1|SKI|IFT88|IFT172|WDR35|IFT80|DYNC2H1|ZNF408|CDHR1,0,0
0,1,0,-2.3,C0024449,M01,1,0,DisGeNET,35,Mycetoma,,-2.3,8.4,4.5,16474,14,421,3,0.71,0.41,3586|4313|64806,IL10|MMP2|IL25,0,0
0,1,0,-2.3,C4288892,M01,1,0,DisGeNET,35,Infant Acute Undifferentiated Leukemia,,-2.3,8.4,4.5,16474,14,421,3,0.71,0.41,613|7913|8021,BCR|DEK|NUP214,0,0
0,1,0,-2.3,C0426789,M01,1,0,DisGeNET,35,Short thorax,,-2.3,4.4,3.7,16474,44,421,5,1.2,0.53,3955|26160|57539|57560|79659,LFNG|IFT172|WDR35|IFT80|DYNC2H1,0,0
1,0,-2.3,0,C0022541,M10,1,0,DisGeNET,35,Kearns-Sayre syndrome,,-2.3,5.5,3.9,16474,22,541,4,0.74,0.37,3553|5225|9043|10891,IL1B|PGC|SPAG9|PPARGC1A,0,0
1,0,-2.3,0,C2609253,M10,1,0,DisGeNET,35,Macrovascular disease,,-2.3,5.5,3.9,16474,22,541,4,0.74,0.37,2244|2641|2643|5715,FGB|GCG|GCH1|PSMD9,0,0
0,1,0,-2.2,C4021626,M01,1,0,DisGeNET,35,Lethal skeletal dysplasia,,-2.2,7.8,4.3,16474,15,421,3,0.71,0.41,57539|57560|79659,WDR35|IFT80|DYNC2H1,0,0
0,1,0,-2.2,C4551596,M01,1,0,DisGeNET,35,Abnormal renal morphology,,-2.2,5.4,3.8,16474,29,421,4,0.95,0.47,1080|4038|11146|54487,CFTR|LRP4|GLMN|DGCR8,0,0
0,1,0,-2.2,C1277241,M01,1,0,DisGeNET,35,Delayed myelination,,-2.2,3.2,3.3,16474,85,421,7,1.7,0.62,11284|22907|23404|54496|55904|84153|150094,PNKP|DHX30|EXOSC2|PRMT7|KMT2E|RNASEH2C|SIK1,0,0
0,1,0,-2.2,C0032897,M01,1,0,DisGeNET,35,Prader-Willi Syndrome,,-2.2,2.7,3.2,16474,130,421,9,2.1,0.7,613|627|1735|5294|5524|6607|9883|57730|342096,BCR|BDNF|DIO3|PIK3CG|PTPA|SMN2|POM121|ANKRD36B|GOLGA6A,0,0
0,1,0,-2.2,C2347126,M01,1,0,DisGeNET,35,Microscopic Polyarteritis,,-2.2,3.6,3.4,16474,65,421,6,1.4,0.58,1080|3558|3586|3976|5294|5378,CFTR|IL2|IL10|LIF|PIK3CG|PMS1,0,0
0,1,0,-2.2,C0751882,M01,1,0,DisGeNET,35,"Myasthenic Syndromes, Congenital",,-2.2,4.2,3.5,16474,47,421,5,1.2,0.53,1611|3187|4038|6607|285489,DAP|HNRNPH1|LRP4|SMN2|DOK7,0,0
0,1,0,-2.2,C0156369,M01,1,0,DisGeNET,35,Uterine Polyp,,-2.2,5.2,3.7,16474,30,421,4,0.95,0.47,1588|1677|3486|4313,CYP19A1|DFFB|IGFBP3|MMP2,0,0
0,1,0,-2.2,C4021786,M01,1,0,DisGeNET,35,Atypical scarring of skin,,-2.2,3.1,3.3,16474,87,421,7,1.7,0.62,2979|5158|6094|8100|26160|79797|92211,GUCA1B|PDE6B|ROM1|IFT88|IFT172|ZNF408|CDHR1,0,0
0,1,0,-2.1,C1851710,M01,1,0,DisGeNET,35,LATERAL MENINGOCELE SYNDROME,,-2.1,3.5,3.3,16474,67,421,6,1.4,0.58,1611|5294|7301|7871|9961|10970,DAP|PIK3CG|TYRO3|SLMAP|MVP|CKAP4,0,0
0,1,0,-2.1,C1863753,M01,1,0,DisGeNET,35,LIMB-MAMMARY SYNDROME,,-2.1,3.5,3.3,16474,67,421,6,1.4,0.58,1611|5294|7301|7871|9961|10970,DAP|PIK3CG|TYRO3|SLMAP|MVP|CKAP4,0,0
0,1,0,-2.1,C1720816,M01,1,0,DisGeNET,35,Endometrial Diseases,,-2.1,7.3,4.1,16474,16,421,3,0.71,0.41,1588|4313|6387,CYP19A1|MMP2|CXCL12,0,0
1,0,-2.1,0,C0867389,M10,1,0,DisGeNET,35,Chronic graft-versus-host disease,,-2.1,2.1,2.9,16474,203,541,14,2.6,0.68,142|695|3434|3553|4063|5806|7403|10561|11270|23586|54474|84868|115352|100507436,PARP1|BTK|IFIT1|IL1B|LY9|PTX3|KDM6A|IFI44|NRM|RIGI|KRT20|HAVCR2|FCRL3|MICA,0,0
0,1,0,-2.1,C1837482,M01,1,0,DisGeNET,35,Thoracic hypoplasia,,-2.1,5,3.7,16474,31,421,4,0.95,0.47,4921|26160|28981|79659,DDR2|IFT172|IFT81|DYNC2H1,0,0
0,1,0,-2.1,C1849937,M01,1,0,DisGeNET,35,Disproportionate short-limb short stature,,-2.1,5,3.7,16474,31,421,4,0.95,0.47,4921|57539|57560|79659,DDR2|WDR35|IFT80|DYNC2H1,0,0
1,0,-2.1,0,C0019100,M10,1,0,DisGeNET,35,Severe Dengue,,-2.1,2.6,3,16474,105,541,9,1.7,0.55,3553|4153|5806|8615|23586|23601|26095|64135|100507436,IL1B|MBL2|PTX3|USO1|RIGI|CLEC5A|PTPN20|IFIH1|MICA,0,0
1,0,-2.1,0,C3495801,M10,1,0,DisGeNET,35,Granulomatosis with polyangiitis,,-2.1,2.6,3,16474,105,541,9,1.7,0.55,671|695|1673|3553|5371|5806|8615|10891|54474,BPI|BTK|DEFB4A|IL1B|PML|PTX3|USO1|PPARGC1A|KRT20,0,0
1,0,-2.1,0,C0854211,M10,1,0,DisGeNET,35,Bacterial keratitis,,-2.1,7,4,16474,13,541,3,0.55,0.32,3553|54498|85320,IL1B|SMOX|ABCC11,0,0
1,0,-2.1,0,C1859775,M10,1,0,DisGeNET,35,Anterior pituitary hypoplasia,,-2.1,7,4,16474,13,541,3,0.55,0.32,5449|5626|9915,POU1F1|PROP1|ARNT2,0,0
0,1,0,-2.1,C0872084,M01,1,0,DisGeNET,35,Sarcopenia,,-2.1,2.6,3,16474,136,421,9,2.1,0.7,498|3558|3586|4792|5294|5562|6607|9927|79058,ATP5F1A|IL2|IL10|NFKBIA|PIK3CG|PRKAA1|SMN2|MFN2|ASPSCR1,0,0
0,1,0,-2.1,C1849367,M01,1,0,DisGeNET,35,Nasal bridge wide,,-2.1,1.9,2.8,16474,348,421,17,4,0.96,2969|2979|5158|6094|6497|7140|8100|9409|9772|26160|27229|54496|57539|79659|79797|92211|158326,GTF2I|GUCA1B|PDE6B|ROM1|SKI|TNNT3|IFT88|PEX16|TMEM94|IFT172|TUBGCP4|PRMT7|WDR35|DYNC2H1|ZNF408|CDHR1|FREM1,0,0
1,0,-2.1,0,C0162823,M10,1,0,DisGeNET,35,"Dermatitis, Irritant",,-2.1,4.9,3.6,16474,25,541,4,0.74,0.37,873|3553|5333|10107,CBR1|IL1B|PLCD1|TRIM10,0,0
1,0,-2.1,0,C2936476,M10,1,0,DisGeNET,35,Chronic Liver Failure,,-2.1,4.9,3.6,16474,25,541,4,0.74,0.37,3431|4485|5806|56938,SP110|MST1|PTX3|BMAL2,0,0
0,1,0,-2.1,C1862265,M01,1,0,DisGeNET,35,Increased circulating gonadotropin level,,-2.1,4.9,3.6,16474,32,421,4,0.95,0.47,1080|56159|84225|402381,CFTR|TEX11|ZMYND15|SOHLH1,0,0
0,1,0,-2.1,C0035328,M01,1,0,DisGeNET,35,Retinal Vein Occlusion,,-2.1,3.4,3.2,16474,70,421,6,1.4,0.58,3558|3586|4313|6387|23462|219844,IL2|IL10|MMP2|CXCL12|HEY1|HYLS1,0,0
0,1,0,-2.1,C0086981,M01,1,0,DisGeNET,35,Sicca Syndrome,,-2.1,2.7,3,16474,114,421,8,1.9,0.67,613|1588|2969|3558|3586|4313|4792|6387,BCR|CYP19A1|GTF2I|IL2|IL10|MMP2|NFKBIA|CXCL12,0,0
1,0,-2,0,C0026269,M10,1,0,DisGeNET,35,Mitral Valve Stenosis,,-2,2.3,2.9,16474,147,541,11,2,0.61,913|3454|3553|3572|4661|5371|5806|6783|8404|9971|84868,CD1E|IFNAR1|IL1B|IL6ST|MYT1|PML|PTX3|SULT1E1|SPARCL1|NR1H4|HAVCR2,0,0
0,1,0,-2,C0234144,M01,1,0,DisGeNET,35,Dysgraphia,,-2,4.7,3.5,16474,33,421,4,0.95,0.47,351|2969|5378|6653,APP|GTF2I|PMS1|SORL1,0,0
1,0,-2,0,C1857949,M10,1,0,DisGeNET,35,Prominent metopic ridge,,-2,4.7,3.5,16474,26,541,4,0.74,0.37,990|1028|3651|58499,CDC6|CDKN1C|PDX1|ZNF462,0,0
1,0,-2,0,C1535939,M10,1,0,DisGeNET,35,Pneumocystis jiroveci pneumonia,,-2,2.3,2.8,16474,148,541,11,2,0.61,309|695|1028|3239|3553|4153|4922|23002|26136|64689|84959,ANXA6|BTK|CDKN1C|HOXD13|IL1B|MBL2|NTS|DAAM1|TES|GORASP1|UBASH3B,0,0
1,0,-2,0,C0202098,M10,1,0,DisGeNET,35,Insulin measurement,,-2,6.5,3.8,16474,14,541,3,0.55,0.32,2887|23328|53354,GRB10|SASH1|PANK1,0,0
1,0,-2,0,C0302362,M10,1,0,DisGeNET,35,Brucella melitensis infection,,-2,6.5,3.8,16474,14,541,3,0.55,0.32,3553|10404|100507436,IL1B|CPQ|MICA,0,0
1,0,-2,0,C0747820,M10,1,0,DisGeNET,35,"Malaria, antepartum",,-2,6.5,3.8,16474,14,541,3,0.55,0.32,3454|3553|23457,IFNAR1|IL1B|ABCB9,0,0
1,0,-2,0,C1136085,M10,1,0,DisGeNET,35,Monoclonal Gammapathies,,-2,3.3,3.1,16474,56,541,6,1.1,0.45,3553|3572|4063|6382|54474|415116,IL1B|IL6ST|LY9|SDC1|KRT20|PIM3,0,0
0,1,0,-2,C0476397,M01,1,0,DisGeNET,35,Electroretinogram abnormal,,-2,2.5,2.9,16474,140,421,9,2.1,0.7,2979|5146|5158|6094|8100|26160|79797|92211|124590,GUCA1B|PDE6C|PDE6B|ROM1|IFT88|IFT172|ZNF408|CDHR1|USH1G,0,0
