GO,Description,_LogP_Acelerated,_LogP_Conserved
COVID203,RNA_Vanderheiden_pHAE_48h_Up,-2.2337046932107723,0.0
COVID362,RNA_Zhang_B-cells_severe-and-moderate_Up,-2.7334534684530167,0.0
COVID127,Interactome_Stukalov_A549_72h_ORF8,-2.0139763804439625,0.0
COVID241,RNA_Lieberman_Nasopharynx_High_vs_Low_Up,-2.7899800298589903,0.0
COVID254,RNA_Wilk_CD14+Monocytes_patient-C5_Up,-2.6938499027104585,0.0
COVID040,RNA_Sun_Calu-3_24h_Up,-2.614323875565803,0.0
COVID237,Proteome_Klann_Caco-2_24h_Up,-2.774583854279332,0.0
COVID028,RNA_Lamers_intestinal-organoid_expansion_Up,-2.5468927285512293,0.0
COVID353,RNA_Zhang_Monocytes_severe-and-moderate_Up,-2.259828581623998,0.0
COVID356,RNA_Zhang_NK-cells_severe-and-moderate_Up,-2.081942339454346,0.0
COVID035,RNA_Sun_Calu-3_0h_Down,-2.4494102908079802,0.0
COVID014,RNA_Blanco-Melo_A549-low-MOI_Up,-3.921890358230978,0.0
COVID016,RNA_Blanco-Melo_Calu-3_Up,-3.0268013168319032,0.0
COVID050,RNA_Wyler_Calu-3_24h_Up,-3.1042345956279918,0.0
COVID239,RNA_Lieberman_Nasopharynx_Infected_vs_Neg_Up,-3.6119060549623168,0.0
COVID329,RNA_Wilk_CD4+T-cells_patient-C5_Up,-3.0557200741062327,0.0
COVID011,RNA_Blanco-Melo_A549-ACE2-ruxolitinib_Down,-3.884097665451122,0.0
COVID039,RNA_Sun_Calu-3_24h_Down,0.0,-2.5436735444333176
COVID165,Proteome_Stukalov_A549_72h_NSP7_Up,0.0,-2.018812371643971
COVID132,Phosphoproteome_Stukalov_A549-ACE2_6h_Down,0.0,-2.3767596536281204
