Category,CategoryID,GO,Description,PARENT_GO,LogP,Enrichment,Z-score,#TotalGeneInLibrary,#GeneInGO,#GeneInHitList,#GeneInGOAndHitList,%InGO,STDV %InGO,GeneID,Hits,Log(q-value),GeneList
COVID,200,COVID014,RNA_Blanco-Melo_A549-low-MOI_Up,,-3.9,6.1,5.6,16474,35,541,7,1.3,0.49,3431|3434|4940|8638|23586|64135|129607,SP110|IFIT1|OAS3|OASL|RIGI|IFIH1|CMPK2,-0.23,Acelerated
COVID,200,COVID011,RNA_Blanco-Melo_A549-ACE2-ruxolitinib_Down,,-3.9,2.6,4.5,16474,221,541,19,3.5,0.79,685|2243|2244|3431|3434|4061|4600|4922|4940|5371|8638|9111|10561|23586|24138|64135|129607|203859|285513,BTC|FGA|FGB|SP110|IFIT1|LY6E|MX2|NTS|OAS3|PML|OASL|NMI|IFI44|RIGI|IFIT5|IFIH1|CMPK2|ANO5|GPRIN3,-0.23,Acelerated
Cell Type Signatures,7,M40244,DESCARTES FETAL LUNG MYELOID CELLS,,-3.9,3,4.6,16474,151,541,15,2.8,0.71,911|2219|3055|3363|3394|3553|8942|23601|26279|84868|219972|283316|284415|284759|100049587,CD1C|FCN1|HCK|HTR7|IRF8|IL1B|KYNU|CLEC5A|PLA2G2D|HAVCR2|MPEG1|CD163L1|VSTM1|SIRPB2|SIGLEC14,-0.23,Acelerated
COVID,200,COVID239,RNA_Lieberman_Nasopharynx_Infected_vs_Neg_Up,,-3.6,5.5,5.1,16474,39,541,7,1.3,0.49,3431|3434|4600|4940|8638|10561|23586,SP110|IFIT1|MX2|OAS3|OASL|IFI44|RIGI,-0.21,Acelerated
DisGeNET,35,C0015674,Chronic Fatigue Syndrome,,-3.5,3.5,4.5,16474,96,541,11,2,0.61,270|2219|2643|3363|3553|4153|4656|4916|6041|6783|54474,AMPD1|FCN1|GCH1|HTR7|IL1B|MBL2|MYOG|NTRK3|RNASEL|SULT1E1|KRT20,-0.21,Acelerated
DisGeNET,35,C0035613,Rift Valley Fever,,-3.2,5.5,4.8,16474,33,541,6,1.1,0.45,309|3454|3553|9402|84959|148022,ANXA6|IFNAR1|IL1B|GRAP2|UBASH3B|TICAM1,-0.022,Acelerated
DisGeNET,35,C1832097,EPIDERMAL DIFFERENTIATION COMPLEX,,-3.2,5.5,4.8,16474,33,541,6,1.1,0.45,1673|3553|6707|54544|57115|653145,DEFB4A|IL1B|SPRR3|CRCT1|PGLYRP4|ANXA8,-0.022,Acelerated
DisGeNET,35,C0276447,Rhinovirus infection,,-3.1,2.6,3.9,16474,176,541,15,2.8,0.71,1673|3454|3553|3683|4153|5298|6041|9402|10446|11221|11266|23586|64135|64689|148022,DEFB4A|IFNAR1|IL1B|ITGAL|MBL2|PI4KB|RNASEL|GRAP2|LRRN2|DUSP10|DUSP12|RIGI|IFIH1|GORASP1|TICAM1,-0.0058,Acelerated
COVID,200,COVID050,RNA_Wyler_Calu-3_24h_Up,,-3.1,2.2,3.7,16474,275,541,20,3.7,0.81,2887|3431|3434|4061|4600|4940|5055|5371|5806|7403|8638|9043|9111|10561|11221|23586|24138|57393|64135|129607,GRB10|SP110|IFIT1|LY6E|MX2|OAS3|SERPINB2|PML|PTX3|KDM6A|OASL|SPAG9|NMI|IFI44|DUSP10|RIGI|IFIT5|CLTRN|IFIH1|CMPK2,-0.0033,Acelerated
COVID,200,COVID329,RNA_Wilk_CD4+T-cells_patient-C5_Up,,-3.1,5.2,4.6,16474,35,541,6,1.1,0.45,3434|3572|4600|4940|10561|64135,IFIT1|IL6ST|MX2|OAS3|IFI44|IFIH1,-0.00025,Acelerated
COVID,200,COVID016,RNA_Blanco-Melo_Calu-3_Up,,-3,2.2,3.7,16474,279,541,20,3.7,0.81,3431|3434|3553|4600|4940|5055|5371|5806|8638|8942|9111|10561|11221|23586|24138|51421|60468|64135|129607|730755,SP110|IFIT1|IL1B|MX2|OAS3|SERPINB2|PML|PTX3|OASL|KYNU|NMI|IFI44|DUSP10|RIGI|IFIT5|AMOTL2|BACH2|IFIH1|CMPK2|KRTAP2-3,0,Acelerated
Transcription Factor Targets,16,M8062,CDX2 Q5,,-2.8,2.4,3.6,16474,189,541,15,2.8,0.71,695|2641|7403|9202|9315|10891|23002|54474|54584|54843|60468|64135|80737|154796|219621,BTK|GCG|KDM6A|ZMYM4|NREP|PPARGC1A|DAAM1|KRT20|GNB1L|SYTL2|BACH2|IFIH1|VWA7|AMOT|CABCOCO1,0,Acelerated
DisGeNET,35,C2103602,Autoimmune Primary Adrenal Insufficiency,,-2.8,4.7,4.2,16474,39,541,6,1.1,0.45,54414|60468|64135|84636|115352|100507436,SIAE|BACH2|IFIH1|GPR174|FCRL3|MICA,0,Acelerated
COVID,200,COVID241,RNA_Lieberman_Nasopharynx_High_vs_Low_Up,,-2.8,2.6,3.6,16474,153,541,13,2.4,0.66,685|2643|3434|4940|5371|8638|10561|23033|23586|24138|58472|129607|200162,BTC|GCH1|IFIT1|OAS3|PML|OASL|IFI44|DOP1A|RIGI|IFIT5|SQOR|CMPK2|SPAG17,0,Acelerated
Cell Type Signatures,7,M39126,AIZARANI LIVER C25 KUPFFER CELLS 4,,-2.8,2.6,3.6,16474,153,541,13,2.4,0.66,199|301|911|2205|2219|3055|3109|3111|3394|3553|64092|219972|255488,AIF1|ANXA1|CD1C|FCER1A|FCN1|HCK|HLA-DMB|HLA-DOA|IRF8|IL1B|SAMSN1|MPEG1|RNF144B,0,Acelerated
Cell Type Signatures,7,M40005,BUSSLINGER ESOPHAGEAL DENDRITIC CELLS,,-2.8,2.5,3.6,16474,172,541,14,2.6,0.68,199|911|913|2205|3055|3109|3111|3553|8857|8913|23601|51192|90007|219972,AIF1|CD1C|CD1E|FCER1A|HCK|HLA-DMB|HLA-DOA|IL1B|FCGBP|CACNA1G|CLEC5A|CKLF|MIDN|MPEG1,0,Acelerated
COVID,200,COVID237,Proteome_Klann_Caco-2_24h_Up,,-2.8,3.6,3.9,16474,68,541,8,1.5,0.52,3431|3434|3694|4940|5371|8857|23586|64135,SP110|IFIT1|ITGB6|OAS3|PML|FCGBP|RIGI|IFIH1,0,Acelerated
COVID,200,COVID362,RNA_Zhang_B-cells_severe-and-moderate_Up,,-2.7,3.5,3.9,16474,69,541,8,1.5,0.52,3434|4061|4600|4940|9111|10561|28908|129607,IFIT1|LY6E|MX2|OAS3|NMI|IFI44|IGKV4-1|CMPK2,0,Acelerated
Cell Type Signatures,7,M40210,DESCARTES FETAL INTESTINE MYELOID CELLS,,-2.7,2.3,3.5,16474,195,541,15,2.8,0.71,199|911|2219|3055|3109|3111|3394|3553|8942|131450|219972|283316|284759|497189|100049587,AIF1|CD1C|FCN1|HCK|HLA-DMB|HLA-DOA|IRF8|IL1B|KYNU|CD200R1|MPEG1|CD163L1|SIRPB2|TIFAB|SIGLEC14,0,Acelerated
COVID,200,COVID254,RNA_Wilk_CD14+Monocytes_patient-C5_Up,,-2.7,3.2,3.7,16474,86,541,9,1.7,0.55,309|2352|3434|4061|4600|4940|10561|64135|129607,ANXA6|FOLR3|IFIT1|LY6E|MX2|OAS3|IFI44|IFIH1|CMPK2,0,Acelerated
DisGeNET,35,C0271737,Addison's disease due to autoimmunity,,-2.6,4.4,4,16474,42,541,6,1.1,0.45,54414|60468|64135|84636|115352|100507436,SIAE|BACH2|IFIH1|GPR174|FCRL3|MICA,0,Acelerated
COVID,200,COVID040,RNA_Sun_Calu-3_24h_Up,,-2.6,2.1,3.3,16474,260,541,18,3.3,0.77,2887|3434|4600|4940|5806|7403|8638|8942|9043|10561|11221|23586|24138|58499|60468|64135|129607|154043,GRB10|IFIT1|MX2|OAS3|PTX3|KDM6A|OASL|KYNU|SPAG9|IFI44|DUSP10|RIGI|IFIT5|ZNF462|BACH2|IFIH1|CMPK2|CNKSR3,0,Acelerated
DisGeNET,35,C3264382,Swine influenza virus (viruses that normally cause infections in pigs),,-2.6,10,5.1,16474,9,541,3,0.55,0.32,3434|3553|23586,IFIT1|IL1B|RIGI,0,Acelerated
COVID,200,COVID028,RNA_Lamers_intestinal-organoid_expansion_Up,,-2.5,2.5,3.4,16474,144,541,12,2.2,0.63,3434|4940|8638|9111|10561|23586|24138|55304|64135|64429|129607|283537,IFIT1|OAS3|OASL|NMI|IFI44|RIGI|IFIT5|SPTLC3|IFIH1|ZDHHC6|CMPK2|SLC46A3,0,Acelerated
DisGeNET,35,C3694279,Middle East Respiratory Syndrome,,-2.5,4.1,3.8,16474,45,541,6,1.1,0.45,1673|3553|6041|10045|23586|64135,DEFB4A|IL1B|RNASEL|SH2D3A|RIGI|IFIH1,0,Acelerated
Cell Type Signatures,7,M40221,DESCARTES FETAL KIDNEY MYELOID CELLS,,-2.5,2.4,3.3,16474,167,541,13,2.4,0.66,199|2219|3055|3109|8942|23601|84868|131450|170371|219972|283316|284759|497189,AIF1|FCN1|HCK|HLA-DMB|KYNU|CLEC5A|HAVCR2|CD200R1|TMEM273|MPEG1|CD163L1|SIRPB2|TIFAB,0,Acelerated
COVID,200,COVID035,RNA_Sun_Calu-3_0h_Down,,-2.4,2.5,3.3,16474,148,541,12,2.2,0.63,287|6783|9315|10144|50838|53354|55304|57509|114792|151258|154091|643394,ANK2|SULT1E1|NREP|FAM13A|TAS2R13|PANK1|SPTLC3|MTUS1|KLHL32|SLC38A11|SLC2A12|SPINK9,0,Acelerated
DisGeNET,35,C0342386,Follicle stimulating hormone deficiency,,-2.4,9.1,4.7,16474,10,541,3,0.55,0.32,668|5449|5626,FOXL2|POU1F1|PROP1,0,Acelerated
PaGenBase,36,PGB:00156,Tissue-specific: Tongue,,-2.4,4.8,3.9,16474,32,541,5,0.92,0.41,6707|10874|49860|54544|84651,SPRR3|NMU|CRNN|CRCT1|SPINK7,0,Acelerated
Transcription Factor Targets,16,M18645,MYB Q6,,-2.4,2.3,3.2,16474,188,541,14,2.6,0.68,287|389|1741|2515|6382|7403|8857|8913|9043|9645|23248|26092|27338|94134,ANK2|RHOC|DLG3|ADAM2|SDC1|KDM6A|FCGBP|CACNA1G|SPAG9|MICAL2|RPRD2|TOR1AIP1|UBE2S|ARHGAP12,0,Acelerated
DisGeNET,35,C1096184,West Nile viral infection,,-2.4,2.6,3.3,16474,131,541,11,2,0.61,199|3111|3454|3553|4061|4153|5806|6041|23586|64135|84868,AIF1|HLA-DOA|IFNAR1|IL1B|LY6E|MBL2|PTX3|RNASEL|RIGI|IFIH1|HAVCR2,0,Acelerated
Transcription Factor Targets,16,M133,TCF11 01,,-2.3,2.2,3.1,16474,192,541,14,2.6,0.68,695|3694|4661|4916|5125|5313|6492|7403|8404|9043|9315|10216|116372|144453,BTK|ITGB6|MYT1|NTRK3|PCSK5|PKLR|SIM1|KDM6A|SPARCL1|SPAG9|NREP|PRG4|LYPD1|BEST3,0,Acelerated
DisGeNET,35,C0265202,Seckel syndrome,,-2.3,3.8,3.6,16474,48,541,6,1.1,0.45,990|1062|2184|3981|4998|9402,CDC6|CENPE|FAH|LIG4|ORC1|GRAP2,0,Acelerated
DisGeNET,35,C0018378,Guillain-Barre Syndrome,,-2.3,2.5,3.2,16474,134,541,11,2,0.61,911|913|1272|3111|3553|3683|4153|8991|9402|115352|100049587,CD1C|CD1E|CNTN1|HLA-DOA|IL1B|ITGAL|MBL2|SELENBP1|GRAP2|FCRL3|SIGLEC14,0,Acelerated
Cell Type Signatures,7,M40196,DESCARTES FETAL HEART MYELOID CELLS,,-2.3,2.6,3.2,16474,116,541,10,1.8,0.58,913|2219|3055|3109|3394|23601|219972|283316|284759|100049587,CD1E|FCN1|HCK|HLA-DMB|IRF8|CLEC5A|MPEG1|CD163L1|SIRPB2|SIGLEC14,0,Acelerated
DisGeNET,35,C0022541,Kearns-Sayre syndrome,,-2.3,5.5,3.9,16474,22,541,4,0.74,0.37,3553|5225|9043|10891,IL1B|PGC|SPAG9|PPARGC1A,0,Acelerated
DisGeNET,35,C2609253,Macrovascular disease,,-2.3,5.5,3.9,16474,22,541,4,0.74,0.37,2244|2641|2643|5715,FGB|GCG|GCH1|PSMD9,0,Acelerated
COVID,200,COVID353,RNA_Zhang_Monocytes_severe-and-moderate_Up,,-2.3,2.6,3.2,16474,118,541,10,1.8,0.58,3431|3434|4061|4600|4940|8638|9111|10561|64135|129607,SP110|IFIT1|LY6E|MX2|OAS3|OASL|NMI|IFI44|IFIH1|CMPK2,0,Acelerated
Transcription Factor Targets,16,M1485,E2F1 Q3,,-2.2,2.2,3,16474,197,541,14,2.6,0.68,990|2643|4678|4849|4998|5178|8913|9125|54882|57657|57695|126328|144455|404734,CDC6|GCH1|NASP|CNOT3|ORC1|PEG3|CACNA1G|CNOT9|ANKHD1|HCN3|USP37|NDUFA11|E2F7|ANKHD1-EIF4EBP3,0,Acelerated
COVID,200,COVID203,RNA_Vanderheiden_pHAE_48h_Up,,-2.2,2.4,3.1,16474,138,541,11,2,0.61,301|3696|5055|6703|6707|9047|57115|79413|129607|148304|165679,ANXA1|ITGB8|SERPINB2|SPRR2D|SPRR3|SH2D2A|PGLYRP4|ZBED2|CMPK2|C1orf74|SPTSSB,0,Acelerated
Cell Type Signatures,7,M39148,GAO SMALL INTESTINE 24W C4 ENTEROCYTE PROGENITOR SUBTYPE 2,,-2.2,2.9,3.2,16474,85,541,8,1.5,0.52,307|795|2184|4485|4640|83661|200010|283537,ANXA4|S100G|FAH|MST1|MYO1A|MS4A8|SLC5A9|SLC46A3,0,Acelerated
DisGeNET,35,C0867389,Chronic graft-versus-host disease,,-2.1,2.1,2.9,16474,203,541,14,2.6,0.68,142|695|3434|3553|4063|5806|7403|10561|11270|23586|54474|84868|115352|100507436,PARP1|BTK|IFIT1|IL1B|LY9|PTX3|KDM6A|IFI44|NRM|RIGI|KRT20|HAVCR2|FCRL3|MICA,0,Acelerated
Transcription Factor Targets,16,M16291,YNGTTNNNATT UNKNOWN,,-2.1,1.9,2.8,16474,290,541,18,3.3,0.77,2244|3694|4656|4783|4916|5136|5506|7403|8913|9686|10225|11221|23002|25925|54843|57529|64135|154091,FGB|ITGB6|MYOG|NFIL3|NTRK3|PDE1A|PPP1R3A|KDM6A|CACNA1G|VGLL4|CD96|DUSP10|DAAM1|ZNF521|SYTL2|RTL9|IFIH1|SLC2A12,0,Acelerated
Transcription Factor Targets,16,M16722,MYB Q5 01,,-2.1,2.1,2.9,16474,204,541,14,2.6,0.68,389|2515|2981|3981|4783|9043|23248|23336|26092|57393|58499|94134|144453|348980,RHOC|ADAM2|GUCA2B|LIG4|NFIL3|SPAG9|RPRD2|SYNM|TOR1AIP1|CLTRN|ZNF462|ARHGAP12|BEST3|HCN1,0,Acelerated
DisGeNET,35,C3495801,Granulomatosis with polyangiitis,,-2.1,2.6,3,16474,105,541,9,1.7,0.55,671|695|1673|3553|5371|5806|8615|10891|54474,BPI|BTK|DEFB4A|IL1B|PML|PTX3|USO1|PPARGC1A|KRT20,0,Acelerated
DisGeNET,35,C0019100,Severe Dengue,,-2.1,2.6,3,16474,105,541,9,1.7,0.55,3553|4153|5806|8615|23586|23601|26095|64135|100507436,IL1B|MBL2|PTX3|USO1|RIGI|CLEC5A|PTPN20|IFIH1|MICA,0,Acelerated
DisGeNET,35,C0854211,Bacterial keratitis,,-2.1,7,4,16474,13,541,3,0.55,0.32,3553|54498|85320,IL1B|SMOX|ABCC11,0,Acelerated
DisGeNET,35,C1859775,Anterior pituitary hypoplasia,,-2.1,7,4,16474,13,541,3,0.55,0.32,5449|5626|9915,POU1F1|PROP1|ARNT2,0,Acelerated
COVID,200,COVID356,RNA_Zhang_NK-cells_severe-and-moderate_Up,,-2.1,2.8,3.1,16474,88,541,8,1.5,0.52,3431|3434|4061|4600|4940|8638|10561|129607,SP110|IFIT1|LY6E|MX2|OAS3|OASL|IFI44|CMPK2,0,Acelerated
Transcription Factor Targets,16,M2998,LBP1 Q6,,-2.1,2.2,2.9,16474,165,541,12,2.2,0.63,7223|9202|23002|23418|23457|26092|51042|54802|54843|84866|144453|653145,TRPC4|ZMYM4|DAAM1|CRB1|ABCB9|TOR1AIP1|ZNF593|TRIT1|SYTL2|TMEM25|BEST3|ANXA8,0,Acelerated
DisGeNET,35,C0162823,"Dermatitis, Irritant",,-2.1,4.9,3.6,16474,25,541,4,0.74,0.37,873|3553|5333|10107,CBR1|IL1B|PLCD1|TRIM10,0,Acelerated
DisGeNET,35,C2936476,Chronic Liver Failure,,-2.1,4.9,3.6,16474,25,541,4,0.74,0.37,3431|4485|5806|56938,SP110|MST1|PTX3|BMAL2,0,Acelerated
Transcription Factor Targets,16,M10936,CGGAARNGGCNG UNKNOWN,,-2.1,3.9,3.3,16474,39,541,5,0.92,0.41,5429|5884|10960|148304|339366,POLH|RAD17|LMAN2|C1orf74|ADAMTSL5,0,Acelerated
Cell Type Signatures,7,M40238,DESCARTES FETAL LUNG CSH1 CSH2 POSITIVE CELLS,,-2,2.2,2.8,16474,167,541,12,2.2,0.63,1028|4849|5178|5193|6382|7697|26013|55194|55304|81537|84914|347734,CDKN1C|CNOT3|PEG3|PEX12|SDC1|ZNF138|L3MBTL1|EVA1B|SPTLC3|SGPP1|ZNF587|SLC35B2,0,Acelerated
DisGeNET,35,C0026269,Mitral Valve Stenosis,,-2,2.3,2.9,16474,147,541,11,2,0.61,913|3454|3553|3572|4661|5371|5806|6783|8404|9971|84868,CD1E|IFNAR1|IL1B|IL6ST|MYT1|PML|PTX3|SULT1E1|SPARCL1|NR1H4|HAVCR2,0,Acelerated
Transcription Factor Targets,16,M14861,YRTCANNRCGC UNKNOWN,,-2,3.8,3.3,16474,40,541,5,0.92,0.41,9761|23085|27338|56916|245806,MLEC|ERC1|UBE2S|SMARCAD1|VGLL2,0,Acelerated
COVID,200,COVID127,Interactome_Stukalov_A549_72h_ORF8,,-2,4.7,3.5,16474,26,541,4,0.74,0.37,2243|2244|4124|4922,FGA|FGB|MAN2A1|NTS,0,Acelerated
DisGeNET,35,C1857949,Prominent metopic ridge,,-2,4.7,3.5,16474,26,541,4,0.74,0.37,990|1028|3651|58499,CDC6|CDKN1C|PDX1|ZNF462,0,Acelerated
DisGeNET,35,C1535939,Pneumocystis jiroveci pneumonia,,-2,2.3,2.8,16474,148,541,11,2,0.61,309|695|1028|3239|3553|4153|4922|23002|26136|64689|84959,ANXA6|BTK|CDKN1C|HOXD13|IL1B|MBL2|NTS|DAAM1|TES|GORASP1|UBASH3B,0,Acelerated
DisGeNET,35,C0202098,Insulin measurement,,-2,6.5,3.8,16474,14,541,3,0.55,0.32,2887|23328|53354,GRB10|SASH1|PANK1,0,Acelerated
DisGeNET,35,C0302362,Brucella melitensis infection,,-2,6.5,3.8,16474,14,541,3,0.55,0.32,3553|10404|100507436,IL1B|CPQ|MICA,0,Acelerated
DisGeNET,35,C0747820,"Malaria, antepartum",,-2,6.5,3.8,16474,14,541,3,0.55,0.32,3454|3553|23457,IFNAR1|IL1B|ABCB9,0,Acelerated
Cell Type Signatures,7,M39250,MENON FETAL KIDNEY 0 CAP MESENCHYME CELLS,,-2,3.3,3.1,16474,56,541,6,1.1,0.45,4678|4915|55814|64770|84293|116372,NASP|NTRK2|BDP1|CCDC14|PRXL2A|LYPD1,0,Acelerated
PaGenBase,36,PGB:00005,Tissue-specific: tonsil,,-2,3.3,3.1,16474,56,541,6,1.1,0.45,6703|6707|7579|49860|54544|84651,SPRR2D|SPRR3|ZSCAN20|CRNN|CRCT1|SPINK7,0,Acelerated
DisGeNET,35,C1136085,Monoclonal Gammapathies,,-2,3.3,3.1,16474,56,541,6,1.1,0.45,3553|3572|4063|6382|54474|415116,IL1B|IL6ST|LY9|SDC1|KRT20|PIM3,0,Acelerated
DisGeNET,35,C0036069,Saldino-Noonan Syndrome,,-4.4,12,7.3,16474,16,421,5,1.2,0.53,26160|57539|57560|79659|90226,IFT172|WDR35|IFT80|DYNC2H1|UCN2,-0.26,Conserved
DisGeNET,35,C4277690,Ciliopathies,,-4.4,3.1,5,16474,217,421,17,4,0.96,1080|1611|2302|5294|8100|26160|28981|51524|57539|57560|79659|79989|90226|115399|124590|137392|219844,CFTR|DAP|FOXJ1|PIK3CG|IFT88|IFT172|IFT81|TMEM138|WDR35|IFT80|DYNC2H1|TTC26|UCN2|LRRC56|USH1G|CIBAR1|HYLS1,-0.26,Conserved
DisGeNET,35,C0265275,Jeune thoracic dystrophy,,-4.3,8.7,6.5,16474,27,421,6,1.4,0.58,26160|28981|57539|57560|79659|90226,IFT172|IFT81|WDR35|IFT80|DYNC2H1|UCN2,-0.26,Conserved
DisGeNET,35,C0036996,Short Rib-Polydactyly Syndrome,,-3.9,9.8,6.4,16474,20,421,5,1.2,0.53,26160|57539|57560|79659|90226,IFT172|WDR35|IFT80|DYNC2H1|UCN2,-0.23,Conserved
DisGeNET,35,C0432195,Short rib dysplasia,,-3.8,23,8.1,16474,5,421,3,0.71,0.41,57539|57560|79659,WDR35|IFT80|DYNC2H1,-0.23,Conserved
DisGeNET,35,C2910340,Asphyxiating thoracic dysplasia [Jeune],,-3.8,23,8.1,16474,5,421,3,0.71,0.41,57539|57560|79659,WDR35|IFT80|DYNC2H1,-0.23,Conserved
DisGeNET,35,C0021364,Male infertility,,-3.7,2.2,4.2,16474,419,421,24,5.7,1.1,627|1080|1588|1618|4313|5294|6607|8632|8900|11063|11159|25981|50807|51533|54456|56159|56165|66037|79893|84660|219743|221400|353500|647060,BDNF|CFTR|CYP19A1|DAZL|MMP2|PIK3CG|SMN2|DNAH17|CCNA1|SOX30|RABL2A|DNAH1|ASAP1|PHF7|MOV10L1|TEX11|TDRD1|BOLL|GGNBP2|CCDC62|TYSND1|TDRD6|BMP8A|SPATA31A1,-0.21,Conserved
DisGeNET,35,C0426805,Hooked clavicle,,-3.6,12,6.4,16474,13,421,4,0.95,0.47,6497|26160|28981|79659,SKI|IFT172|IFT81|DYNC2H1,-0.21,Conserved
Cell Type Signatures,7,M40124,DESCARTES MAIN FETAL CILIATED EPITHELIAL CELLS,,-3.6,2.1,4,16474,531,421,28,6.7,1.2,1040|1768|2302|2588|5891|8100|8900|11063|11159|23116|25981|26160|28981|54760|57539|79025|79659|79989|84058|115399|127700|147744|164781|252884|254173|256329|286207|374618,CDS1|DNAH6|FOXJ1|GALNS|MOK|IFT88|CCNA1|SOX30|RABL2A|TOGARAM1|DNAH1|IFT172|IFT81|PCSK4|WDR35|FNDC11|DYNC2H1|TTC26|WDR54|LRRC56|OSCP1|TMEM190|DAW1|ZNF396|TTLL10|LMNTD2|CFAP157|TEX9,-0.21,Conserved
DisGeNET,35,C0432197,"Short rib-polydactyly syndrome, Verma-Naumoff type",,-3.5,20,7.4,16474,6,421,3,0.71,0.41,57539|57560|79659,WDR35|IFT80|DYNC2H1,-0.21,Conserved
DisGeNET,35,C0269133,Urethrovaginal fistula,,-3.5,20,7.4,16474,6,421,3,0.71,0.41,57539|57560|79659,WDR35|IFT80|DYNC2H1,-0.21,Conserved
DisGeNET,35,C0025995,Micromelia,,-3.5,4.1,4.7,16474,85,421,9,2.1,0.7,4038|4921|26160|28981|51025|57539|57560|79659|219844,LRP4|DDR2|IFT172|IFT81|PAM16|WDR35|IFT80|DYNC2H1|HYLS1,-0.21,Conserved
Transcription Factor Targets,16,M10921,AREB6 03,,-3.5,2.8,4.2,16474,210,421,15,3.6,0.9,351|3985|5326|7140|8632|9441|10749|11284|26261|50488|54961|55132|113251|256329|285489,APP|LIMK2|PLAGL2|TNNT3|DNAH17|MED26|KIF1C|PNKP|FBXO24|MINK1|SSH3|LARP1B|LARP4|LMNTD2|DOK7,-0.21,Conserved
DisGeNET,35,C4021525,Abnormal pelvis bone ossification,,-3.3,17,6.8,16474,7,421,3,0.71,0.41,57539|57560|79659,WDR35|IFT80|DYNC2H1,-0.031,Conserved
DisGeNET,35,C0426817,Short ribs,,-3.2,4.8,4.7,16474,57,421,7,1.7,0.62,4921|26160|28981|51025|57539|57560|79659,DDR2|IFT172|IFT81|PAM16|WDR35|IFT80|DYNC2H1,-0.022,Conserved
DisGeNET,35,C0152427,Polydactyly,,-3.1,3,4.1,16474,157,421,12,2.9,0.81,3586|4038|7704|8100|26160|51524|57539|57560|79659|90226|137392|219844,IL10|LRP4|ZBTB16|IFT88|IFT172|TMEM138|WDR35|IFT80|DYNC2H1|UCN2|CIBAR1|HYLS1,-0.0058,Conserved
DisGeNET,35,C0027832,Neurofibromatosis 2,,-3.1,3.6,4.2,16474,97,421,9,2.1,0.7,613|1588|3586|3976|3985|4040|5294|8314|57120,BCR|CYP19A1|IL10|LIF|LIMK2|LRP6|PIK3CG|BAP1|GOPC,-0.0033,Conserved
DisGeNET,35,C0339864,Bifid epiglottis,,-3.1,15,6.3,16474,8,421,3,0.71,0.41,57539|57560|79659,WDR35|IFT80|DYNC2H1,-0.0033,Conserved
DisGeNET,35,C0266393,Congenital duplication of uterus,,-3.1,15,6.3,16474,8,421,3,0.71,0.41,57539|57560|79659,WDR35|IFT80|DYNC2H1,-0.0033,Conserved
Transcription Factor Targets,16,M17692,RNCTGNYNRNCTGNY UNKNOWN,,-2.9,4.3,4.3,16474,64,421,7,1.7,0.62,7301|8326|27327|84215|113251|165721|257068,TYRO3|FZD9|TNRC6A|ZNF541|LARP4|DNAJB8|PLCXD2,0,Conserved
DisGeNET,35,C0024507,Majewski Syndrome,,-2.9,8.2,5.1,16474,19,421,4,0.95,0.47,26160|57539|57560|79659,IFT172|WDR35|IFT80|DYNC2H1,0,Conserved
DisGeNET,35,C0236848,Age-related cognitive decline,,-2.9,8.2,5.1,16474,19,421,4,0.95,0.47,351|627|6653|7913,APP|BDNF|SORL1|DEK,0,Conserved
DisGeNET,35,C1832983,Absent or minimally ossified vertebral bodies,,-2.9,13,5.9,16474,9,421,3,0.71,0.41,57539|57560|79659,WDR35|IFT80|DYNC2H1,0,Conserved
DisGeNET,35,C0266231,Ectopic anus,,-2.8,7.8,4.9,16474,20,421,4,0.95,0.47,4222|57539|57560|79659,MEOX1|WDR35|IFT80|DYNC2H1,0,Conserved
DisGeNET,35,C0949445,Cervical Dystonia,,-2.8,7.8,4.9,16474,20,421,4,0.95,0.47,627|6607|10749|29965,BDNF|SMN2|KIF1C|CDIP1,0,Conserved
DisGeNET,35,C1846439,Hypoplasia of the odontoid process,,-2.8,7.8,4.9,16474,20,421,4,0.95,0.47,2588|3955|4921|79659,GALNS|LFNG|DDR2|DYNC2H1,0,Conserved
Transcription Factor Targets,16,M30326,ZNF486 TARGET GENES,,-2.8,2.9,3.8,16474,149,421,11,2.6,0.78,22907|23060|23116|23173|23317|55749|56164|84320|340654|375748|391475,DHX30|ZNF609|TOGARAM1|METAP1|DNAJC13|CCAR1|STK31|ACBD6|LIPM|ERCC6L2|DYTN,0,Conserved
DisGeNET,35,C1840077,Anteverted nostril,,-2.8,2.2,3.5,16474,322,421,18,4.3,0.99,2979|3955|5158|6094|6497|8100|9409|9772|11284|26160|27229|51025|51524|57539|79797|92211|150094|219844,GUCA1B|LFNG|PDE6B|ROM1|SKI|IFT88|PEX16|TMEM94|PNKP|IFT172|TUBGCP4|PAM16|TMEM138|WDR35|ZNF408|CDHR1|SIK1|HYLS1,0,Conserved
Transcription Factor Targets,16,M30358,ZNF585B TARGET GENES,,-2.8,3.6,3.9,16474,87,421,8,1.9,0.67,613|1112|5378|9807|9961|11282|51667|84153,BCR|FOXN3|PMS1|IP6K1|MVP|MGAT4B|NUB1|RNASEH2C,0,Conserved
DisGeNET,35,C0795690,Congenital omphalocele,,-2.8,4,4.1,16474,68,421,7,1.7,0.62,4313|28981|57539|57560|79659|158326|219844,MMP2|IFT81|WDR35|IFT80|DYNC2H1|FREM1|HYLS1,0,Conserved
DisGeNET,35,C0346388,Malignant melanoma of choroid,,-2.7,7.5,4.8,16474,21,421,4,0.95,0.47,4313|4921|5294|8314,MMP2|DDR2|PIK3CG|BAP1,0,Conserved
DisGeNET,35,C3888788,Minimal hepatic encephalopathy,,-2.7,7.1,4.6,16474,22,421,4,0.95,0.47,627|5294|57120|127700,BDNF|PIK3CG|GOPC|OSCP1,0,Conserved
DisGeNET,35,C0013069,Double Outlet Right Ventricle,,-2.6,5.3,4.2,16474,37,421,5,1.2,0.53,1889|4313|8100|9772|115399,ECE1|MMP2|IFT88|TMEM94|LRRC56,0,Conserved
DisGeNET,35,C1865186,Bell-shaped thorax,,-2.6,6.8,4.5,16474,23,421,4,0.95,0.47,4921|26160|51025|79659,DDR2|IFT172|PAM16|DYNC2H1,0,Conserved
DisGeNET,35,C0042834,Vital capacity,,-2.6,2.1,3.3,16474,336,421,18,4.3,0.99,1295|1588|1739|3344|5168|6094|6497|7704|7871|8872|9736|23245|23301|56603|64282|79058|203238|285489,COL8A1|CYP19A1|DLG1|FOXN2|ENPP2|ROM1|SKI|ZBTB16|SLMAP|CDC123|USP34|ASTN2|EHBP1|CYP26B1|TENT4B|ASPSCR1|CCDC171|DOK7,0,Conserved
Transcription Factor Targets,16,M1607,NERF Q2,,-2.6,2.4,3.4,16474,208,421,13,3.1,0.84,2826|5294|5902|6094|7174|8729|9409|28971|51155|79815|79893|83541|84687,CCR10|PIK3CG|RANBP1|ROM1|TPP2|GBF1|PEX16|AAMDC|JPT1|NIPAL2|GGNBP2|FAM110A|PPP1R9B,0,Conserved
COVID,200,COVID039,RNA_Sun_Calu-3_24h_Down,,-2.5,2.4,3.4,16474,209,421,13,3.1,0.84,351|498|509|1429|2222|2936|3486|7913|8872|25941|29028|59277|64395,APP|ATP5F1A|ATP5F1C|CRYZ|FDFT1|GSR|IGFBP3|DEK|CDC123|TPGS2|ATAD2|NTN4|GMCL1,0,Conserved
DisGeNET,35,C0026499,Monosomy,,-2.5,2.7,3.5,16474,161,421,11,2.6,0.78,351|613|3486|3558|3586|5294|6497|7301|8314|10234|51155,APP|BCR|IGFBP3|IL2|IL10|PIK3CG|SKI|TYRO3|BAP1|LRRC17|JPT1,0,Conserved
DisGeNET,35,C1843637,Neck flexor weakness,,-2.5,6.5,4.4,16474,24,421,4,0.95,0.47,2992|4038|246243|285489,GYG1|LRP4|RNASEH1|DOK7,0,Conserved
DisGeNET,35,C1854912,Short long bone,,-2.5,5,4.1,16474,39,421,5,1.2,0.53,4921|26160|51025|57539|79659,DDR2|IFT172|PAM16|WDR35|DYNC2H1,0,Conserved
DisGeNET,35,C4024818,Progressive night blindness,,-2.5,3.7,3.7,16474,75,421,7,1.7,0.62,2979|5158|6094|8100|26160|79797|92211,GUCA1B|PDE6B|ROM1|IFT88|IFT172|ZNF408|CDHR1,0,Conserved
DisGeNET,35,C1862475,Abnormality of retinal pigmentation,,-2.5,2.5,3.4,16474,187,421,12,2.9,0.81,2979|5146|5158|6094|8100|9409|26160|27229|57560|79659|79797|92211,GUCA1B|PDE6C|PDE6B|ROM1|IFT88|PEX16|IFT172|TUBGCP4|IFT80|DYNC2H1|ZNF408|CDHR1,0,Conserved
DisGeNET,35,C3489733,Oculomotor apraxia,,-2.4,3.5,3.6,16474,78,421,7,1.7,0.62,351|613|6653|11284|22907|51524|219844,APP|BCR|SORL1|PNKP|DHX30|TMEM138|HYLS1,0,Conserved
DisGeNET,35,C2678439,CRANIOOSTEOARTHROPATHY,,-2.4,9,4.7,16474,13,421,3,0.71,0.41,5891|6363|6387,MOK|CCL19|CXCL12,0,Conserved
DisGeNET,35,C0597984,Biliary stricture,,-2.4,9,4.7,16474,13,421,3,0.71,0.41,3586|4313|11004,IL10|MMP2|KIF2C,0,Conserved
DisGeNET,35,C2938905,Central Nervous System Sensitization,,-2.4,6,4.1,16474,26,421,4,0.95,0.47,627|3586|4313|5294,BDNF|IL10|MMP2|PIK3CG,0,Conserved
DisGeNET,35,C0349218,Recurrent depressive disorder,,-2.4,6,4.1,16474,26,421,4,0.95,0.47,627|1735|3558|8399,BDNF|DIO3|IL2|PLA2G10,0,Conserved
DisGeNET,35,C1262048,Glial scar,,-2.4,4.7,3.8,16474,42,421,5,1.2,0.53,351|3976|4313|5294|5891,APP|LIF|MMP2|PIK3CG|MOK,0,Conserved
COVID,200,COVID132,Phosphoproteome_Stukalov_A549-ACE2_6h_Down,,-2.4,3.9,3.7,16474,60,421,6,1.4,0.58,1739|8021|8729|23116|23462|29028,DLG1|NUP214|GBF1|TOGARAM1|HEY1|ATAD2,0,Conserved
DisGeNET,35,C0001144,Acne Vulgaris,,-2.3,3.4,3.5,16474,81,421,7,1.7,0.62,627|1588|2588|3586|4023|4313|5467,BDNF|CYP19A1|GALNS|IL10|LPL|MMP2|PPARD,0,Conserved
DisGeNET,35,C0266435,Congenital hypoplasia of penis,,-2.3,2.4,3.2,16474,197,421,12,2.9,0.81,2969|2979|5158|6094|6497|8100|26160|57539|57560|79659|79797|92211,GTF2I|GUCA1B|PDE6B|ROM1|SKI|IFT88|IFT172|WDR35|IFT80|DYNC2H1|ZNF408|CDHR1,0,Conserved
DisGeNET,35,C0024449,Mycetoma,,-2.3,8.4,4.5,16474,14,421,3,0.71,0.41,3586|4313|64806,IL10|MMP2|IL25,0,Conserved
DisGeNET,35,C4288892,Infant Acute Undifferentiated Leukemia,,-2.3,8.4,4.5,16474,14,421,3,0.71,0.41,613|7913|8021,BCR|DEK|NUP214,0,Conserved
DisGeNET,35,C0426789,Short thorax,,-2.3,4.4,3.7,16474,44,421,5,1.2,0.53,3955|26160|57539|57560|79659,LFNG|IFT172|WDR35|IFT80|DYNC2H1,0,Conserved
DisGeNET,35,C4021626,Lethal skeletal dysplasia,,-2.2,7.8,4.3,16474,15,421,3,0.71,0.41,57539|57560|79659,WDR35|IFT80|DYNC2H1,0,Conserved
DisGeNET,35,C4551596,Abnormal renal morphology,,-2.2,5.4,3.8,16474,29,421,4,0.95,0.47,1080|4038|11146|54487,CFTR|LRP4|GLMN|DGCR8,0,Conserved
DisGeNET,35,C1277241,Delayed myelination,,-2.2,3.2,3.3,16474,85,421,7,1.7,0.62,11284|22907|23404|54496|55904|84153|150094,PNKP|DHX30|EXOSC2|PRMT7|KMT2E|RNASEH2C|SIK1,0,Conserved
DisGeNET,35,C0032897,Prader-Willi Syndrome,,-2.2,2.7,3.2,16474,130,421,9,2.1,0.7,613|627|1735|5294|5524|6607|9883|57730|342096,BCR|BDNF|DIO3|PIK3CG|PTPA|SMN2|POM121|ANKRD36B|GOLGA6A,0,Conserved
DisGeNET,35,C2347126,Microscopic Polyarteritis,,-2.2,3.6,3.4,16474,65,421,6,1.4,0.58,1080|3558|3586|3976|5294|5378,CFTR|IL2|IL10|LIF|PIK3CG|PMS1,0,Conserved
DisGeNET,35,C0751882,"Myasthenic Syndromes, Congenital",,-2.2,4.2,3.5,16474,47,421,5,1.2,0.53,1611|3187|4038|6607|285489,DAP|HNRNPH1|LRP4|SMN2|DOK7,0,Conserved
DisGeNET,35,C0156369,Uterine Polyp,,-2.2,5.2,3.7,16474,30,421,4,0.95,0.47,1588|1677|3486|4313,CYP19A1|DFFB|IGFBP3|MMP2,0,Conserved
DisGeNET,35,C4021786,Atypical scarring of skin,,-2.2,3.1,3.3,16474,87,421,7,1.7,0.62,2979|5158|6094|8100|26160|79797|92211,GUCA1B|PDE6B|ROM1|IFT88|IFT172|ZNF408|CDHR1,0,Conserved
Transcription Factor Targets,16,M12443,SRF C,,-2.1,2.5,3,16474,157,421,10,2.4,0.74,1295|5523|11284|25777|28971|54961|79797|80755|147906|199720,COL8A1|PPP2R3A|PNKP|SUN2|AAMDC|SSH3|ZNF408|AARSD1|DACT3|GGN,0,Conserved
DisGeNET,35,C1863753,LIMB-MAMMARY SYNDROME,,-2.1,3.5,3.3,16474,67,421,6,1.4,0.58,1611|5294|7301|7871|9961|10970,DAP|PIK3CG|TYRO3|SLMAP|MVP|CKAP4,0,Conserved
DisGeNET,35,C1851710,LATERAL MENINGOCELE SYNDROME,,-2.1,3.5,3.3,16474,67,421,6,1.4,0.58,1611|5294|7301|7871|9961|10970,DAP|PIK3CG|TYRO3|SLMAP|MVP|CKAP4,0,Conserved
DisGeNET,35,C1720816,Endometrial Diseases,,-2.1,7.3,4.1,16474,16,421,3,0.71,0.41,1588|4313|6387,CYP19A1|MMP2|CXCL12,0,Conserved
Cell Type Signatures,7,M40078,DESCARTES MAIN FETAL SLC26A4 PAEP POSITIVE CELLS,,-2.1,2.2,2.9,16474,209,421,12,2.9,0.81,6676|8872|9191|9631|29965|64282|84215|129530|137392|140687|144715|153443,SPAG4|CDC123|DEDD|NUP155|CDIP1|TENT4B|ZNF541|LYG1|CIBAR1|GCNT7|RAD9B|SRFBP1,0,Conserved
DisGeNET,35,C1849937,Disproportionate short-limb short stature,,-2.1,5,3.7,16474,31,421,4,0.95,0.47,4921|57539|57560|79659,DDR2|WDR35|IFT80|DYNC2H1,0,Conserved
DisGeNET,35,C1837482,Thoracic hypoplasia,,-2.1,5,3.7,16474,31,421,4,0.95,0.47,4921|26160|28981|79659,DDR2|IFT172|IFT81|DYNC2H1,0,Conserved
DisGeNET,35,C0872084,Sarcopenia,,-2.1,2.6,3,16474,136,421,9,2.1,0.7,498|3558|3586|4792|5294|5562|6607|9927|79058,ATP5F1A|IL2|IL10|NFKBIA|PIK3CG|PRKAA1|SMN2|MFN2|ASPSCR1,0,Conserved
DisGeNET,35,C1849367,Nasal bridge wide,,-2.1,1.9,2.8,16474,348,421,17,4,0.96,2969|2979|5158|6094|6497|7140|8100|9409|9772|26160|27229|54496|57539|79659|79797|92211|158326,GTF2I|GUCA1B|PDE6B|ROM1|SKI|TNNT3|IFT88|PEX16|TMEM94|IFT172|TUBGCP4|PRMT7|WDR35|DYNC2H1|ZNF408|CDHR1|FREM1,0,Conserved
Transcription Factor Targets,16,M40826,CIC TARGET GENES,,-2.1,2.1,2.8,16474,265,421,14,3.3,0.87,4040|4488|7871|9772|10613|51265|55367|56257|57120|79797|80185|113251|286827|374618,LRP6|MSX2|SLMAP|TMEM94|ERLIN1|CDKL3|PIDD1|MEPCE|GOPC|ZNF408|TTI2|LARP4|TRIM59|TEX9,0,Conserved
Transcription Factor Targets,16,M10206,RRAGTTGT UNKNOWN,,-2.1,2.3,2.9,16474,186,421,11,2.6,0.78,351|498|627|1112|3976|4488|10565|22907|29844|51015|93343,APP|ATP5F1A|BDNF|FOXN3|LIF|MSX2|ARFGEF1|DHX30|TFPT|ISOC1|MVB12A,0,Conserved
DisGeNET,35,C1862265,Increased circulating gonadotropin level,,-2.1,4.9,3.6,16474,32,421,4,0.95,0.47,1080|56159|84225|402381,CFTR|TEX11|ZMYND15|SOHLH1,0,Conserved
DisGeNET,35,C0035328,Retinal Vein Occlusion,,-2.1,3.4,3.2,16474,70,421,6,1.4,0.58,3558|3586|4313|6387|23462|219844,IL2|IL10|MMP2|CXCL12|HEY1|HYLS1,0,Conserved
DisGeNET,35,C0086981,Sicca Syndrome,,-2.1,2.7,3,16474,114,421,8,1.9,0.67,613|1588|2969|3558|3586|4313|4792|6387,BCR|CYP19A1|GTF2I|IL2|IL10|MMP2|NFKBIA|CXCL12,0,Conserved
Transcription Factor Targets,16,M18645,MYB Q6,,-2,2.3,2.9,16474,188,421,11,2.6,0.78,627|2992|4921|7174|8314|9409|26261|51533|55904|84944|219743,BDNF|GYG1|DDR2|TPP2|BAP1|PEX16|FBXO24|PHF7|KMT2E|MAEL|TYSND1,0,Conserved
DisGeNET,35,C0234144,Dysgraphia,,-2,4.7,3.5,16474,33,421,4,0.95,0.47,351|2969|5378|6653,APP|GTF2I|PMS1|SORL1,0,Conserved
COVID,200,COVID165,Proteome_Stukalov_A549_72h_NSP7_Up,,-2,4.7,3.5,16474,33,421,4,0.95,0.47,5378|9961|50807|92154,PMS1|MVP|ASAP1|MTSS2,0,Conserved
DisGeNET,35,C0476397,Electroretinogram abnormal,,-2,2.5,2.9,16474,140,421,9,2.1,0.7,2979|5146|5158|6094|8100|26160|79797|92211|124590,GUCA1B|PDE6C|PDE6B|ROM1|IFT88|IFT172|ZNF408|CDHR1|USH1G,0,Conserved
