_MEMBER_Accelerated,_MEMBER_Conserved,_LogP_Accelerated,_LogP_Conserved,GO,_PATTERN_,_RANK_,GiniIndex,Category,CategoryID,Description,PARENT_GO,LogP,Enrichment,Z-score,#TotalGeneInLibrary,#GeneInGO,#GeneInHitList,#GeneInGOAndHitList,%InGO,STDV %InGO,GeneID,Hits,Log(q-value),EvidenceCutoff
0,1,0,-2.6,M40128,M01,1,0,Cell Type Signatures,7,DESCARTES MAIN FETAL ISLET ENDOCRINE CELLS,,-2.6,5.2,4.1,16474,47,340,5,1.5,0.65,3375|11094|23546|23646|348487,IAPP|CACFD1|SYNGR4|PLD3|FAM131C,0,0
0,1,0,-2.6,M40196,M01,1,0,Cell Type Signatures,7,DESCARTES FETAL HEART MYELOID CELLS,,-2.6,3.3,3.7,16474,116,340,8,2.4,0.82,2322|2357|3113|4610|5657|8685|201305|643680,FLT3|FPR1|HLA-DPA1|MYCL|PRTN3|MARCO|SPNS3|MS4A4E,0,0
1,0,-2.5,0,M41710,M10,1,0,Cell Type Signatures,7,FAN OVARY CL8 MATURE CUMULUS GRANULOSA CELL 2,,-2.5,1.9,3.2,16474,473,400,22,5.5,1.1,539|1001|1622|1716|4190|4706|4716|9227|10063|10200|10541|10848|23568|29920|51529|54344|64949|81892|84326|90522|154791|192286,ATP5PO|CDH3|DBI|DGUOK|MDH1|NDUFAB1|NDUFB10|LRAT|COX17|MPHOSPH6|ANP32B|PPP1R13L|ARL2BP|PYCR2|ANAPC11|DPM3|MRPS26|SLIRP|METTL26|YIF1B|FMC1|HIGD2A,0,0
1,0,-2.4,0,M41692,M10,1,0,Cell Type Signatures,7,TRAVAGLINI LUNG MACROPHAGE CELL,,-2.4,2.5,3.3,16474,178,400,11,2.8,0.82,1508|1512|2217|2878|2921|6556|10063|10200|84419|84898|338442,CTSB|CTSH|FCGRT|GPX3|CXCL3|SLC11A1|COX17|MPHOSPH6|C15orf48|PLXDC2|HCAR2,0,0
1,0,-2.3,0,M41746,M10,1,0,Cell Type Signatures,7,RUBENSTEIN SKELETAL MUSCLE SMOOTH MUSCLE CELLS,,-2.3,2.1,3,16474,319,400,16,4,0.98,539|1622|3423|3939|4190|4698|4706|4716|6647|7414|10063|10541|28972|81892|140606|192286,ATP5PO|DBI|IDS|LDHA|MDH1|NDUFA5|NDUFAB1|NDUFB10|SOD1|VCL|COX17|ANP32B|SPCS1|SLIRP|SELENOM|HIGD2A,0,0
0,1,0,-2.2,M40298,M01,1,0,Cell Type Signatures,7,DESCARTES FETAL STOMACH CILIATED EPITHELIAL CELLS,,-2.2,2.2,3,16474,282,340,13,3.8,1,4246|6236|7802|25876|57577|80125|83450|89876|92565|122481|255119|285600|375307,SCGB2A1|RRAD|DNALI1|SPEF1|CCDC191|CCDC33|DRC3|CFAP91|FANK1|AK7|CFAP299|KIAA0825|CATIP,0,0
0,1,0,-2.1,M40124,M01,1,0,Cell Type Signatures,7,DESCARTES MAIN FETAL CILIATED EPITHELIAL CELLS,,-2.1,1.8,2.8,16474,531,340,20,5.9,1.3,4025|6049|7161|7802|9666|25876|51614|54903|57577|57718|79838|80125|83450|89876|92565|122481|255119|285600|339416|375307,LPO|RNF6|TP73|DNALI1|DZIP3|SPEF1|ERGIC3|MKS1|CCDC191|PPP4R4|TMC5|CCDC33|DRC3|CFAP91|FANK1|AK7|CFAP299|KIAA0825|ANKRD45|CATIP,0,0
1,0,-2.1,0,M40263,M10,1,0,Cell Type Signatures,7,DESCARTES FETAL PANCREAS ISLET ENDOCRINE CELLS,,-2.1,2.8,3.1,16474,116,400,8,2,0.7,10841|81693|81706|83795|164656|338557|388419|646658,FTCD|AMN|PPP1R14C|KCNK16|TMPRSS6|FFAR4|BTBD17|SYNDIG1L,0,0
1,0,-2.1,0,M39204,M10,1,0,Cell Type Signatures,7,HAY BONE MARROW NK CELLS,,-2.1,2,2.8,16474,306,400,15,3.8,0.95,101|841|924|4597|6494|7535|8631|8904|9368|26020|51246|84174|84941|142678|256356,ADAM8|CASP8|CD7|MVD|SIPA1|ZAP70|SKAP1|CPNE1|NHERF1|LRP10|SHISA5|SLA2|HSH2D|MIB2|GK5,0,0
