_MEMBER_Accelerated,_MEMBER_Conserved,_LogP_Accelerated,_LogP_Conserved,GO,_PATTERN_,_RANK_,GiniIndex,Category,CategoryID,Description,PARENT_GO,LogP,Enrichment,Z-score,#TotalGeneInLibrary,#GeneInGO,#GeneInHitList,#GeneInGOAndHitList,%InGO,STDV %InGO,GeneID,Hits,Log(q-value),EvidenceCutoff
1,0,-3.8,0,C0035243,M10,1,0,DisGeNET,35,Respiratory Tract Infections,,-3.8,3.3,4.7,16474,160,400,13,3.2,0.89,721|1673|3423|3589|4153|4204|6036|6345|6382|6647|7535|54938|100289462,C4B|DEFB4A|IDS|IL11|MBL2|MECP2|RNASE2|SRL|SDC1|SOD1|ZAP70|SARS2|DEFB4B,0,0
1,0,-3.2,0,C0001342,M10,1,0,DisGeNET,35,Acute periodontitis,,-3.2,3.5,4.3,16474,119,400,10,2.5,0.78,841|1673|2214|3663|4153|27189|55829|79148|90226|100289462,CASP8|DEFB4A|FCGR3A|IRF5|MBL2|IL17C|SELENOS|MMP28|UCN2|DEFB4B,0,0
1,0,-3.1,0,C0004943,M10,1,0,DisGeNET,35,Behcet Syndrome,,-3.1,2.1,3.7,16474,425,400,22,5.5,1.1,841|1041|1673|1991|2214|3077|3589|3663|3985|4153|4741|5005|6556|6647|6687|10244|10541|22914|23581|30835|51752|100289462,CASP8|CDSN|DEFB4A|ELANE|FCGR3A|HFE|IL11|IRF5|LIMK2|MBL2|NEFM|ORM2|SLC11A1|SOD1|SPG7|RABEPK|ANP32B|KLRK1|CASP14|CD209|ERAP1|DEFB4B,0,0
1,0,-3,0,C1112211,M10,1,0,DisGeNET,35,Hepatic Infection,,-3,8.7,5.3,16474,19,400,4,1,0.5,1041|1673|4204|100289462,CDSN|DEFB4A|MECP2|DEFB4B,0,0
1,0,-3,0,C2936349,M10,1,0,DisGeNET,35,"Plaque, Amyloid",,-3,3.5,4.1,16474,105,400,9,2.2,0.74,43|1041|1508|1522|7781|23621|84376|164656|203859,ACHE|CDSN|CTSB|CTSZ|SLC30A3|BACE1|HOOK3|TMPRSS6|ANO5,0,0
1,0,-3,0,C0474535,M10,1,0,DisGeNET,35,Mean corpuscular hemoglobin concentration determination,,-3,14,6,16474,9,400,3,0.75,0.43,3077|10767|164656,HFE|HBS1L|TMPRSS6,0,0
1,0,-2.9,0,C0011615,M10,1,0,DisGeNET,35,"Dermatitis, Atopic",,-2.9,1.8,3.4,16474,653,400,29,7.2,1.3,841|1365|1512|1673|1786|2217|3356|3497|3597|3598|4153|4909|6036|6345|6368|6556|6915|7535|9368|10244|10541|23581|27189|27352|51752|55829|56300|204219|100289462,CASP8|CLDN3|CTSH|DEFB4A|DNMT1|FCGRT|HTR2A|IGHE|IL13RA1|IL13RA2|MBL2|NTF4|RNASE2|SRL|CCL23|SLC11A1|TBXA2R|ZAP70|NHERF1|RABEPK|ANP32B|CASP14|IL17C|SGSM3|ERAP1|SELENOS|IL36G|CERS3|DEFB4B,0,0
0,1,0,-2.8,C0751378,M01,1,0,DisGeNET,35,Neurologic Signs,,-2.8,12,5.6,16474,12,340,3,0.88,0.51,2629|2668|7161,GBA1|GDNF|TP73,0,0
0,1,0,-2.8,C2938912,M01,1,0,DisGeNET,35,Hyperintensity of cerebral white matter on MRI,,-2.8,12,5.6,16474,12,340,3,0.88,0.51,191|84504|91869,AHCY|NKX6-2|RFT1,0,0
0,1,0,-2.7,C0040420,M01,1,0,DisGeNET,35,Tonometry,,-2.7,3,3.7,16474,161,340,10,2.9,0.92,4052|7802|8224|9148|23500|54536|55532|57491|84168|129080,LTBP1|DNALI1|SYN3|NEURL1|DAAM2|EXOC6|SLC30A10|AHRR|ANTXR1|EMID1,0,0
1,0,-2.7,0,C3150275,M10,1,0,DisGeNET,35,COMPLEMENT COMPONENT 2 DEFICIENCY,,-2.7,11,5.4,16474,11,400,3,0.75,0.43,717|721|4153,C2|C4B|MBL2,0,0
1,0,-2.6,0,C0031106,M10,1,0,DisGeNET,35,Aggressive Periodontitis,,-2.6,2.7,3.5,16474,168,400,11,2.8,0.82,841|1673|2214|3663|4153|27189|55829|79148|90226|130340|100289462,CASP8|DEFB4A|FCGR3A|IRF5|MBL2|IL17C|SELENOS|MMP28|UCN2|AP1S3|DEFB4B,0,0
0,1,0,-2.5,C3548479,M01,1,0,DisGeNET,35,response to bronchodilator,,-2.5,3.7,3.8,16474,92,340,7,2.1,0.77,1548|4025|4591|54903|57718|283455|285600,CYP2A6|LPO|TRIM37|MKS1|PPP4R4|KSR2|KIAA0825,0,0
1,0,-2.5,0,C1263023,M10,1,0,DisGeNET,35,Macroorchidism,,-2.5,9.5,4.8,16474,13,400,3,0.75,0.43,3973|4204|65109,LHCGR|MECP2|UPF3B,0,0
1,0,-2.4,0,C4551538,M10,1,0,DisGeNET,35,refractory multiple myeloma,,-2.4,4.8,3.9,16474,43,400,5,1.2,0.56,2217|6382|6687|10541|22914,FCGRT|SDC1|SPG7|ANP32B|KLRK1,0,0
1,0,-2.4,0,C0206750,M10,1,0,DisGeNET,35,Coronavirus Infections,,-2.4,6.1,4.2,16474,27,400,4,1,0.5,1041|4153|4599|54938,CDSN|MBL2|MX1|SARS2,0,0
0,1,0,-2.4,C1859520,M01,1,0,DisGeNET,35,Progressive spasticity,,-2.4,9.1,4.7,16474,16,340,3,0.88,0.51,4976|6904|84504,OPA1|TBCD|NKX6-2,0,0
1,0,-2.4,0,C0342751,M10,1,0,DisGeNET,35,Generalized glycogen storage disease of infants,,-2.4,4.7,3.9,16474,44,400,5,1.2,0.56,2992|3423|6647|26503|54658,GYG1|IDS|SOD1|SLC17A5|UGT1A1,0,0
1,0,-2.4,0,C0043407,M10,1,0,DisGeNET,35,Yersinia infections,,-2.4,8.8,4.6,16474,14,400,3,0.75,0.43,841|2533|9564,CASP8|FYB1|BCAR1,0,0
1,0,-2.4,0,C0085661,M10,1,0,DisGeNET,35,Onycholysis,,-2.4,8.8,4.6,16474,14,400,3,0.75,0.43,1041|3077|3909,CDSN|HFE|LAMA3,0,0
1,0,-2.4,0,C0302332,M10,1,0,DisGeNET,35,Poisoning syndrome,,-2.4,8.8,4.6,16474,14,400,3,0.75,0.43,43|1318|3077,ACHE|SLC31A2|HFE,0,0
1,0,-2.4,0,C0427064,M10,1,0,DisGeNET,35,Pelvic girdle weakness,,-2.4,8.8,4.6,16474,14,400,3,0.75,0.43,1716|54344|203859,DGUOK|DPM3|ANO5,0,0
1,0,-2.3,0,C3694279,M10,1,0,DisGeNET,35,Middle East Respiratory Syndrome,,-2.3,4.6,3.8,16474,45,400,5,1.2,0.56,1041|1673|10044|54938|100289462,CDSN|DEFB4A|SH2D3C|SARS2|DEFB4B,0,0
0,1,0,-2.3,C0241700,M01,1,0,DisGeNET,35,Voice Fatigue,,-2.3,8.6,4.5,16474,17,340,3,0.88,0.51,2629|4591|6908,GBA1|TRIM37|TBP,0,0
1,0,-2.3,0,C2939094,M10,1,0,DisGeNET,35,Skin sensitisation,,-2.3,5.7,4,16474,29,400,4,1,0.5,3497|6345|26503|27352,IGHE|SRL|SLC17A5|SGSM3,0,0
1,0,-2.2,0,C0520459,M10,1,0,DisGeNET,35,Necrotizing Enterocolitis,,-2.2,3.2,3.3,16474,89,400,7,1.8,0.66,1673|2056|2217|3589|3663|4153|100289462,DEFB4A|EPO|FCGRT|IL11|IRF5|MBL2|DEFB4B,0,0
1,0,-2.2,0,C0011991,M10,1,0,DisGeNET,35,Diarrhea,,-2.2,1.8,2.8,16474,537,400,23,5.8,1.2,1673|1991|2056|2166|3423|3589|4153|4953|7414|7535|9368|10044|10200|10244|25870|26173|26503|54658|54938|57626|257397|374286|100289462,DEFB4A|ELANE|EPO|FAAH|IDS|IL11|MBL2|ODC1|VCL|ZAP70|NHERF1|SH2D3C|MPHOSPH6|RABEPK|SUMF2|INTS1|SLC17A5|UGT1A1|SARS2|KLHL1|TAB3|FBXW10B|DEFB4B,0,0
1,0,-2.2,0,C0037315,M10,1,0,DisGeNET,35,Sleep Apnea Syndromes,,-2.2,2.9,3.2,16474,114,400,8,2,0.7,1675|2056|3423|4204|6647|6687|7414|79068,CFD|EPO|IDS|MECP2|SOD1|SPG7|VCL|FTO,0,0
0,1,0,-2.2,C1843700,M01,1,0,DisGeNET,35,Increased variability in muscle fiber diameter,,-2.2,5.2,3.7,16474,37,340,4,1.2,0.58,4976|9499|10324|22954,OPA1|MYOT|KLHL41|TRIM32,0,0
1,0,-2.1,0,C1168443,M10,1,0,DisGeNET,35,Pseudocholinesterase Measurement,,-2.1,5.1,3.7,16474,32,400,4,1,0.5,3077|10452|23621|116519,HFE|TOMM40|BACE1|APOA5,0,0
1,0,-2.1,0,C0268060,M10,1,0,DisGeNET,35,Juvenile hemochromatosis,,-2.1,7.3,4.1,16474,17,400,3,0.75,0.43,2056|3077|164656,EPO|HFE|TMPRSS6,0,0
1,0,-2.1,0,C0162674,M10,1,0,DisGeNET,35,Chronic progressive external ophthalmoplegia,,-2.1,5,3.6,16474,33,400,4,1,0.5,1716|4509|6647|6687,DGUOK|ATP8|SOD1|SPG7,0,0
1,0,-2.1,0,C0265962,M10,1,0,DisGeNET,35,Ichthyosis linearis circumflexa,,-2.1,4,3.4,16474,52,400,5,1.2,0.56,1041|1673|1991|2056|100289462,CDSN|DEFB4A|ELANE|EPO|DEFB4B,0,0
1,0,-2.1,0,C0001339,M10,1,0,DisGeNET,35,Acute pancreatitis,,-2.1,1.9,2.8,16474,368,400,17,4.2,1,1491|1508|1673|1991|2214|4153|4650|6647|7941|9807|10011|26503|27152|27352|90226|116519|100289462,CTH|CTSB|DEFB4A|ELANE|FCGR3A|MBL2|MYO9B|SOD1|PLA2G7|IP6K1|SRA1|SLC17A5|INTU|SGSM3|UCN2|APOA5|DEFB4B,0,0
0,1,0,-2.1,C1832446,M01,1,0,DisGeNET,35,Sparse eyebrow,,-2.1,6.9,3.9,16474,21,340,3,0.88,0.51,1801|6904|84168,DPH1|TBCD|ANTXR1,0,0
1,0,-2.1,0,C0404521,M10,1,0,DisGeNET,35,Infective vaginitis,,-2.1,6.9,3.9,16474,18,400,3,0.75,0.43,1673|4153|100289462,DEFB4A|MBL2|DEFB4B,0,0
1,0,-2.1,0,C0949856,M10,1,0,DisGeNET,35,Oxidative Phosphorylation Deficiencies,,-2.1,6.9,3.9,16474,18,400,3,0.75,0.43,4204|8996|55572,MECP2|NOL3|FOXRED1,0,0
1,0,-2,0,C0302486,M10,1,0,DisGeNET,35,Erythrophagocytosis,,-2,4.8,3.5,16474,34,400,4,1,0.5,1508|2214|3077|6556,CTSB|FCGR3A|HFE|SLC11A1,0,0
1,0,-2,0,C0238421,M10,1,0,DisGeNET,35,Selenium deficiency,,-2,4.7,3.5,16474,35,400,4,1,0.5,2288|2878|6647|51534,FKBP4|GPX3|SOD1|VTA1,0,0
