GO,Description,_LogP_Accelerated,_LogP_Conserved
M40298,DESCARTES FETAL STOMACH CILIATED EPITHELIAL CELLS,0.0,-2.226790859908119
M40196,DESCARTES FETAL HEART MYELOID CELLS,0.0,-2.5538996819401025
M40128,DESCARTES MAIN FETAL ISLET ENDOCRINE CELLS,0.0,-2.562199718625095
M40124,DESCARTES MAIN FETAL CILIATED EPITHELIAL CELLS,0.0,-2.136166355164765
M41692,TRAVAGLINI LUNG MACROPHAGE CELL,-2.375182324772321,0.0
M41710,FAN OVARY CL8 MATURE CUMULUS GRANULOSA CELL 2,-2.543870091545458,0.0
M39204,HAY BONE MARROW NK CELLS,-2.0938170678835095,0.0
M40263,DESCARTES FETAL PANCREAS ISLET ENDOCRINE CELLS,-2.1341535125846036,0.0
M41746,RUBENSTEIN SKELETAL MUSCLE SMOOTH MUSCLE CELLS,-2.292219478315273,0.0
