Category,CategoryID,GO,Description,PARENT_GO,LogP,Enrichment,Z-score,#TotalGeneInLibrary,#GeneInGO,#GeneInHitList,#GeneInGOAndHitList,%InGO,STDV %InGO,GeneID,Hits,Log(q-value),GeneList
GO Biological Processes,19,GO:0048525,negative regulation of viral process,19_GO:0016032 viral process,-4.2,4.1,5.2,16474,81,541,11,2,0.61,2219|3434|4061|4153|4940|5806|6041|8638|10107|24138|64135,FCN1|IFIT1|LY6E|MBL2|OAS3|PTX3|RNASEL|OASL|TRIM10|IFIT5|IFIH1,-1.1,Acelerated
Reactome Gene Sets,6,R-HSA-8983711,OAS antiviral response,,-4.1,15,7.4,16474,8,541,4,0.74,0.37,4940|6041|8638|23586,OAS3|RNASEL|OASL|RIGI,-1.1,Acelerated
GO Biological Processes,19,GO:0045087,innate immune response,19_GO:0044419 biological process involved in interspecies interaction between organisms,-3.8,1.8,4.1,16474,662,541,40,7.4,1.1,142|199|301|671|695|1113|1673|2219|2243|2244|2643|3004|3055|3394|3434|3454|4063|4153|4600|4940|5371|5753|5806|8638|8942|9111|9971|10107|23586|23601|24138|54882|56832|57115|64135|81623|84868|148022|219972|100507436,PARP1|AIF1|ANXA1|BPI|BTK|CHGA|DEFB4A|FCN1|FGA|FGB|GCH1|GZMM|HCK|IRF8|IFIT1|IFNAR1|LY9|MBL2|MX2|OAS3|PML|PTK6|PTX3|OASL|KYNU|NMI|NR1H4|TRIM10|RIGI|CLEC5A|IFIT5|ANKHD1|IFNK|PGLYRP4|IFIH1|DEFB126|HAVCR2|TICAM1|MPEG1|MICA,-0.82,Acelerated
GO Biological Processes,19,GO:0002221,pattern recognition receptor signaling pathway,19_GO:0044419 biological process involved in interspecies interaction between organisms,-3.7,3.7,4.7,16474,91,541,11,2,0.61,695|2219|4153|4940|7867|9111|9971|23586|64135|84868|148022,BTK|FCN1|MBL2|OAS3|MAPKAPK3|NMI|NR1H4|RIGI|IFIH1|HAVCR2|TICAM1,-0.76,Acelerated
GO Biological Processes,19,GO:0002758,innate immune response-activating signaling pathway,19_GO:0044419 biological process involved in interspecies interaction between organisms,-3.7,3.4,4.6,16474,107,541,12,2.2,0.63,695|2219|3055|4153|4940|7867|9111|9971|23586|64135|84868|148022,BTK|FCN1|HCK|MBL2|OAS3|MAPKAPK3|NMI|NR1H4|RIGI|IFIH1|HAVCR2|TICAM1,-0.76,Acelerated
GO Biological Processes,19,GO:0002218,activation of innate immune response,19_GO:0044419 biological process involved in interspecies interaction between organisms,-3,2.8,3.9,16474,129,541,12,2.2,0.63,695|2219|3055|4153|4940|7867|9111|9971|23586|64135|84868|148022,BTK|FCN1|HCK|MBL2|OAS3|MAPKAPK3|NMI|NR1H4|RIGI|IFIH1|HAVCR2|TICAM1,-0.23,Acelerated
GO Biological Processes,19,GO:0098907,regulation of SA node cell action potential,19_GO:0023052 signaling,-3,13,5.9,16474,7,541,3,0.55,0.32,287|57657|348980,ANK2|HCN3|HCN1,-0.23,Acelerated
Reactome Gene Sets,6,R-HSA-909733,Interferon alpha/beta signaling,,-2.9,3.8,4.1,16474,64,541,8,1.5,0.52,3394|3434|3454|4600|4940|6041|8638|24138,IRF8|IFIT1|IFNAR1|MX2|OAS3|RNASEL|OASL|IFIT5,-0.23,Acelerated
Reactome Gene Sets,6,R-HSA-389397,Orexin and neuropeptides FF and QRFP bind to their respective receptors,,-2.8,11,5.4,16474,8,541,3,0.55,0.32,3062|8620|10886,HCRTR2|NPFF|NPFFR2,-0.14,Acelerated
GO Biological Processes,19,GO:0009617,response to bacterium,19_GO:0044419 biological process involved in interspecies interaction between organisms,-2.6,1.7,3.1,16474,597,541,33,6.1,1,225|671|695|944|1113|1673|2243|2244|2277|2643|3055|3394|3454|3553|4153|4940|5179|7867|9971|10225|10561|11221|28670|57115|81623|84292|84868|129607|148022|199713|219972|497189|100507436,ABCD2|BPI|BTK|TNFSF8|CHGA|DEFB4A|FGA|FGB|VEGFD|GCH1|HCK|IRF8|IFNAR1|IL1B|MBL2|OAS3|PENK|MAPKAPK3|NR1H4|CD96|IFI44|DUSP10|TRAV13-2|PGLYRP4|DEFB126|WDR83|HAVCR2|CMPK2|TICAM1|NLRP7|MPEG1|TIFAB|MICA,-0.043,Acelerated
GO Biological Processes,19,GO:2001280,positive regulation of unsaturated fatty acid biosynthetic process,19_GO:0048518 positive regulation of biological process,-2.6,10,5.1,16474,9,541,3,0.55,0.32,225|301|3553,ABCD2|ANXA1|IL1B,-0.043,Acelerated
GO Biological Processes,19,GO:0042276,error-prone translesion synthesis,19_GO:0050896 response to stimulus,-2.6,10,5.1,16474,9,541,3,0.55,0.32,5429|11201|201973,POLH|POLI|PRIMPOL,-0.043,Acelerated
WikiPathways,27,WP98,Prostaglandin synthesis and regulation,,-2.6,4.2,3.9,16474,43,541,6,1.1,0.45,301|307|309|873|10257|10891,ANXA1|ANXA4|ANXA6|CBR1|ABCC4|PPARGC1A,-0.038,Acelerated
WikiPathways,27,WP4880,Host-pathogen interaction of human coronaviruses - interferon induction,,-2.6,5.1,4.1,16474,30,541,5,0.92,0.41,3454|4940|23586|64135|148022,IFNAR1|OAS3|RIGI|IFIH1|TICAM1,-0.038,Acelerated
GO Biological Processes,19,GO:0009615,response to virus,19_GO:0044419 biological process involved in interspecies interaction between organisms,-2.5,2,3.2,16474,308,541,20,3.7,0.81,3434|3454|3694|3696|4153|4600|4940|5179|5371|6041|8638|9111|10561|23586|24138|55763|56832|64135|148022|100507436,IFIT1|IFNAR1|ITGB6|ITGB8|MBL2|MX2|OAS3|PENK|PML|RNASEL|OASL|NMI|IFI44|RIGI|IFIT5|EXOC1|IFNK|IFIH1|TICAM1|MICA,-0.0023,Acelerated
GO Biological Processes,19,GO:0033314,mitotic DNA replication checkpoint signaling,19_GO:0023052 signaling,-2.4,9.1,4.7,16474,10,541,3,0.55,0.32,990|4998|5884,CDC6|ORC1|RAD17,0,Acelerated
GO Biological Processes,19,GO:0046597,negative regulation of viral entry into host cell,19_GO:0016032 viral process,-2.4,6.1,4.2,16474,20,541,4,0.74,0.37,2219|4061|5806|10107,FCN1|LY6E|PTX3|TRIM10,0,Acelerated
GO Biological Processes,19,GO:0071715,icosanoid transport,19_GO:0051179 localization,-2.4,4,3.7,16474,46,541,6,1.1,0.45,301|624|9376|10257|26279|85320,ANXA1|BDKRB2|SLC22A8|ABCC4|PLA2G2D|ABCC11,0,Acelerated
GO Biological Processes,19,GO:0086091,regulation of heart rate by cardiac conduction,19_GO:0032501 multicellular organismal process,-2.4,4.6,3.8,16474,33,541,5,0.92,0.41,287|1832|8913|57657|348980,ANK2|DSP|CACNA1G|HCN3|HCN1,0,Acelerated
GO Biological Processes,19,GO:0032496,response to lipopolysaccharide,19_GO:0044419 biological process involved in interspecies interaction between organisms,-2.4,2,3.1,16474,274,541,18,3.3,0.77,671|695|2643|3055|3394|3454|3553|5179|7867|9971|10225|11221|84292|84868|129607|148022|199713|497189,BPI|BTK|GCH1|HCK|IRF8|IFNAR1|IL1B|PENK|MAPKAPK3|NR1H4|CD96|DUSP10|WDR83|HAVCR2|CMPK2|TICAM1|NLRP7|TIFAB,0,Acelerated
GO Biological Processes,19,GO:0002833,positive regulation of response to biotic stimulus,19_GO:0048518 positive regulation of biological process,-2.3,2.1,3.1,16474,234,541,16,3,0.73,695|2219|3055|4153|4940|5225|7867|8638|9111|9971|23328|23586|56832|64135|84868|148022,BTK|FCN1|HCK|MBL2|OAS3|PGC|MAPKAPK3|OASL|NMI|NR1H4|SASH1|RIGI|IFNK|IFIH1|HAVCR2|TICAM1,0,Acelerated
GO Biological Processes,19,GO:0031663,lipopolysaccharide-mediated signaling pathway,19_GO:0044419 biological process involved in interspecies interaction between organisms,-2.3,4.5,3.7,16474,34,541,5,0.92,0.41,671|3055|3553|148022|497189,BPI|HCK|IL1B|TICAM1|TIFAB,0,Acelerated
GO Biological Processes,19,GO:0043650,dicarboxylic acid biosynthetic process,19_GO:0008152 metabolic process,-2.3,8.3,4.5,16474,11,541,3,0.55,0.32,8942|25902|27165,KYNU|MTHFD1L|GLS2,0,Acelerated
GO Biological Processes,19,GO:0140374,antiviral innate immune response,19_GO:0044419 biological process involved in interspecies interaction between organisms,-2.3,5.5,3.9,16474,22,541,4,0.74,0.37,3434|4153|23586|64135,IFIT1|MBL2|RIGI|IFIH1,0,Acelerated
GO Biological Processes,19,GO:1903901,negative regulation of viral life cycle,19_GO:0016032 viral process,-2.3,5.5,3.9,16474,22,541,4,0.74,0.37,2219|4061|5806|10107,FCN1|LY6E|PTX3|TRIM10,0,Acelerated
GO Biological Processes,19,GO:0045824,negative regulation of innate immune response,19_GO:0044419 biological process involved in interspecies interaction between organisms,-2.2,3.2,3.3,16474,66,541,7,1.3,0.49,142|4940|9111|10225|11221|84868|100507436,PARP1|OAS3|NMI|CD96|DUSP10|HAVCR2|MICA,0,Acelerated
GO Biological Processes,19,GO:0050792,regulation of viral process,19_GO:0016032 viral process,-2.2,2.4,3.1,16474,138,541,11,2,0.61,2219|3434|4061|4153|4940|5806|6041|8638|10107|24138|64135,FCN1|IFIT1|LY6E|MBL2|OAS3|PTX3|RNASEL|OASL|TRIM10|IFIT5|IFIH1,0,Acelerated
GO Biological Processes,19,GO:0032675,regulation of interleukin-6 production,19_GO:0032501 multicellular organismal process,-2.2,2.4,3.1,16474,138,541,11,2,0.61,199|671|695|3553|9971|23586|64135|84868|114900|131450|148022,AIF1|BPI|BTK|IL1B|NR1H4|RIGI|IFIH1|HAVCR2|C1QTNF4|CD200R1|TICAM1,0,Acelerated
GO Biological Processes,19,GO:0002697,regulation of immune effector process,19_GO:0002376 immune system process,-2.2,1.8,2.9,16474,350,541,21,3.9,0.83,301|336|695|911|913|2125|2219|3109|3553|4153|5225|8417|10225|11221|23586|84695|84868|115352|148022|100507436|112441434,ANXA1|APOA2|BTK|CD1C|CD1E|EVPL|FCN1|HLA-DMB|IL1B|MBL2|PGC|STX7|CD96|DUSP10|RIGI|LOXL3|HAVCR2|FCRL3|TICAM1|MICA|SHLD3,0,Acelerated
GO Biological Processes,19,GO:0002831,regulation of response to biotic stimulus,19_GO:0050896 response to stimulus,-2.2,1.8,2.9,16474,396,541,23,4.3,0.87,142|695|2125|2219|3055|3553|4153|4940|5225|7867|8638|9111|9971|10225|11221|23328|23586|56832|64135|84868|115352|148022|100507436,PARP1|BTK|EVPL|FCN1|HCK|IL1B|MBL2|OAS3|PGC|MAPKAPK3|OASL|NMI|NR1H4|CD96|DUSP10|SASH1|RIGI|IFNK|IFIH1|HAVCR2|FCRL3|TICAM1|MICA,0,Acelerated
KEGG Pathway,24,hsa05164,Influenza A,,-2.2,2.4,3.1,16474,139,541,11,2,0.61,3109|3111|3454|3553|4600|4940|5371|6041|23586|64135|148022,HLA-DMB|HLA-DOA|IFNAR1|IL1B|MX2|OAS3|PML|RNASEL|RIGI|IFIH1|TICAM1,0,Acelerated
GO Biological Processes,19,GO:1903900,regulation of viral life cycle,19_GO:0016032 viral process,-2.2,2.5,3.1,16474,120,541,10,1.8,0.58,2219|3434|4061|4940|5806|6041|8638|10107|24138|64135,FCN1|IFIT1|LY6E|OAS3|PTX3|RNASEL|OASL|TRIM10|IFIT5|IFIH1,0,Acelerated
GO Biological Processes,19,GO:0035331,negative regulation of hippo signaling,19_GO:0023052 signaling,-2.2,7.6,4.2,16474,12,541,3,0.55,0.32,9686|23286|55841,VGLL4|WWC1|WWC3,0,Acelerated
GO Biological Processes,19,GO:2001279,regulation of unsaturated fatty acid biosynthetic process,19_GO:0008152 metabolic process,-2.2,7.6,4.2,16474,12,541,3,0.55,0.32,225|301|3553,ABCD2|ANXA1|IL1B,0,Acelerated
GO Biological Processes,19,GO:0050766,positive regulation of phagocytosis,19_GO:0051179 localization,-2.2,3.2,3.3,16474,67,541,7,1.3,0.49,336|695|2219|3553|4153|5806|10960,APOA2|BTK|FCN1|IL1B|MBL2|PTX3|LMAN2,0,Acelerated
GO Biological Processes,19,GO:0045071,negative regulation of viral genome replication,19_GO:0016032 viral process,-2.2,3.5,3.3,16474,52,541,6,1.1,0.45,3434|4940|6041|8638|24138|64135,IFIT1|OAS3|RNASEL|OASL|IFIT5|IFIH1,0,Acelerated
Canonical Pathways,11,M5880,NABA ECM AFFILIATED,,-2.2,2.3,3,16474,161,541,12,2.2,0.63,301|307|309|2219|4153|5365|6382|23601|55600|58503|114900|653145,ANXA1|ANXA4|ANXA6|FCN1|MBL2|PLXNB3|SDC1|CLEC5A|ITLN1|OPRPN|C1QTNF4|ANXA8,0,Acelerated
GO Biological Processes,19,GO:0098901,regulation of cardiac muscle cell action potential,19_GO:0050789 regulation of biological process,-2.1,5.1,3.7,16474,24,541,4,0.74,0.37,287|1832|57657|348980,ANK2|DSP|HCN3|HCN1,0,Acelerated
GO Biological Processes,19,GO:0032103,positive regulation of response to external stimulus,19_GO:0048518 positive regulation of biological process,-2.1,1.7,2.7,16474,451,541,25,4.6,0.9,102|199|695|2219|2277|3055|3553|3572|4153|4916|4940|5225|7867|8638|9111|9971|23328|23586|56832|64135|84630|84868|148022|158747|646960,ADAM10|AIF1|BTK|FCN1|VEGFD|HCK|IL1B|IL6ST|MBL2|NTRK3|OAS3|PGC|MAPKAPK3|OASL|NMI|NR1H4|SASH1|RIGI|IFNK|IFIH1|TTBK1|HAVCR2|TICAM1|MOSPD2|PRSS56,0,Acelerated
GO Biological Processes,19,GO:0002237,response to molecule of bacterial origin,19_GO:0044419 biological process involved in interspecies interaction between organisms,-2.1,1.9,2.8,16474,291,541,18,3.3,0.77,671|695|2643|3055|3394|3454|3553|5179|7867|9971|10225|11221|84292|84868|129607|148022|199713|497189,BPI|BTK|GCH1|HCK|IRF8|IFNAR1|IL1B|PENK|MAPKAPK3|NR1H4|CD96|DUSP10|WDR83|HAVCR2|CMPK2|TICAM1|NLRP7|TIFAB,0,Acelerated
GO Biological Processes,19,GO:0106049,regulation of cellular response to osmotic stress,19_GO:0050896 response to stimulus,-2.1,7,4,16474,13,541,3,0.55,0.32,624|1201|497189,BDKRB2|CLN3|TIFAB,0,Acelerated
WikiPathways,27,WP4705,Pathways of nucleic acid metabolism and innate immune sensing,,-2.1,7,4,16474,13,541,3,0.55,0.32,6041|23586|64135,RNASEL|RIGI|IFIH1,0,Acelerated
Reactome Gene Sets,6,R-HSA-6805567,Keratinization,,-2.1,2.1,2.8,16474,206,541,14,2.6,0.68,1832|2125|6703|6707|54474|81872|337959|337963|386675|388818|643394|728224|730755|100132386,DSP|EVPL|SPRR2D|SPRR3|KRT20|KRTAP2-1|KRTAP13-2|KRTAP23-1|KRTAP10-7|KRTAP26-1|SPINK9|KRTAP4-8|KRTAP2-3|KRTAP4-9,0,Acelerated
GO Biological Processes,19,GO:0001818,negative regulation of cytokine production,19_GO:0048519 negative regulation of biological process,-2.1,2,2.8,16474,249,541,16,3,0.73,225|301|307|336|671|695|4940|5371|8986|9111|9971|10225|84651|84868|131450|199713,ABCD2|ANXA1|ANXA4|APOA2|BPI|BTK|OAS3|PML|RPS6KA4|NMI|NR1H4|CD96|SPINK7|HAVCR2|CD200R1|NLRP7,0,Acelerated
Reactome Gene Sets,6,R-HSA-1187000,Fertilization,,-2.1,4.9,3.6,16474,25,541,4,0.74,0.37,2515|22917|57828|79820,ADAM2|ZP1|CATSPERG|CATSPERB,0,Acelerated
GO Biological Processes,19,GO:0042401,biogenic amine biosynthetic process,19_GO:0008152 metabolic process,-2.1,4.9,3.6,16474,25,541,4,0.74,0.37,438|2643|26002|54498,ASMT|GCH1|MOXD1|SMOX,0,Acelerated
GO Biological Processes,19,GO:0045088,regulation of innate immune response,19_GO:0044419 biological process involved in interspecies interaction between organisms,-2.1,1.8,2.7,16474,316,541,19,3.5,0.79,142|695|2219|3055|4153|4940|7867|8638|9111|9971|10225|11221|23586|56832|64135|84868|115352|148022|100507436,PARP1|BTK|FCN1|HCK|MBL2|OAS3|MAPKAPK3|OASL|NMI|NR1H4|CD96|DUSP10|RIGI|IFNK|IFIH1|HAVCR2|FCRL3|TICAM1|MICA,0,Acelerated
GO Biological Processes,19,GO:0002753,cytosolic pattern recognition receptor signaling pathway,19_GO:0044419 biological process involved in interspecies interaction between organisms,-2.1,3.9,3.3,16474,39,541,5,0.92,0.41,4940|9971|23586|64135|84868,OAS3|NR1H4|RIGI|IFIH1|HAVCR2,0,Acelerated
GO Biological Processes,19,GO:0050764,regulation of phagocytosis,19_GO:0051179 localization,-2.1,2.7,3,16474,89,541,8,1.5,0.52,336|695|2219|3055|3553|4153|5806|10960,APOA2|BTK|FCN1|HCK|IL1B|MBL2|PTX3|LMAN2,0,Acelerated
GO Biological Processes,19,GO:0045089,positive regulation of innate immune response,19_GO:0044419 biological process involved in interspecies interaction between organisms,-2,2,2.8,16474,209,541,14,2.6,0.68,695|2219|3055|4153|4940|7867|8638|9111|9971|23586|56832|64135|84868|148022,BTK|FCN1|HCK|MBL2|OAS3|MAPKAPK3|OASL|NMI|NR1H4|RIGI|IFNK|IFIH1|HAVCR2|TICAM1,0,Acelerated
GO Biological Processes,19,GO:0002252,immune effector process,19_GO:0002376 immune system process,-2,1.8,2.7,16474,342,541,20,3.7,0.81,695|911|1113|2219|3004|3055|3109|3111|3394|3683|3981|4063|4153|5806|9111|56832|84868|148022|100507436|112441434,BTK|CD1C|CHGA|FCN1|GZMM|HCK|HLA-DMB|HLA-DOA|IRF8|ITGAL|LIG4|LY9|MBL2|PTX3|NMI|IFNK|HAVCR2|TICAM1|MICA|SHLD3,0,Acelerated
GO Biological Processes,19,GO:0034311,diol metabolic process,19_GO:0008152 metabolic process,-2,4.7,3.5,16474,26,541,4,0.74,0.37,2643|55304|81537|165679,GCH1|SPTLC3|SGPP1|SPTSSB,0,Acelerated
GO Biological Processes,19,GO:0009309,amine biosynthetic process,19_GO:0008152 metabolic process,-2,4.7,3.5,16474,26,541,4,0.74,0.37,438|2643|26002|54498,ASMT|GCH1|MOXD1|SMOX,0,Acelerated
GO Biological Processes,19,GO:0071360,cellular response to exogenous dsRNA,19_GO:0050896 response to stimulus,-2,6.5,3.8,16474,14,541,3,0.55,0.32,3434|23586|64135,IFIT1|RIGI|IFIH1,0,Acelerated
Reactome Gene Sets,6,R-HSA-549132,Organic cation/anion/zwitterion transport,,-2,6.5,3.8,16474,14,541,3,0.55,0.32,6248|9376|116085,RSC1A1|SLC22A8|SLC22A12,0,Acelerated
GO Biological Processes,19,GO:0034116,positive regulation of heterotypic cell-cell adhesion,19_GO:0048518 positive regulation of biological process,-2,6.5,3.8,16474,14,541,3,0.55,0.32,2243|2244|3553,FGA|FGB|IL1B,0,Acelerated
GO Biological Processes,19,GO:0006857,oligopeptide transport,19_GO:0051179 localization,-2,6.5,3.8,16474,14,541,3,0.55,0.32,4257|10257|23457,MGST1|ABCC4|ABCB9,0,Acelerated
GO Biological Processes,19,GO:0048232,male gamete generation,19_GO:0022414 reproductive process,-16,3.9,11,16474,517,421,51,12,1.6,881|1080|1538|1618|2302|3010|3985|4201|6676|7301|7704|8900|9025|9191|11063|25981|28981|51207|54456|54760|54763|56159|56163|56165|56603|57097|63946|64395|66037|79893|79989|83983|84215|84225|84660|84944|121355|136991|146849|152015|163589|199720|221400|245711|284071|284680|286207|389730|402381|647060|727830,CCIN|CFTR|CYLC1|DAZL|FOXJ1|H1-6|LIMK2|MEA1|SPAG4|TYRO3|ZBTB16|CCNA1|RNF8|DEDD|SOX30|DNAH1|IFT81|DUSP13|MOV10L1|PCSK4|ROPN1|TEX11|RNF17|TDRD1|CYP26B1|PARP11|DMRTC2|GMCL1|BOLL|GGNBP2|TTC26|TSSK6|ZNF541|ZMYND15|CCDC62|MAEL|GTSF1|ASZ1|CCDC42|ROPN1B|TDRD5|GGN|TDRD6|SPDYA|MEIOC|SPATA46|CFAP157|SPATA31A6|SOHLH1|SPATA31A1|SPATA31A3,-12,Conserved
GO Biological Processes,19,GO:0007283,spermatogenesis,19_GO:0022414 reproductive process,-15,3.8,10,16474,500,421,49,12,1.6,881|1080|1538|1618|2302|3010|3985|4201|6676|7301|7704|8900|9025|9191|11063|25981|28981|51207|54456|54760|54763|56163|56165|56603|57097|63946|64395|66037|79893|79989|83983|84215|84225|84660|84944|121355|136991|146849|152015|163589|199720|221400|284071|284680|286207|389730|402381|647060|727830,CCIN|CFTR|CYLC1|DAZL|FOXJ1|H1-6|LIMK2|MEA1|SPAG4|TYRO3|ZBTB16|CCNA1|RNF8|DEDD|SOX30|DNAH1|IFT81|DUSP13|MOV10L1|PCSK4|ROPN1|RNF17|TDRD1|CYP26B1|PARP11|DMRTC2|GMCL1|BOLL|GGNBP2|TTC26|TSSK6|ZNF541|ZMYND15|CCDC62|MAEL|GTSF1|ASZ1|CCDC42|ROPN1B|TDRD5|GGN|TDRD6|MEIOC|SPATA46|CFAP157|SPATA31A6|SOHLH1|SPATA31A1|SPATA31A3,-11,Conserved
GO Biological Processes,19,GO:0007276,gamete generation,19_GO:0022414 reproductive process,-13,3.2,9.2,16474,630,421,52,12,1.6,881|1080|1538|1618|2302|3010|3985|4201|4313|6676|7301|7704|8900|9025|9191|11063|25981|28981|51207|54456|54760|54763|56159|56163|56165|56603|57097|63946|64395|66037|79893|79989|83983|84215|84225|84660|84944|121355|136991|146849|152015|163589|199720|221400|245711|284071|284680|286207|389730|402381|647060|727830,CCIN|CFTR|CYLC1|DAZL|FOXJ1|H1-6|LIMK2|MEA1|MMP2|SPAG4|TYRO3|ZBTB16|CCNA1|RNF8|DEDD|SOX30|DNAH1|IFT81|DUSP13|MOV10L1|PCSK4|ROPN1|TEX11|RNF17|TDRD1|CYP26B1|PARP11|DMRTC2|GMCL1|BOLL|GGNBP2|TTC26|TSSK6|ZNF541|ZMYND15|CCDC62|MAEL|GTSF1|ASZ1|CCDC42|ROPN1B|TDRD5|GGN|TDRD6|SPDYA|MEIOC|SPATA46|CFAP157|SPATA31A6|SOHLH1|SPATA31A1|SPATA31A3,-9.3,Conserved
GO Biological Processes,19,GO:0022412,cellular process involved in reproduction in multicellular organism,19_GO:0022414 reproductive process,-8.6,3.3,7.4,16474,375,421,32,7.6,1.3,1080|1618|7704|8900|9025|11063|25981|28981|54456|54760|54763|56159|56163|56165|56603|63946|64395|79989|83983|84225|84660|84944|136991|146849|152015|163589|245711|284071|284680|286207|389852|402381,CFTR|DAZL|ZBTB16|CCNA1|RNF8|SOX30|DNAH1|IFT81|MOV10L1|PCSK4|ROPN1|TEX11|RNF17|TDRD1|CYP26B1|DMRTC2|GMCL1|TTC26|TSSK6|ZMYND15|CCDC62|MAEL|ASZ1|CCDC42|ROPN1B|TDRD5|SPDYA|MEIOC|SPATA46|CFAP157|SPACA5|SOHLH1,-4.8,Conserved
GO Biological Processes,19,GO:0007281,germ cell development,19_GO:0022414 reproductive process,-6.9,3.5,6.7,16474,269,421,24,5.7,1.1,1080|1618|7704|9025|11063|25981|28981|54456|54760|54763|56163|56165|63946|64395|79989|83983|84225|84660|146849|152015|163589|284071|286207|402381,CFTR|DAZL|ZBTB16|RNF8|SOX30|DNAH1|IFT81|MOV10L1|PCSK4|ROPN1|RNF17|TDRD1|DMRTC2|GMCL1|TTC26|TSSK6|ZMYND15|CCDC62|CCDC42|ROPN1B|TDRD5|MEIOC|CFAP157|SOHLH1,-3.3,Conserved
GO Biological Processes,19,GO:0007286,spermatid development,19_GO:0022414 reproductive process,-6.3,4,6.5,16474,174,421,18,4.3,0.99,1080|9025|11063|25981|28981|54760|54763|56163|63946|79989|83983|84225|84660|146849|152015|163589|284071|286207,CFTR|RNF8|SOX30|DNAH1|IFT81|PCSK4|ROPN1|RNF17|DMRTC2|TTC26|TSSK6|ZMYND15|CCDC62|CCDC42|ROPN1B|TDRD5|MEIOC|CFAP157,-2.7,Conserved
GO Biological Processes,19,GO:0048515,spermatid differentiation,19_GO:0022414 reproductive process,-6,3.9,6.3,16474,181,421,18,4.3,0.99,1080|9025|11063|25981|28981|54760|54763|56163|63946|79989|83983|84225|84660|146849|152015|163589|284071|286207,CFTR|RNF8|SOX30|DNAH1|IFT81|PCSK4|ROPN1|RNF17|DMRTC2|TTC26|TSSK6|ZMYND15|CCDC62|CCDC42|ROPN1B|TDRD5|MEIOC|CFAP157,-2.5,Conserved
Reactome Gene Sets,6,R-HSA-211000,Gene Silencing by RNA,,-6,6.3,7.1,16474,68,421,11,2.6,0.78,8021|9631|9883|23511|27327|54456|54487|56165|84944|136991|221400,NUP214|NUP155|POM121|NUP188|TNRC6A|MOV10L1|DGCR8|TDRD1|MAEL|ASZ1|TDRD6,-2.5,Conserved
GO Biological Processes,19,GO:0044782,cilium organization,19_GO:0009987 cellular process,-5.6,3,5.7,16474,317,421,24,5.7,1.1,2302|8100|8632|8729|23116|25981|26140|26160|28981|50807|51524|54763|57539|57560|79659|79989|84058|137392|145483|152015|164781|219844|254187|286207,FOXJ1|IFT88|DNAH17|GBF1|TOGARAM1|DNAH1|TTLL3|IFT172|IFT81|ASAP1|TMEM138|ROPN1|WDR35|IFT80|DYNC2H1|TTC26|WDR54|CIBAR1|FAM161B|ROPN1B|DAW1|HYLS1|TSGA10IP|CFAP157,-2.3,Conserved
GO Biological Processes,19,GO:0007140,male meiotic nuclear division,19_GO:0022414 reproductive process,-5.4,7,6.9,16474,50,421,9,2.1,0.7,8900|54456|56159|56603|63946|84944|136991|245711|284071,CCNA1|MOV10L1|TEX11|CYP26B1|DMRTC2|MAEL|ASZ1|SPDYA|MEIOC,-2,Conserved
CORUM,33,CORUM:7417,CFTR-GOPC-STX6 complex,,-4.8,39,11,16474,3,421,3,0.71,0.41,1080|10228|57120,CFTR|STX6|GOPC,-1.5,Conserved
CORUM,33,CORUM:6172,Intraflagellar transport complex B,,-4.8,14,7.9,16474,14,421,5,1.2,0.53,8100|26160|28981|57560|79989,IFT88|IFT172|IFT81|IFT80|TTC26,-1.5,Conserved
GO Biological Processes,19,GO:0033365,protein localization to organelle,19_GO:0051179 localization,-4.7,2.3,4.8,16474,537,421,31,7.4,1.3,1408|1739|4734|4792|5562|6094|6653|6730|7704|8021|8729|9409|9631|9883|9927|23137|23511|25777|25900|51025|51608|54763|57539|57560|79659|79989|84250|84687|93343|152015|165257,CRY2|DLG1|NEDD4|NFKBIA|PRKAA1|ROM1|SORL1|SRP68|ZBTB16|NUP214|GBF1|PEX16|NUP155|POM121|MFN2|SMC5|NUP188|SUN2|IFFO1|PAM16|GET4|ROPN1|WDR35|IFT80|DYNC2H1|TTC26|SLF1|PPP1R9B|MVB12A|ROPN1B|C1QL2,-1.4,Conserved
GO Biological Processes,19,GO:0035720,intraciliary anterograde transport,19_GO:0051179 localization,-4.4,12,7.3,16474,16,421,5,1.2,0.53,8100|26160|28981|57560|79989,IFT88|IFT172|IFT81|IFT80|TTC26,-1.2,Conserved
GO Biological Processes,19,GO:0060271,cilium assembly,19_GO:0009987 cellular process,-4.3,2.7,4.8,16474,285,421,20,4.8,1,2302|8100|8632|8729|23116|25981|26140|26160|28981|50807|51524|57539|57560|79659|79989|84058|137392|164781|219844|286207,FOXJ1|IFT88|DNAH17|GBF1|TOGARAM1|DNAH1|TTLL3|IFT172|IFT81|ASAP1|TMEM138|WDR35|IFT80|DYNC2H1|TTC26|WDR54|CIBAR1|DAW1|HYLS1|CFAP157,-1.2,Conserved
GO Biological Processes,19,GO:0090209,negative regulation of triglyceride metabolic process,19_GO:0048519 negative regulation of biological process,-4.3,17,8,16474,9,421,4,0.95,0.47,339|5294|6653|150094,APOBEC1|PIK3CG|SORL1|SIK1,-1.2,Conserved
GO Biological Processes,19,GO:0043046,DNA methylation involved in gamete generation,19_GO:0022414 reproductive process,-4.3,12,7,16474,17,421,5,1.2,0.53,54456|56165|84944|136991|163589,MOV10L1|TDRD1|MAEL|ASZ1|TDRD5,-1.2,Conserved
Reactome Gene Sets,6,R-HSA-5620924,Intraflagellar transport,,-4.1,6.5,5.8,16474,42,421,7,1.7,0.62,8100|26160|28981|57539|57560|79659|79989,IFT88|IFT172|IFT81|WDR35|IFT80|DYNC2H1|TTC26,-1,Conserved
GO Biological Processes,19,GO:0042073,intraciliary transport,19_GO:0051179 localization,-4,6.4,5.7,16474,43,421,7,1.7,0.62,8100|26160|28981|57539|57560|79659|79989,IFT88|IFT172|IFT81|WDR35|IFT80|DYNC2H1|TTC26,-0.98,Conserved
Reactome Gene Sets,6,R-HSA-5601884,PIWI-interacting RNA (piRNA) biogenesis,,-3.9,9.8,6.4,16474,20,421,5,1.2,0.53,54456|56165|84944|136991|221400,MOV10L1|TDRD1|MAEL|ASZ1|TDRD6,-0.91,Conserved
GO Biological Processes,19,GO:0071392,cellular response to estradiol stimulus,19_GO:0050896 response to stimulus,-3.7,6.9,5.6,16474,34,421,6,1.4,0.58,3586|4313|4488|80139|84660|84687,IL10|MMP2|MSX2|ZNF703|CCDC62|PPP1R9B,-0.76,Conserved
GO Biological Processes,19,GO:0061512,protein localization to cilium,19_GO:0051179 localization,-3.6,5.6,5.2,16474,49,421,7,1.7,0.62,6094|54763|57539|57560|79659|79989|152015,ROM1|ROPN1|WDR35|IFT80|DYNC2H1|TTC26|ROPN1B,-0.73,Conserved
GO Biological Processes,19,GO:0071695,anatomical structure maturation,19_GO:0032502 developmental process,-3.6,3,4.4,16474,181,421,14,3.3,0.87,351|1080|4313|6363|7704|8314|8399|9991|54760|54763|57560|59277|152015|163589,APP|CFTR|MMP2|CCL19|ZBTB16|BAP1|PLA2G10|PTBP3|PCSK4|ROPN1|IFT80|NTN4|ROPN1B|TDRD5,-0.73,Conserved
GO Biological Processes,19,GO:0030031,cell projection assembly,19_GO:0009987 cellular process,-3.6,2.3,4.1,16474,374,421,22,5.2,1.1,2302|8100|8632|8729|23116|25981|26140|26160|28981|50807|51524|57539|57560|79659|79989|84058|84687|92154|137392|164781|219844|286207,FOXJ1|IFT88|DNAH17|GBF1|TOGARAM1|DNAH1|TTLL3|IFT172|IFT81|ASAP1|TMEM138|WDR35|IFT80|DYNC2H1|TTC26|WDR54|PPP1R9B|MTSS2|CIBAR1|DAW1|HYLS1|CFAP157,-0.69,Conserved
GO Biological Processes,19,GO:1902373,negative regulation of mRNA catabolic process,19_GO:0048519 negative regulation of biological process,-3.3,5,4.8,16474,55,421,7,1.7,0.62,339|1618|9704|25819|64282|66037|284071,APOBEC1|DAZL|DHX34|NOCT|TENT4B|BOLL|MEIOC,-0.45,Conserved
GO Biological Processes,19,GO:0120031,plasma membrane bounded cell projection assembly,19_GO:0009987 cellular process,-3.3,2.2,3.9,16474,366,421,21,5,1.1,2302|8100|8632|8729|23116|25981|26140|26160|28981|50807|51524|57539|57560|79659|79989|84058|84687|137392|164781|219844|286207,FOXJ1|IFT88|DNAH17|GBF1|TOGARAM1|DNAH1|TTLL3|IFT172|IFT81|ASAP1|TMEM138|WDR35|IFT80|DYNC2H1|TTC26|WDR54|PPP1R9B|CIBAR1|DAW1|HYLS1|CFAP157,-0.45,Conserved
GO Biological Processes,19,GO:0021700,developmental maturation,19_GO:0032502 developmental process,-3.3,2.7,4.1,16474,218,421,15,3.6,0.9,351|525|1080|4313|6363|7704|8314|8399|9991|54760|54763|57560|59277|152015|163589,APP|ATP6V1B1|CFTR|MMP2|CCL19|ZBTB16|BAP1|PLA2G10|PTBP3|PCSK4|ROPN1|IFT80|NTN4|ROPN1B|TDRD5,-0.45,Conserved
GO Biological Processes,19,GO:0051321,meiotic cell cycle,19_GO:0022414 reproductive process,-3.3,2.7,4.1,16474,219,421,15,3.6,0.9,3976|8900|25777|27229|51207|54456|56159|56165|56603|63946|66037|84944|136991|245711|284071,LIF|CCNA1|SUN2|TUBGCP4|DUSP13|MOV10L1|TEX11|TDRD1|CYP26B1|DMRTC2|BOLL|MAEL|ASZ1|SPDYA|MEIOC,-0.45,Conserved
GO Biological Processes,19,GO:0070918,regulatory ncRNA processing,19_GO:0048519 negative regulation of biological process,-3.1,5.3,4.7,16474,44,421,6,1.4,0.58,9631|54456|54487|56165|84944|136991,NUP155|MOV10L1|DGCR8|TDRD1|MAEL|ASZ1,-0.27,Conserved
WikiPathways,27,WP4536,Genes related to primary cilium development (based on CRISPR),,-3.1,3.6,4.2,16474,97,421,9,2.1,0.7,8100|11159|26160|28981|57539|57560|79659|79989|137392,IFT88|RABL2A|IFT172|IFT81|WDR35|IFT80|DYNC2H1|TTC26|CIBAR1,-0.27,Conserved
GO Biological Processes,19,GO:0007018,microtubule-based movement,19_GO:0009987 cellular process,-3,2.2,3.7,16474,332,421,19,4.5,1,351|1768|8100|8632|10749|11004|25777|25981|26140|26160|28981|54763|57539|57560|79659|79989|152015|164781|286207,APP|DNAH6|IFT88|DNAH17|KIF1C|KIF2C|SUN2|DNAH1|TTLL3|IFT172|IFT81|ROPN1|WDR35|IFT80|DYNC2H1|TTC26|ROPN1B|DAW1|CFAP157,-0.23,Conserved
GO Biological Processes,19,GO:0006305,DNA alkylation,19_GO:0008152 metabolic process,-3,5.1,4.5,16474,46,421,6,1.4,0.58,54456|55904|56165|84944|136991|163589,MOV10L1|KMT2E|TDRD1|MAEL|ASZ1|TDRD5,-0.23,Conserved
GO Biological Processes,19,GO:0006306,DNA methylation,19_GO:0008152 metabolic process,-3,5.1,4.5,16474,46,421,6,1.4,0.58,54456|55904|56165|84944|136991|163589,MOV10L1|KMT2E|TDRD1|MAEL|ASZ1|TDRD5,-0.23,Conserved
GO Biological Processes,19,GO:0048469,cell maturation,19_GO:0032502 developmental process,-3,3,3.9,16474,142,421,11,2.6,0.78,351|1080|6363|8314|8399|9991|54760|54763|59277|152015|163589,APP|CFTR|CCL19|BAP1|PLA2G10|PTBP3|PCSK4|ROPN1|NTN4|ROPN1B|TDRD5,-0.23,Conserved
GO Biological Processes,19,GO:1903312,negative regulation of mRNA metabolic process,19_GO:0048519 negative regulation of biological process,-2.9,4.3,4.3,16474,64,421,7,1.7,0.62,339|1618|9704|25819|64282|66037|284071,APOBEC1|DAZL|DHX34|NOCT|TENT4B|BOLL|MEIOC,-0.23,Conserved
GO Biological Processes,19,GO:0044728,DNA methylation or demethylation,19_GO:0008152 metabolic process,-2.9,4.3,4.3,16474,64,421,7,1.7,0.62,339|54456|55904|56165|84944|136991|163589,APOBEC1|MOV10L1|KMT2E|TDRD1|MAEL|ASZ1|TDRD5,-0.23,Conserved
Reactome Gene Sets,6,R-HSA-165054,Rev-mediated nuclear export of HIV RNA,,-2.9,6.1,4.7,16474,32,421,5,1.2,0.53,5902|8021|9631|9883|23511,RANBP1|NUP214|NUP155|POM121|NUP188,-0.23,Conserved
Reactome Gene Sets,6,R-HSA-177243,Interactions of Rev with host cellular proteins,,-2.9,6.1,4.7,16474,32,421,5,1.2,0.53,5902|8021|9631|9883|23511,RANBP1|NUP214|NUP155|POM121|NUP188,-0.23,Conserved
GO Biological Processes,19,GO:0099111,microtubule-based transport,19_GO:0051179 localization,-2.9,2.8,3.8,16474,167,421,12,2.9,0.81,351|8100|10749|25777|25981|26160|28981|57539|57560|79659|79989|164781,APP|IFT88|KIF1C|SUN2|DNAH1|IFT172|IFT81|WDR35|IFT80|DYNC2H1|TTC26|DAW1,-0.23,Conserved
GO Biological Processes,19,GO:0016125,sterol metabolic process,19_GO:0008152 metabolic process,-2.9,3.2,3.9,16474,124,421,10,2.4,0.74,351|1080|1588|2222|5467|5562|10613|10858|56603|403313,APP|CFTR|CYP19A1|FDFT1|PPARD|PRKAA1|ERLIN1|CYP46A1|CYP26B1|PLPP6,-0.22,Conserved
GO Biological Processes,19,GO:1903311,regulation of mRNA metabolic process,19_GO:0008152 metabolic process,-2.8,2.6,3.7,16474,194,421,13,3.1,0.84,339|1618|9704|22938|23404|25819|26576|27327|64282|66037|79869|91875|284071,APOBEC1|DAZL|DHX34|SNW1|EXOSC2|NOCT|SRPK3|TNRC6A|TENT4B|BOLL|CPSF7|TTC5|MEIOC,-0.17,Conserved
GO Biological Processes,19,GO:1902369,negative regulation of RNA catabolic process,19_GO:0048519 negative regulation of biological process,-2.8,4.1,4.1,16474,67,421,7,1.7,0.62,339|1618|9704|25819|64282|66037|284071,APOBEC1|DAZL|DHX34|NOCT|TENT4B|BOLL|MEIOC,-0.15,Conserved
CORUM,33,CORUM:6173,Intraflagellar transport complex B core complex,,-2.8,12,5.5,16474,10,421,3,0.71,0.41,8100|28981|79989,IFT88|IFT81|TTC26,-0.14,Conserved
GO Biological Processes,19,GO:0010970,transport along microtubule,19_GO:0051179 localization,-2.8,3,3.8,16474,129,421,10,2.4,0.74,351|8100|10749|25777|26160|28981|57539|57560|79659|79989,APP|IFT88|KIF1C|SUN2|IFT172|IFT81|WDR35|IFT80|DYNC2H1|TTC26,-0.14,Conserved
WikiPathways,27,WP4532,Intraflagellar transport proteins binding to dynein,,-2.7,7.5,4.8,16474,21,421,4,0.95,0.47,28981|57539|57560|79659,IFT81|WDR35|IFT80|DYNC2H1,-0.14,Conserved
GO Biological Processes,19,GO:0034587,piRNA processing,19_GO:0048519 negative regulation of biological process,-2.7,7.5,4.8,16474,21,421,4,0.95,0.47,54456|56165|84944|136991,MOV10L1|TDRD1|MAEL|ASZ1,-0.14,Conserved
GO Biological Processes,19,GO:0090596,sensory organ morphogenesis,19_GO:0032502 developmental process,-2.7,2.5,3.5,16474,202,421,13,3.1,0.84,525|613|1295|1735|5146|5754|6094|6497|9927|26160|56603|89780|124590,ATP6V1B1|BCR|COL8A1|DIO3|PDE6C|PTK7|ROM1|SKI|MFN2|IFT172|CYP26B1|WNT3A|USH1G,-0.071,Conserved
GO Biological Processes,19,GO:0045600,positive regulation of fat cell differentiation,19_GO:0032502 developmental process,-2.7,4.4,4.1,16474,53,421,6,1.4,0.58,1040|4023|5467|7704|25819|28971,CDS1|LPL|PPARD|ZBTB16|NOCT|AAMDC,-0.057,Conserved
GO Biological Processes,19,GO:0035082,axoneme assembly,19_GO:0009987 cellular process,-2.6,3.4,3.8,16474,91,421,8,1.9,0.67,2302|8632|23116|25981|26140|79989|164781|286207,FOXJ1|DNAH17|TOGARAM1|DNAH1|TTLL3|TTC26|DAW1|CFAP157,-0.057,Conserved
GO Biological Processes,19,GO:0031503,protein-containing complex localization,19_GO:0051179 localization,-2.6,3.1,3.7,16474,113,421,9,2.1,0.7,1739|8100|26160|28981|57539|57560|79659|79989|165257,DLG1|IFT88|IFT172|IFT81|WDR35|IFT80|DYNC2H1|TTC26|C1QL2,-0.043,Conserved
GO Biological Processes,19,GO:0061013,regulation of mRNA catabolic process,19_GO:0048519 negative regulation of biological process,-2.6,2.9,3.6,16474,135,421,10,2.4,0.74,339|1618|9704|23404|25819|27327|64282|66037|91875|284071,APOBEC1|DAZL|DHX34|EXOSC2|NOCT|TNRC6A|TENT4B|BOLL|TTC5|MEIOC,-0.043,Conserved
GO Biological Processes,19,GO:0060173,limb development,19_GO:0032502 developmental process,-2.6,2.9,3.5,16474,137,421,10,2.4,0.74,1889|4038|4488|6497|7704|26160|56603|57560|79659|137392,ECE1|LRP4|MSX2|SKI|ZBTB16|IFT172|CYP26B1|IFT80|DYNC2H1|CIBAR1,-0.038,Conserved
GO Biological Processes,19,GO:0048736,appendage development,19_GO:0032502 developmental process,-2.6,2.9,3.5,16474,137,421,10,2.4,0.74,1889|4038|4488|6497|7704|26160|56603|57560|79659|137392,ECE1|LRP4|MSX2|SKI|ZBTB16|IFT172|CYP26B1|IFT80|DYNC2H1|CIBAR1,-0.038,Conserved
GO Biological Processes,19,GO:0042447,hormone catabolic process,19_GO:0008152 metabolic process,-2.5,9.8,4.9,16474,12,421,3,0.71,0.41,1588|1735|1889,CYP19A1|DIO3|ECE1,-0.0023,Conserved
GO Biological Processes,19,GO:0031047,RNA-mediated gene silencing,19_GO:0048519 negative regulation of biological process,-2.5,3.6,3.7,16474,76,421,7,1.7,0.62,9631|27327|54456|54487|56165|84944|136991,NUP155|TNRC6A|MOV10L1|DGCR8|TDRD1|MAEL|ASZ1,0,Conserved
Reactome Gene Sets,6,R-HSA-5578749,Transcriptional regulation by small RNAs,,-2.5,4.9,4,16474,40,421,5,1.2,0.53,8021|9631|9883|23511|27327,NUP214|NUP155|POM121|NUP188|TNRC6A,0,Conserved
GO Biological Processes,19,GO:1904707,positive regulation of vascular associated smooth muscle cell proliferation,19_GO:0048518 positive regulation of biological process,-2.5,6.3,4.3,16474,25,421,4,0.95,0.47,3586|4313|4921|9927,IL10|MMP2|DDR2|MFN2,0,Conserved
GO Biological Processes,19,GO:0009895,negative regulation of catabolic process,19_GO:0048519 negative regulation of biological process,-2.4,2.2,3.2,16474,268,421,15,3.6,0.9,339|1611|1618|1677|3586|4248|5294|5562|6653|9191|9704|25819|64282|66037|284071,APOBEC1|DAP|DAZL|DFFB|IL10|MGAT3|PIK3CG|PRKAA1|SORL1|DEDD|DHX34|NOCT|TENT4B|BOLL|MEIOC,0,Conserved
GO Biological Processes,19,GO:0007141,male meiosis I,19_GO:0022414 reproductive process,-2.4,6,4.1,16474,26,421,4,0.95,0.47,8900|54456|63946|284071,CCNA1|MOV10L1|DMRTC2|MEIOC,0,Conserved
GO Biological Processes,19,GO:0014823,response to activity,19_GO:0050896 response to stimulus,-2.3,3.8,3.6,16474,61,421,6,1.4,0.58,498|1408|3586|4313|5467|5562,ATP5F1A|CRY2|IL10|MMP2|PPARD|PRKAA1,0,Conserved
GO Biological Processes,19,GO:0031124,mRNA 3'-end processing,19_GO:0008152 metabolic process,-2.3,5.8,4,16474,27,421,4,0.95,0.47,351|56903|64282|79869,APP|PAPOLB|TENT4B|CPSF7,0,Conserved
GO Biological Processes,19,GO:0048240,sperm capacitation,19_GO:0022414 reproductive process,-2.3,5.8,4,16474,27,421,4,0.95,0.47,1080|54760|54763|152015,CFTR|PCSK4|ROPN1|ROPN1B,0,Conserved
GO Biological Processes,19,GO:0097094,craniofacial suture morphogenesis,19_GO:0032502 developmental process,-2.3,8.4,4.5,16474,14,421,3,0.71,0.41,1112|4488|158326,FOXN3|MSX2|FREM1,0,Conserved
WikiPathways,27,WP399,Wnt signaling pathway and pluripotency,,-2.3,3.8,3.6,16474,62,421,6,1.4,0.58,4040|5467|5523|5524|8326|89780,LRP6|PPARD|PPP2R3A|PTPA|FZD9|WNT3A,0,Conserved
Reactome Gene Sets,6,R-HSA-194441,Metabolism of non-coding RNA,,-2.3,4.4,3.7,16474,44,421,5,1.2,0.53,6607|8021|9631|9883|23511,SMN2|NUP214|NUP155|POM121|NUP188,0,Conserved
Reactome Gene Sets,6,R-HSA-191859,snRNP Assembly,,-2.3,4.4,3.7,16474,44,421,5,1.2,0.53,6607|8021|9631|9883|23511,SMN2|NUP214|NUP155|POM121|NUP188,0,Conserved
GO Biological Processes,19,GO:0048255,mRNA stabilization,19_GO:0048519 negative regulation of biological process,-2.3,4.4,3.7,16474,44,421,5,1.2,0.53,339|1618|25819|66037|284071,APOBEC1|DAZL|NOCT|BOLL|MEIOC,0,Conserved
GO Biological Processes,19,GO:0072594,establishment of protein localization to organelle,19_GO:0051179 localization,-2.3,2.2,3.1,16474,250,421,14,3.3,0.87,1408|4734|4792|6653|6730|8021|9409|9631|9883|9927|23511|51025|51608|93343,CRY2|NEDD4|NFKBIA|SORL1|SRP68|NUP214|PEX16|NUP155|POM121|MFN2|NUP188|PAM16|GET4|MVB12A,0,Conserved
GO Biological Processes,19,GO:0031330,negative regulation of cellular catabolic process,19_GO:0048519 negative regulation of biological process,-2.3,2.4,3.1,16474,199,421,12,2.9,0.81,339|1611|1618|1677|3586|5294|6653|9704|25819|64282|66037|284071,APOBEC1|DAP|DAZL|DFFB|IL10|PIK3CG|SORL1|DHX34|NOCT|TENT4B|BOLL|MEIOC,0,Conserved
GO Biological Processes,19,GO:2000008,regulation of protein localization to cell surface,19_GO:0051179 localization,-2.3,5.6,3.9,16474,28,421,4,0.95,0.47,627|8729|23245|57120,BDNF|GBF1|ASTN2|GOPC,0,Conserved
GO Biological Processes,19,GO:0140013,meiotic nuclear division,19_GO:0022414 reproductive process,-2.2,2.6,3.2,16474,152,421,10,2.4,0.74,3976|8900|54456|56159|56603|63946|84944|136991|245711|284071,LIF|CCNA1|MOV10L1|TEX11|CYP26B1|DMRTC2|MAEL|ASZ1|SPDYA|MEIOC,0,Conserved
GO Biological Processes,19,GO:0045598,regulation of fat cell differentiation,19_GO:0032502 developmental process,-2.2,3,3.3,16474,106,421,8,1.9,0.67,1040|4023|4488|5467|7704|25819|28971|89780,CDS1|LPL|MSX2|PPARD|ZBTB16|NOCT|AAMDC|WNT3A,0,Conserved
GO Biological Processes,19,GO:0010256,endomembrane system organization,19_GO:0009987 cellular process,-2.2,1.9,2.9,16474,420,421,20,4.8,1,6676|8729|9631|10228|10565|11063|23317|25777|51608|57097|79156|79659|92154|93343|144717|152015|284680|342096|389852|101929726,SPAG4|GBF1|NUP155|STX6|ARFGEF1|SOX30|DNAJC13|SUN2|GET4|PARP11|PLEKHF1|DYNC2H1|MTSS2|MVB12A|PHETA1|ROPN1B|SPATA46|GOLGA6A|SPACA5|MYMX,0,Conserved
GO Biological Processes,19,GO:0006259,DNA metabolic process,19_GO:0008152 metabolic process,-2.2,1.7,2.8,16474,658,421,28,6.7,1.2,339|1677|1877|2178|5378|9025|11284|23137|25900|29844|54456|55904|56159|56165|63922|64282|84153|84250|84944|91875|136991|144715|163589|199720|246243|284071|375748|548593,APOBEC1|DFFB|E4F1|FANCE|PMS1|RNF8|PNKP|SMC5|IFFO1|TFPT|MOV10L1|KMT2E|TEX11|TDRD1|CHTF18|TENT4B|RNASEH2C|SLF1|MAEL|TTC5|ASZ1|RAD9B|TDRD5|GGN|RNASEH1|MEIOC|ERCC6L2|SLX1A,0,Conserved
Reactome Gene Sets,6,R-HSA-163210,Formation of ATP by chemiosmotic coupling,,-2.2,7.8,4.3,16474,15,421,3,0.71,0.41,498|509|27109,ATP5F1A|ATP5F1C|DMAC2L,0,Conserved
Reactome Gene Sets,6,R-HSA-168333,NEP/NS2 Interacts with the Cellular Export Machinery,,-2.2,5.4,3.8,16474,29,421,4,0.95,0.47,8021|9631|9883|23511,NUP214|NUP155|POM121|NUP188,0,Conserved
Reactome Gene Sets,6,R-HSA-168271,Transport of Ribonucleoproteins into the Host Nucleus,,-2.2,5.4,3.8,16474,29,421,4,0.95,0.47,8021|9631|9883|23511,NUP214|NUP155|POM121|NUP188,0,Conserved
GO Biological Processes,19,GO:0035113,embryonic appendage morphogenesis,19_GO:0032502 developmental process,-2.2,3.2,3.3,16474,85,421,7,1.7,0.62,1889|4038|4488|6497|7704|56603|79659,ECE1|LRP4|MSX2|SKI|ZBTB16|CYP26B1|DYNC2H1,0,Conserved
GO Biological Processes,19,GO:0030326,embryonic limb morphogenesis,19_GO:0032502 developmental process,-2.2,3.2,3.3,16474,85,421,7,1.7,0.62,1889|4038|4488|6497|7704|56603|79659,ECE1|LRP4|MSX2|SKI|ZBTB16|CYP26B1|DYNC2H1,0,Conserved
GO Biological Processes,19,GO:0035108,limb morphogenesis,19_GO:0032502 developmental process,-2.2,2.9,3.2,16474,107,421,8,1.9,0.67,1889|4038|4488|6497|7704|56603|79659|137392,ECE1|LRP4|MSX2|SKI|ZBTB16|CYP26B1|DYNC2H1|CIBAR1,0,Conserved
GO Biological Processes,19,GO:0035107,appendage morphogenesis,19_GO:0032502 developmental process,-2.2,2.9,3.2,16474,107,421,8,1.9,0.67,1889|4038|4488|6497|7704|56603|79659|137392,ECE1|LRP4|MSX2|SKI|ZBTB16|CYP26B1|DYNC2H1|CIBAR1,0,Conserved
GO Biological Processes,19,GO:0070050,neuron cellular homeostasis,19_GO:0042592 homeostatic process,-2.2,4.3,3.6,16474,46,421,5,1.2,0.53,351|525|5562|7301|8314,APP|ATP6V1B1|PRKAA1|TYRO3|BAP1,0,Conserved
GO Biological Processes,19,GO:0071396,cellular response to lipid,19_GO:0050896 response to stimulus,-2.2,1.9,2.9,16474,423,421,20,4.8,1,498|613|1080|3586|4023|4040|4313|4488|4734|4792|5467|5562|5754|22938|56603|80139|84660|84687|89780|90933,ATP5F1A|BCR|CFTR|IL10|LPL|LRP6|MMP2|MSX2|NEDD4|NFKBIA|PPARD|PRKAA1|PTK7|SNW1|CYP26B1|ZNF703|CCDC62|PPP1R9B|WNT3A|TRIM41,0,Conserved
Reactome Gene Sets,6,R-HSA-180746,Nuclear import of Rev protein,,-2.2,5.2,3.7,16474,30,421,4,0.95,0.47,8021|9631|9883|23511,NUP214|NUP155|POM121|NUP188,0,Conserved
GO Biological Processes,19,GO:0045026,plasma membrane fusion,19_GO:0009987 cellular process,-2.2,5.2,3.7,16474,30,421,4,0.95,0.47,152015|284680|389852|101929726,ROPN1B|SPATA46|SPACA5|MYMX,0,Conserved
Reactome Gene Sets,6,R-HSA-180910,Vpr-mediated nuclear import of PICs,,-2.2,5.2,3.7,16474,30,421,4,0.95,0.47,8021|9631|9883|23511,NUP214|NUP155|POM121|NUP188,0,Conserved
GO Biological Processes,19,GO:0022618,ribonucleoprotein complex assembly,19_GO:0009987 cellular process,-2.2,2.9,3.2,16474,109,421,8,1.9,0.67,6607|9092|22907|26576|29960|54496|54680|79869,SMN2|SART1|DHX30|SRPK3|MRM2|PRMT7|ZNHIT6|CPSF7,0,Conserved
GO Biological Processes,19,GO:0008203,cholesterol metabolic process,19_GO:0008152 metabolic process,-2.1,2.8,3.1,16474,110,421,8,1.9,0.67,351|1080|2222|5467|5562|10613|10858|403313,APP|CFTR|FDFT1|PPARD|PRKAA1|ERLIN1|CYP46A1|PLPP6,0,Conserved
GO Biological Processes,19,GO:0051220,cytoplasmic sequestering of protein,19_GO:0051179 localization,-2.1,7.3,4.1,16474,16,421,3,0.71,0.41,3586|4792|51608,IL10|NFKBIA|GET4,0,Conserved
GO Biological Processes,19,GO:0043249,erythrocyte maturation,19_GO:0042592 homeostatic process,-2.1,7.3,4.1,16474,16,421,3,0.71,0.41,8314|8399|9991,BAP1|PLA2G10|PTBP3,0,Conserved
GO Biological Processes,19,GO:0006378,mRNA polyadenylation,19_GO:0008152 metabolic process,-2.1,7.3,4.1,16474,16,421,3,0.71,0.41,351|56903|64282,APP|PAPOLB|TENT4B,0,Conserved
GO Biological Processes,19,GO:0006304,DNA modification,19_GO:0008152 metabolic process,-2.1,3.1,3.2,16474,88,421,7,1.7,0.62,339|54456|55904|56165|84944|136991|163589,APOBEC1|MOV10L1|KMT2E|TDRD1|MAEL|ASZ1|TDRD5,0,Conserved
Reactome Gene Sets,6,R-HSA-170822,Regulation of Glucokinase by Glucokinase Regulatory Protein,,-2.1,5,3.7,16474,31,421,4,0.95,0.47,8021|9631|9883|23511,NUP214|NUP155|POM121|NUP188,0,Conserved
Reactome Gene Sets,6,R-HSA-176033,Interactions of Vpr with host cellular proteins,,-2.1,5,3.7,16474,31,421,4,0.95,0.47,8021|9631|9883|23511,NUP214|NUP155|POM121|NUP188,0,Conserved
Reactome Gene Sets,6,R-HSA-159227,Transport of the SLBP independent Mature mRNA,,-2.1,5,3.7,16474,31,421,4,0.95,0.47,8021|9631|9883|23511,NUP214|NUP155|POM121|NUP188,0,Conserved
Reactome Gene Sets,6,R-HSA-168274,Export of Viral Ribonucleoproteins from Nucleus,,-2.1,5,3.7,16474,31,421,4,0.95,0.47,8021|9631|9883|23511,NUP214|NUP155|POM121|NUP188,0,Conserved
Reactome Gene Sets,6,R-HSA-5619107,Defective TPR may confer susceptibility towards thyroid papillary carcinoma (TPC),,-2.1,5,3.7,16474,31,421,4,0.95,0.47,8021|9631|9883|23511,NUP214|NUP155|POM121|NUP188,0,Conserved
GO Biological Processes,19,GO:0045787,positive regulation of cell cycle,19_GO:0048518 positive regulation of biological process,-2.1,2.1,2.9,16474,263,421,14,3.3,0.87,351|3586|3955|4040|4488|4921|5902|23137|23276|55904|56257|84250|245711|284071,APP|IL10|LFNG|LRP6|MSX2|DDR2|RANBP1|SMC5|KLHL18|KMT2E|MEPCE|SLF1|SPDYA|MEIOC,0,Conserved
Reactome Gene Sets,6,R-HSA-9610379,HCMV Late Events,,-2.1,4,3.4,16474,49,421,5,1.2,0.53,8021|9631|9883|23511|93343,NUP214|NUP155|POM121|NUP188|MVB12A,0,Conserved
GO Biological Processes,19,GO:1905515,non-motile cilium assembly,19_GO:0009987 cellular process,-2.1,4,3.4,16474,49,421,5,1.2,0.53,8100|23116|26160|57560|79659,IFT88|TOGARAM1|IFT172|IFT80|DYNC2H1,0,Conserved
Reactome Gene Sets,6,R-HSA-159230,Transport of the SLBP Dependant Mature mRNA,,-2.1,4.9,3.6,16474,32,421,4,0.95,0.47,8021|9631|9883|23511,NUP214|NUP155|POM121|NUP188,0,Conserved
GO Biological Processes,19,GO:0006695,cholesterol biosynthetic process,19_GO:0008152 metabolic process,-2.1,4.9,3.6,16474,32,421,4,0.95,0.47,1080|2222|5562|403313,CFTR|FDFT1|PRKAA1|PLPP6,0,Conserved
GO Biological Processes,19,GO:1902653,secondary alcohol biosynthetic process,19_GO:0008152 metabolic process,-2.1,4.9,3.6,16474,32,421,4,0.95,0.47,1080|2222|5562|403313,CFTR|FDFT1|PRKAA1|PLPP6,0,Conserved
GO Biological Processes,19,GO:0043153,entrainment of circadian clock by photoperiod,19_GO:0048511 rhythmic process,-2.1,6.9,3.9,16474,17,421,3,0.71,0.41,1408|5158|150094,CRY2|PDE6B|SIK1,0,Conserved
GO Biological Processes,19,GO:0061311,cell surface receptor signaling pathway involved in heart development,19_GO:0023052 signaling,-2.1,6.9,3.9,16474,17,421,3,0.71,0.41,4488|23462|89780,MSX2|HEY1|WNT3A,0,Conserved
GO Biological Processes,19,GO:0002902,regulation of B cell apoptotic process,19_GO:0050789 regulation of biological process,-2.1,6.9,3.9,16474,17,421,3,0.71,0.41,3558|3586|8660,IL2|IL10|IRS2,0,Conserved
GO Biological Processes,19,GO:0030705,cytoskeleton-dependent intracellular transport,19_GO:0051179 localization,-2,2.4,2.9,16474,163,421,10,2.4,0.74,351|8100|10749|25777|26160|28981|57539|57560|79659|79989,APP|IFT88|KIF1C|SUN2|IFT172|IFT81|WDR35|IFT80|DYNC2H1|TTC26,0,Conserved
Reactome Gene Sets,6,R-HSA-168325,Viral Messenger RNA Synthesis,,-2,4.7,3.5,16474,33,421,4,0.95,0.47,8021|9631|9883|23511,NUP214|NUP155|POM121|NUP188,0,Conserved
Reactome Gene Sets,6,R-HSA-4085377,SUMOylation of SUMOylation proteins,,-2,4.7,3.5,16474,33,421,4,0.95,0.47,8021|9631|9883|23511,NUP214|NUP155|POM121|NUP188,0,Conserved
GO Biological Processes,19,GO:0090207,regulation of triglyceride metabolic process,19_GO:0008152 metabolic process,-2,4.7,3.5,16474,33,421,4,0.95,0.47,339|5294|6653|150094,APOBEC1|PIK3CG|SORL1|SIK1,0,Conserved
Reactome Gene Sets,6,R-HSA-168276,NS1 Mediated Effects on Host Pathways,,-2,4.7,3.5,16474,33,421,4,0.95,0.47,8021|9631|9883|23511,NUP214|NUP155|POM121|NUP188,0,Conserved
GO Biological Processes,19,GO:0007423,sensory organ development,19_GO:0032502 developmental process,-2,1.8,2.7,16474,440,421,20,4.8,1,525|613|1295|1735|1739|1889|3985|5146|5158|5754|6094|6497|8100|9927|26160|56603|56917|57835|89780|124590,ATP6V1B1|BCR|COL8A1|DIO3|DLG1|ECE1|LIMK2|PDE6C|PDE6B|PTK7|ROM1|SKI|IFT88|MFN2|IFT172|CYP26B1|MEIS3|SLC4A5|WNT3A|USH1G,0,Conserved
GO Biological Processes,19,GO:0001578,microtubule bundle formation,19_GO:0009987 cellular process,-2,2.7,3,16474,116,421,8,1.9,0.67,2302|8632|23116|25981|26140|79989|164781|286207,FOXJ1|DNAH17|TOGARAM1|DNAH1|TTLL3|TTC26|DAW1|CFAP157,0,Conserved
GO Biological Processes,19,GO:0071826,ribonucleoprotein complex subunit organization,19_GO:0009987 cellular process,-2,2.7,3,16474,116,421,8,1.9,0.67,6607|9092|22907|26576|29960|54496|54680|79869,SMN2|SART1|DHX30|SRPK3|MRM2|PRMT7|ZNHIT6|CPSF7,0,Conserved
