_MEMBER_Acelerated,_MEMBER_Conserved,_LogP_Acelerated,_LogP_Conserved,GO,Description,_PATTERN_,_RANK_,GiniIndex
1,0,-2.2,0,GO:0035331,negative regulation of hippo signaling,M10,1,0
0,1,0,-2.9,GO:0099111,microtubule-based transport,M01,1,0
0,1,0,-2.9,GO:1903312,negative regulation of mRNA metabolic process,M01,1,0
0,1,0,-2,GO:0030705,cytoskeleton-dependent intracellular transport,M01,1,0
1,0,-2.1,0,GO:0106049,regulation of cellular response to osmotic stress,M10,1,0
0,1,0,-4.3,GO:0060271,cilium assembly,M01,1,0
1,0,-2.2,0,GO:0002831,regulation of response to biotic stimulus,M10,1,0
0,1,0,-13,GO:0007276,gamete generation,M01,1,0
0,1,0,-2.5,GO:0042447,hormone catabolic process,M01,1,0
0,1,0,-2.1,GO:0006378,mRNA polyadenylation,M01,1,0
0,1,0,-2.6,GO:0031503,protein-containing complex localization,M01,1,0
0,1,0,-3.7,GO:0071392,cellular response to estradiol stimulus,M01,1,0
0,1,0,-2.7,WP4532,Intraflagellar transport proteins binding to dynein,M01,1,0
0,1,0,-2,R-HSA-168325,Viral Messenger RNA Synthesis,M01,1,0
0,1,0,-2.6,GO:0035082,axoneme assembly,M01,1,0
0,1,0,-2.1,GO:0043249,erythrocyte maturation,M01,1,0
0,1,0,-2.9,GO:0016125,sterol metabolic process,M01,1,0
0,1,0,-2.2,GO:0071396,cellular response to lipid,M01,1,0
0,1,0,-2.2,R-HSA-168333,NEP/NS2 Interacts with the Cellular Export Machinery,M01,1,0
0,1,0,-2,R-HSA-168276,NS1 Mediated Effects on Host Pathways,M01,1,0
0,1,0,-6,GO:0048515,spermatid differentiation,M01,1,0
0,1,0,-8.6,GO:0022412,cellular process involved in reproduction in multicellular organism,M01,1,0
0,1,0,-2.1,GO:0002902,regulation of B cell apoptotic process,M01,1,0
1,0,-2,0,GO:0034311,diol metabolic process,M10,1,0
1,0,-3.8,0,GO:0045087,innate immune response,M10,1,0
0,1,0,-4.3,GO:0043046,DNA methylation involved in gamete generation,M01,1,0
0,1,0,-5.6,GO:0044782,cilium organization,M01,1,0
0,1,0,-2.2,GO:0035113,embryonic appendage morphogenesis,M01,1,0
1,0,-4.2,0,GO:0048525,negative regulation of viral process,M10,1,0
0,1,0,-2.2,GO:0035107,appendage morphogenesis,M01,1,0
0,1,0,-4.7,GO:0033365,protein localization to organelle,M01,1,0
1,0,-2.8,0,R-HSA-389397,Orexin and neuropeptides FF and QRFP bind to their respective receptors,M10,1,0
0,1,0,-2.2,R-HSA-180746,Nuclear import of Rev protein,M01,1,0
0,1,0,-2.2,R-HSA-168271,Transport of Ribonucleoproteins into the Host Nucleus,M01,1,0
1,0,-2.2,0,M5880,NABA ECM AFFILIATED,M10,1,0
0,1,0,-2.2,R-HSA-163210,Formation of ATP by chemiosmotic coupling,M01,1,0
0,1,0,-2.1,GO:0061311,cell surface receptor signaling pathway involved in heart development,M01,1,0
0,1,0,-2.3,GO:0072594,establishment of protein localization to organelle,M01,1,0
0,1,0,-2.3,GO:2000008,regulation of protein localization to cell surface,M01,1,0
1,0,-2.6,0,WP98,Prostaglandin synthesis and regulation,M10,1,0
0,1,0,-2.2,GO:0022618,ribonucleoprotein complex assembly,M01,1,0
1,0,-2.1,0,R-HSA-6805567,Keratinization,M10,1,0
1,0,-2.4,0,GO:0032496,response to lipopolysaccharide,M10,1,0
1,0,-2,0,R-HSA-549132,Organic cation/anion/zwitterion transport,M10,1,0
0,1,0,-4.1,R-HSA-5620924,Intraflagellar transport,M01,1,0
0,1,0,-2.1,GO:0045787,positive regulation of cell cycle,M01,1,0
0,1,0,-2.1,R-HSA-159230,Transport of the SLBP Dependant Mature mRNA,M01,1,0
0,1,0,-2.1,R-HSA-5619107,Defective TPR may confer susceptibility towards thyroid papillary carcinoma (TPC),M01,1,0
0,1,0,-2.1,GO:1905515,non-motile cilium assembly,M01,1,0
0,1,0,-6,R-HSA-211000,Gene Silencing by RNA,M01,1,0
0,1,0,-2.3,GO:0031330,negative regulation of cellular catabolic process,M01,1,0
1,0,-2.3,0,GO:1903901,negative regulation of viral life cycle,M10,1,0
1,0,-2,0,GO:0002252,immune effector process,M10,1,0
1,0,-2.9,0,R-HSA-909733,Interferon alpha/beta signaling,M10,1,0
1,0,-2.1,0,GO:0045088,regulation of innate immune response,M10,1,0
0,1,0,-2.5,GO:0031047,RNA-mediated gene silencing,M01,1,0
0,1,0,-4.3,GO:0090209,negative regulation of triglyceride metabolic process,M01,1,0
1,0,-4.1,0,R-HSA-8983711,OAS antiviral response,M10,1,0
1,0,-2.6,0,GO:0009617,response to bacterium,M10,1,0
1,0,-2.1,0,GO:0002753,cytosolic pattern recognition receptor signaling pathway,M10,1,0
0,1,0,-2.5,GO:1904707,positive regulation of vascular associated smooth muscle cell proliferation,M01,1,0
0,1,0,-2.7,GO:0090596,sensory organ morphogenesis,M01,1,0
0,1,0,-3,GO:0006306,DNA methylation,M01,1,0
0,1,0,-3,GO:0048469,cell maturation,M01,1,0
0,1,0,-2.1,GO:0051220,cytoplasmic sequestering of protein,M01,1,0
1,0,-2.4,0,GO:0086091,regulation of heart rate by cardiac conduction,M10,1,0
0,1,0,-2.2,GO:0035108,limb morphogenesis,M01,1,0
0,1,0,-2.1,GO:1902653,secondary alcohol biosynthetic process,M01,1,0
0,1,0,-2.4,GO:0007141,male meiosis I,M01,1,0
0,1,0,-3.6,GO:0071695,anatomical structure maturation,M01,1,0
0,1,0,-2.2,GO:0006259,DNA metabolic process,M01,1,0
1,0,-2.6,0,WP4880,Host-pathogen interaction of human coronaviruses - interferon induction,M10,1,0
1,0,-2.2,0,GO:1903900,regulation of viral life cycle,M10,1,0
0,1,0,-2.5,R-HSA-5578749,Transcriptional regulation by small RNAs,M01,1,0
0,1,0,-2.2,GO:0070050,neuron cellular homeostasis,M01,1,0
1,0,-2.6,0,GO:2001280,positive regulation of unsaturated fatty acid biosynthetic process,M10,1,0
0,1,0,-2.2,GO:0010256,endomembrane system organization,M01,1,0
1,0,-2.4,0,GO:0071715,icosanoid transport,M10,1,0
1,0,-2.1,0,GO:0098901,regulation of cardiac muscle cell action potential,M10,1,0
0,1,0,-2.8,CORUM:6173,Intraflagellar transport complex B core complex,M01,1,0
0,1,0,-16,GO:0048232,male gamete generation,M01,1,0
1,0,-3,0,GO:0098907,regulation of SA node cell action potential,M10,1,0
0,1,0,-2.7,GO:0045600,positive regulation of fat cell differentiation,M01,1,0
0,1,0,-2.9,R-HSA-165054,Rev-mediated nuclear export of HIV RNA,M01,1,0
0,1,0,-2.3,GO:0048240,sperm capacitation,M01,1,0
0,1,0,-2.1,GO:0043153,entrainment of circadian clock by photoperiod,M01,1,0
1,0,-2.1,0,WP4705,Pathways of nucleic acid metabolism and innate immune sensing,M10,1,0
1,0,-2.2,0,GO:0032675,regulation of interleukin-6 production,M10,1,0
0,1,0,-3.3,GO:0120031,plasma membrane bounded cell projection assembly,M01,1,0
0,1,0,-3.3,GO:0021700,developmental maturation,M01,1,0
0,1,0,-3.3,GO:1902373,negative regulation of mRNA catabolic process,M01,1,0
1,0,-2.1,0,GO:0001818,negative regulation of cytokine production,M10,1,0
0,1,0,-2.8,GO:1903311,regulation of mRNA metabolic process,M01,1,0
0,1,0,-3.1,GO:0070918,regulatory ncRNA processing,M01,1,0
0,1,0,-6.9,GO:0007281,germ cell development,M01,1,0
0,1,0,-2.4,GO:0009895,negative regulation of catabolic process,M01,1,0
0,1,0,-2,GO:0007423,sensory organ development,M01,1,0
0,1,0,-2.8,GO:0010970,transport along microtubule,M01,1,0
0,1,0,-4.8,CORUM:6172,Intraflagellar transport complex B,M01,1,0
0,1,0,-2.3,GO:0031124,mRNA 3'-end processing,M01,1,0
0,1,0,-2.2,GO:0140013,meiotic nuclear division,M01,1,0
0,1,0,-2.2,R-HSA-180910,Vpr-mediated nuclear import of PICs,M01,1,0
0,1,0,-3.6,GO:0030031,cell projection assembly,M01,1,0
1,0,-2,0,GO:0006857,oligopeptide transport,M10,1,0
0,1,0,-2.6,GO:0048736,appendage development,M01,1,0
1,0,-2.3,0,GO:0031663,lipopolysaccharide-mediated signaling pathway,M10,1,0
1,0,-2.1,0,GO:0042401,biogenic amine biosynthetic process,M10,1,0
0,1,0,-5.4,GO:0007140,male meiotic nuclear division,M01,1,0
1,0,-2.3,0,GO:0002833,positive regulation of response to biotic stimulus,M10,1,0
0,1,0,-2.3,WP399,Wnt signaling pathway and pluripotency,M01,1,0
0,1,0,-2,R-HSA-4085377,SUMOylation of SUMOylation proteins,M01,1,0
0,1,0,-4,GO:0042073,intraciliary transport,M01,1,0
1,0,-2.5,0,GO:0009615,response to virus,M10,1,0
1,0,-2.3,0,GO:0140374,antiviral innate immune response,M10,1,0
1,0,-2,0,GO:0071360,cellular response to exogenous dsRNA,M10,1,0
1,0,-2.1,0,GO:0002237,response to molecule of bacterial origin,M10,1,0
0,1,0,-2.3,GO:0097094,craniofacial suture morphogenesis,M01,1,0
0,1,0,-4.4,GO:0035720,intraciliary anterograde transport,M01,1,0
1,0,-2.2,0,GO:0002697,regulation of immune effector process,M10,1,0
0,1,0,-6.3,GO:0007286,spermatid development,M01,1,0
0,1,0,-15,GO:0007283,spermatogenesis,M01,1,0
0,1,0,-2.1,GO:0008203,cholesterol metabolic process,M01,1,0
1,0,-2.4,0,GO:0046597,negative regulation of viral entry into host cell,M10,1,0
1,0,-2.2,0,GO:0050766,positive regulation of phagocytosis,M10,1,0
1,0,-2.2,0,GO:0045071,negative regulation of viral genome replication,M10,1,0
0,1,0,-3,GO:0006305,DNA alkylation,M01,1,0
1,0,-2.1,0,GO:0050764,regulation of phagocytosis,M10,1,0
1,0,-2,0,GO:0009309,amine biosynthetic process,M10,1,0
1,0,-2,0,GO:0034116,positive regulation of heterotypic cell-cell adhesion,M10,1,0
1,0,-2.2,0,GO:2001279,regulation of unsaturated fatty acid biosynthetic process,M10,1,0
0,1,0,-2.1,R-HSA-9610379,HCMV Late Events,M01,1,0
0,1,0,-2.2,GO:0045598,regulation of fat cell differentiation,M01,1,0
0,1,0,-2.1,R-HSA-170822,Regulation of Glucokinase by Glucokinase Regulatory Protein,M01,1,0
0,1,0,-2.3,GO:0048255,mRNA stabilization,M01,1,0
0,1,0,-2.1,R-HSA-159227,Transport of the SLBP independent Mature mRNA,M01,1,0
0,1,0,-2.9,GO:0044728,DNA methylation or demethylation,M01,1,0
1,0,-3.7,0,GO:0002221,pattern recognition receptor signaling pathway,M10,1,0
1,0,-2.3,0,GO:0043650,dicarboxylic acid biosynthetic process,M10,1,0
0,1,0,-2.2,GO:0045026,plasma membrane fusion,M01,1,0
1,0,-3.7,0,GO:0002758,innate immune response-activating signaling pathway,M10,1,0
0,1,0,-2.1,R-HSA-176033,Interactions of Vpr with host cellular proteins,M01,1,0
1,0,-3,0,GO:0002218,activation of innate immune response,M10,1,0
1,0,-2.6,0,GO:0042276,error-prone translesion synthesis,M10,1,0
0,1,0,-2.9,R-HSA-177243,Interactions of Rev with host cellular proteins,M01,1,0
0,1,0,-2,GO:0001578,microtubule bundle formation,M01,1,0
1,0,-2.2,0,GO:0050792,regulation of viral process,M10,1,0
0,1,0,-3,GO:0007018,microtubule-based movement,M01,1,0
1,0,-2.1,0,GO:0032103,positive regulation of response to external stimulus,M10,1,0
0,1,0,-2.6,GO:0061013,regulation of mRNA catabolic process,M01,1,0
1,0,-2.1,0,R-HSA-1187000,Fertilization,M10,1,0
0,1,0,-2.3,GO:0014823,response to activity,M01,1,0
0,1,0,-2.1,GO:0006304,DNA modification,M01,1,0
0,1,0,-2.3,R-HSA-191859,snRNP Assembly,M01,1,0
0,1,0,-3.3,GO:0051321,meiotic cell cycle,M01,1,0
0,1,0,-2.1,R-HSA-168274,Export of Viral Ribonucleoproteins from Nucleus,M01,1,0
1,0,-2.4,0,GO:0033314,mitotic DNA replication checkpoint signaling,M10,1,0
0,1,0,-3.6,GO:0061512,protein localization to cilium,M01,1,0
0,1,0,-2.7,GO:0034587,piRNA processing,M01,1,0
0,1,0,-2.3,R-HSA-194441,Metabolism of non-coding RNA,M01,1,0
0,1,0,-2,GO:0071826,ribonucleoprotein complex subunit organization,M01,1,0
0,1,0,-3.9,R-HSA-5601884,PIWI-interacting RNA (piRNA) biogenesis,M01,1,0
0,1,0,-2.2,GO:0030326,embryonic limb morphogenesis,M01,1,0
0,1,0,-4.8,CORUM:7417,CFTR-GOPC-STX6 complex,M01,1,0
0,1,0,-2.1,GO:0006695,cholesterol biosynthetic process,M01,1,0
1,0,-2.2,0,GO:0045824,negative regulation of innate immune response,M10,1,0
0,1,0,-3.1,WP4536,Genes related to primary cilium development (based on CRISPR),M01,1,0
1,0,-2,0,GO:0045089,positive regulation of innate immune response,M10,1,0
1,0,-2.2,0,hsa05164,Influenza A,M10,1,0
0,1,0,-2.6,GO:0060173,limb development,M01,1,0
0,1,0,-2,GO:0090207,regulation of triglyceride metabolic process,M01,1,0
0,1,0,-2.8,GO:1902369,negative regulation of RNA catabolic process,M01,1,0
