Network,Annotation
Body Size,GO:0010564|regulation of cell cycle process|-5.2;R-HSA-1280218|Adaptive Immune System|-3.8;GO:0051321|meiotic cell cycle|-3.7
Testes Size,GO:0007283|spermatogenesis|-13.5;GO:0048232|male gamete generation|-13.3;GO:0007276|gamete generation|-12.2
Testes Size_MCODE_ALL,GO:0043046|DNA methylation involved in gamete generation|-12.1;R-HSA-5601884|PIWI-interacting RNA (piRNA) biogenesis|-11.8;GO:0034587|piRNA processing|-11.7
Testes Size_SUB1_MCODE_1,GO:0043046|DNA methylation involved in gamete generation|-12.1;R-HSA-5601884|PIWI-interacting RNA (piRNA) biogenesis|-11.8;GO:0034587|piRNA processing|-11.7
_FINAL,GO:0007283|spermatogenesis|-19.0;GO:0048232|male gamete generation|-18.7;GO:0007276|gamete generation|-18.3
_FINAL_MCODE_ALL,GO:0043046|DNA methylation involved in gamete generation|-9.8;R-HSA-5601884|PIWI-interacting RNA (piRNA) biogenesis|-9.5;GO:0034587|piRNA processing|-9.4
_FINAL_SUB1_MCODE_1,GO:0043046|DNA methylation involved in gamete generation|-12.1;R-HSA-5601884|PIWI-interacting RNA (piRNA) biogenesis|-11.8;GO:0034587|piRNA processing|-11.7
_FINAL_SUB3_MCODE_3,R-HSA-983189|Kinesins|-7.6;R-HSA-6811434|COPI-dependent Golgi-to-ER retrograde traffic|-7.1;R-HSA-2132295|MHC class II antigen presentation|-6.8
