Name,Category,CategoryID,GO,Description,PARENT_GO,LogP,Enrichment,Z-score,#TotalGeneInLibrary,#GeneInGO,#GeneInHitList,#GeneInGOAndHitList,%InGO,STDV %InGO,GeneID,Hits,Log(q-value)
Body Size,GO Biological Processes,19,GO:0010564,regulation of cell cycle process,19_GO:0050789 regulation of biological process,-5.2,16,8.5,16475,579,9,5,56,17,4591|9319|56992|84643|143471,TRIM37|TRIP13|KIF15|KIF2B|PSMA8,-3
Body Size,Reactome Gene Sets,6,R-HSA-1280218,Adaptive Immune System,,-3.8,13,6.7,16475,570,9,4,44,17,4591|56992|84643|143471,TRIM37|KIF15|KIF2B|PSMA8,-1.7
Body Size,GO Biological Processes,19,GO:0051321,meiotic cell cycle,19_GO:0022414 reproductive process,-3.7,25,8.4,16475,219,9,3,33,16,9319|11077|143471,TRIP13|HSF2BP|PSMA8,-1.6
Body Size,GO Biological Processes,19,GO:0007283,spermatogenesis,19_GO:0022414 reproductive process,-2.7,11,5.3,16475,501,9,3,33,16,9319|11077|143471,TRIP13|HSF2BP|PSMA8,-0.67
Body Size,GO Biological Processes,19,GO:0048232,male gamete generation,19_GO:0022414 reproductive process,-2.6,11,5.2,16475,518,9,3,33,16,9319|11077|143471,TRIP13|HSF2BP|PSMA8,-0.64
Body Size,GO Biological Processes,19,GO:0007276,gamete generation,19_GO:0022414 reproductive process,-2.4,8.7,4.6,16475,631,9,3,33,16,9319|11077|143471,TRIP13|HSF2BP|PSMA8,-0.42
Testes Size,GO Biological Processes,19,GO:0007283,spermatogenesis,19_GO:0022414 reproductive process,-14,18,15,16475,501,24,13,54,10,6676|54456|54763|56163|56165|66037|84215|84944|124404|136991|152015|163589|221400,SPAG4|MOV10L1|ROPN1|RNF17|TDRD1|BOLL|ZNF541|MAEL|SEPTIN12|ASZ1|ROPN1B|TDRD5|TDRD6,-9.8
Testes Size,GO Biological Processes,19,GO:0048232,male gamete generation,19_GO:0022414 reproductive process,-13,17,14,16475,518,24,13,54,10,6676|54456|54763|56163|56165|66037|84215|84944|124404|136991|152015|163589|221400,SPAG4|MOV10L1|ROPN1|RNF17|TDRD1|BOLL|ZNF541|MAEL|SEPTIN12|ASZ1|ROPN1B|TDRD5|TDRD6,-9.7
Testes Size,GO Biological Processes,19,GO:0007276,gamete generation,19_GO:0022414 reproductive process,-12,14,13,16475,631,24,13,54,10,6676|54456|54763|56163|56165|66037|84215|84944|124404|136991|152015|163589|221400,SPAG4|MOV10L1|ROPN1|RNF17|TDRD1|BOLL|ZNF541|MAEL|SEPTIN12|ASZ1|ROPN1B|TDRD5|TDRD6,-8.7
Testes Size,Reactome Gene Sets,6,R-HSA-211000,Gene Silencing by RNA,,-11,71,22,16475,68,24,7,29,9.3,8021|9631|54456|56165|84944|136991|221400,NUP214|NUP155|MOV10L1|TDRD1|MAEL|ASZ1|TDRD6,-8.2
Testes Size,GO Biological Processes,19,GO:0043046,DNA methylation involved in gamete generation,19_GO:0022414 reproductive process,-11,2e+02,32,16475,17,24,5,21,8.3,54456|56165|84944|136991|163589,MOV10L1|TDRD1|MAEL|ASZ1|TDRD5,-7.5
Testes Size,Reactome Gene Sets,6,R-HSA-5601884,PIWI-interacting RNA (piRNA) biogenesis,,-10,1.7e+02,29,16475,20,24,5,21,8.3,54456|56165|84944|136991|221400,MOV10L1|TDRD1|MAEL|ASZ1|TDRD6,-7.3
Testes Size,GO Biological Processes,19,GO:0070918,regulatory ncRNA processing,19_GO:0048519 negative regulation of biological process,-8.4,78,20,16475,44,24,5,21,8.3,9631|54456|56165|84944|136991,NUP155|MOV10L1|TDRD1|MAEL|ASZ1,-5.7
Testes Size,GO Biological Processes,19,GO:0006305,DNA alkylation,19_GO:0008152 metabolic process,-8.3,75,19,16475,46,24,5,21,8.3,54456|56165|84944|136991|163589,MOV10L1|TDRD1|MAEL|ASZ1|TDRD5,-5.6
Testes Size,GO Biological Processes,19,GO:0006306,DNA methylation,19_GO:0008152 metabolic process,-8.3,75,19,16475,46,24,5,21,8.3,54456|56165|84944|136991|163589,MOV10L1|TDRD1|MAEL|ASZ1|TDRD5,-5.6
Testes Size,GO Biological Processes,19,GO:0034587,piRNA processing,19_GO:0048519 negative regulation of biological process,-7.7,1.3e+02,23,16475,21,24,4,17,7.6,54456|56165|84944|136991,MOV10L1|TDRD1|MAEL|ASZ1,-5.1
Testes Size,GO Biological Processes,19,GO:0044728,DNA methylation or demethylation,19_GO:0008152 metabolic process,-7.5,54,16,16475,64,24,5,21,8.3,54456|56165|84944|136991|163589,MOV10L1|TDRD1|MAEL|ASZ1|TDRD5,-4.9
Testes Size,GO Biological Processes,19,GO:0022412,cellular process involved in reproduction in multicellular organism,19_GO:0022414 reproductive process,-7.4,15,10,16475,375,24,8,33,9.6,54456|54763|56163|56165|84944|136991|152015|163589,MOV10L1|ROPN1|RNF17|TDRD1|MAEL|ASZ1|ROPN1B|TDRD5,-4.9
Testes Size,GO Biological Processes,19,GO:0031047,RNA-mediated gene silencing,19_GO:0048519 negative regulation of biological process,-7.1,45,15,16475,76,24,5,21,8.3,9631|54456|56165|84944|136991,NUP155|MOV10L1|TDRD1|MAEL|ASZ1,-4.6
Testes Size,GO Biological Processes,19,GO:0006304,DNA modification,19_GO:0008152 metabolic process,-6.8,39,14,16475,88,24,5,21,8.3,54456|56165|84944|136991|163589,MOV10L1|TDRD1|MAEL|ASZ1|TDRD5,-4.4
Testes Size,GO Biological Processes,19,GO:0007281,germ cell development,19_GO:0022414 reproductive process,-5.7,15,9,16475,269,24,6,25,8.8,54456|54763|56163|56165|152015|163589,MOV10L1|ROPN1|RNF17|TDRD1|ROPN1B|TDRD5,-3.4
Testes Size,GO Biological Processes,19,GO:0051321,meiotic cell cycle,19_GO:0022414 reproductive process,-4.9,16,8.3,16475,219,24,5,21,8.3,54456|56165|66037|84944|136991,MOV10L1|TDRD1|BOLL|MAEL|ASZ1,-2.6
Testes Size,GO Biological Processes,19,GO:0043414,macromolecule methylation,19_GO:0008152 metabolic process,-4.8,15,8.2,16475,227,24,5,21,8.3,54456|56165|84944|136991|163589,MOV10L1|TDRD1|MAEL|ASZ1|TDRD5,-2.6
Testes Size,GO Biological Processes,19,GO:0006259,DNA metabolic process,19_GO:0008152 metabolic process,-4.5,7.3,6.3,16475,658,24,7,29,9.3,5378|54456|56165|84944|136991|144715|163589,PMS1|MOV10L1|TDRD1|MAEL|ASZ1|RAD9B|TDRD5,-2.4
Testes Size,GO Biological Processes,19,GO:0032259,methylation,19_GO:0008152 metabolic process,-4.4,13,7.4,16475,271,24,5,21,8.3,54456|56165|84944|136991|163589,MOV10L1|TDRD1|MAEL|ASZ1|TDRD5,-2.3
Testes Size,GO Biological Processes,19,GO:0007140,male meiotic nuclear division,19_GO:0022414 reproductive process,-4.3,41,11,16475,50,24,3,12,6.8,54456|84944|136991,MOV10L1|MAEL|ASZ1,-2.2
Testes Size,GO Biological Processes,19,GO:0007286,spermatid development,19_GO:0022414 reproductive process,-4,16,7.5,16475,174,24,4,17,7.6,54763|56163|152015|163589,ROPN1|RNF17|ROPN1B|TDRD5,-1.9
Testes Size,GO Biological Processes,19,GO:0034470,ncRNA processing,19_GO:0008152 metabolic process,-3.9,9.9,6.4,16475,348,24,5,21,8.3,9631|54456|56165|84944|136991,NUP155|MOV10L1|TDRD1|MAEL|ASZ1,-1.8
Testes Size,GO Biological Processes,19,GO:0048515,spermatid differentiation,19_GO:0022414 reproductive process,-3.9,15,7.3,16475,181,24,4,17,7.6,54763|56163|152015|163589,ROPN1|RNF17|ROPN1B|TDRD5,-1.8
Testes Size,GO Biological Processes,19,GO:0034660,ncRNA metabolic process,19_GO:0008152 metabolic process,-3.4,7.9,5.5,16475,437,24,5,21,8.3,9631|54456|56165|84944|136991,NUP155|MOV10L1|TDRD1|MAEL|ASZ1,-1.4
Testes Size,GO Biological Processes,19,GO:0044782,cilium organization,19_GO:0009987 cellular process,-3,8.7,5.3,16475,317,24,4,17,7.6,54763|137392|152015|254187,ROPN1|CIBAR1|ROPN1B|TSGA10IP,-0.93
Testes Size,GO Biological Processes,19,GO:0048469,cell maturation,19_GO:0032502 developmental process,-3,15,6.2,16475,142,24,3,12,6.8,54763|152015|163589,ROPN1|ROPN1B|TDRD5,-0.91
Testes Size,GO Biological Processes,19,GO:0140013,meiotic nuclear division,19_GO:0022414 reproductive process,-2.9,14,5.9,16475,152,24,3,12,6.8,54456|84944|136991,MOV10L1|MAEL|ASZ1,-0.84
Testes Size,GO Biological Processes,19,GO:1903046,meiotic cell cycle process,19_GO:0022414 reproductive process,-2.8,12,5.6,16475,166,24,3,12,6.8,54456|84944|136991,MOV10L1|MAEL|ASZ1,-0.74
Testes Size,GO Biological Processes,19,GO:0071695,anatomical structure maturation,19_GO:0032502 developmental process,-2.7,11,5.4,16475,181,24,3,12,6.8,54763|152015|163589,ROPN1|ROPN1B|TDRD5,-0.64
Testes Size,GO Biological Processes,19,GO:0010256,endomembrane system organization,19_GO:0009987 cellular process,-2.5,6.5,4.4,16475,420,24,4,17,7.6,6676|9631|152015|342096,SPAG4|NUP155|ROPN1B|GOLGA6A,-0.54
Testes Size,GO Biological Processes,19,GO:0021700,developmental maturation,19_GO:0032502 developmental process,-2.4,9.4,4.8,16475,218,24,3,12,6.8,54763|152015|163589,ROPN1|ROPN1B|TDRD5,-0.44
Testes Size,GO Biological Processes,19,GO:0000280,nuclear division,19_GO:0009987 cellular process,-2.2,7.6,4.2,16475,272,24,3,12,6.8,54456|84944|136991,MOV10L1|MAEL|ASZ1,-0.19
Testes Size,GO Biological Processes,19,GO:0033365,protein localization to organelle,19_GO:0051179 localization,-2.2,5.1,3.7,16475,537,24,4,17,7.6,8021|9631|54763|152015,NUP214|NUP155|ROPN1|ROPN1B,-0.19
Testes Size,GO Biological Processes,19,GO:0048285,organelle fission,19_GO:0009987 cellular process,-2.1,7,4,16475,296,24,3,12,6.8,54456|84944|136991,MOV10L1|MAEL|ASZ1,-0.11
Testes Size,GO Biological Processes,19,GO:0061024,membrane organization,19_GO:0009987 cellular process,-2,4.7,3.5,16475,589,24,4,17,7.6,6676|9631|137392|152015,SPAG4|NUP155|CIBAR1|ROPN1B,-0.07
Testes Size_MCODE_ALL,GO Biological Processes,19,GO:0043046,DNA methylation involved in gamete generation,19_GO:0022414 reproductive process,-12,9.7e+02,62,16475,17,4,4,1e+02,22,54456|56165|84944|136991,MOV10L1|TDRD1|MAEL|ASZ1,-8.7
Testes Size_MCODE_ALL,Reactome Gene Sets,6,R-HSA-5601884,PIWI-interacting RNA (piRNA) biogenesis,,-12,8.2e+02,57,16475,20,4,4,1e+02,22,54456|56165|84944|136991,MOV10L1|TDRD1|MAEL|ASZ1,-8.5
Testes Size_MCODE_ALL,GO Biological Processes,19,GO:0034587,piRNA processing,19_GO:0048519 negative regulation of biological process,-12,7.8e+02,56,16475,21,4,4,1e+02,22,54456|56165|84944|136991,MOV10L1|TDRD1|MAEL|ASZ1,-8.5
Testes Size_MCODE_ALL,GO Biological Processes,19,GO:0070918,regulatory ncRNA processing,19_GO:0048519 negative regulation of biological process,-10,3.7e+02,39,16475,44,4,4,1e+02,22,54456|56165|84944|136991,MOV10L1|TDRD1|MAEL|ASZ1,-7.3
Testes Size_MCODE_ALL,GO Biological Processes,19,GO:0006305,DNA alkylation,19_GO:0008152 metabolic process,-10,3.6e+02,38,16475,46,4,4,1e+02,22,54456|56165|84944|136991,MOV10L1|TDRD1|MAEL|ASZ1,-7.3
Testes Size_MCODE_ALL,GO Biological Processes,19,GO:0006306,DNA methylation,19_GO:0008152 metabolic process,-10,3.6e+02,38,16475,46,4,4,1e+02,22,54456|56165|84944|136991,MOV10L1|TDRD1|MAEL|ASZ1,-7.3
Testes Size_MCODE_ALL,GO Biological Processes,19,GO:0044728,DNA methylation or demethylation,19_GO:0008152 metabolic process,-9.7,2.6e+02,32,16475,64,4,4,1e+02,22,54456|56165|84944|136991,MOV10L1|TDRD1|MAEL|ASZ1,-6.8
Testes Size_MCODE_ALL,Reactome Gene Sets,6,R-HSA-211000,Gene Silencing by RNA,,-9.6,2.4e+02,31,16475,68,4,4,1e+02,22,54456|56165|84944|136991,MOV10L1|TDRD1|MAEL|ASZ1,-6.8
Testes Size_MCODE_ALL,GO Biological Processes,19,GO:0031047,RNA-mediated gene silencing,19_GO:0048519 negative regulation of biological process,-9.4,2.2e+02,29,16475,76,4,4,1e+02,22,54456|56165|84944|136991,MOV10L1|TDRD1|MAEL|ASZ1,-6.6
Testes Size_MCODE_ALL,GO Biological Processes,19,GO:0006304,DNA modification,19_GO:0008152 metabolic process,-9.1,1.9e+02,27,16475,88,4,4,1e+02,22,54456|56165|84944|136991,MOV10L1|TDRD1|MAEL|ASZ1,-6.4
Testes Size_MCODE_ALL,GO Biological Processes,19,GO:0051321,meiotic cell cycle,19_GO:0022414 reproductive process,-7.5,75,17,16475,219,4,4,1e+02,22,54456|56165|84944|136991,MOV10L1|TDRD1|MAEL|ASZ1,-4.9
Testes Size_MCODE_ALL,GO Biological Processes,19,GO:0043414,macromolecule methylation,19_GO:0008152 metabolic process,-7.5,73,17,16475,227,4,4,1e+02,22,54456|56165|84944|136991,MOV10L1|TDRD1|MAEL|ASZ1,-4.9
Testes Size_MCODE_ALL,GO Biological Processes,19,GO:0032259,methylation,19_GO:0008152 metabolic process,-7.1,61,15,16475,271,4,4,1e+02,22,54456|56165|84944|136991,MOV10L1|TDRD1|MAEL|ASZ1,-4.6
Testes Size_MCODE_ALL,GO Biological Processes,19,GO:0007140,male meiotic nuclear division,19_GO:0022414 reproductive process,-7,2.5e+02,27,16475,50,4,3,75,22,54456|84944|136991,MOV10L1|MAEL|ASZ1,-4.5
Testes Size_MCODE_ALL,GO Biological Processes,19,GO:0034470,ncRNA processing,19_GO:0008152 metabolic process,-6.7,47,14,16475,348,4,4,1e+02,22,54456|56165|84944|136991,MOV10L1|TDRD1|MAEL|ASZ1,-4.3
Testes Size_MCODE_ALL,GO Biological Processes,19,GO:0022412,cellular process involved in reproduction in multicellular organism,19_GO:0022414 reproductive process,-6.6,44,13,16475,375,4,4,1e+02,22,54456|56165|84944|136991,MOV10L1|TDRD1|MAEL|ASZ1,-4.2
Testes Size_MCODE_ALL,GO Biological Processes,19,GO:0034660,ncRNA metabolic process,19_GO:0008152 metabolic process,-6.3,38,12,16475,437,4,4,1e+02,22,54456|56165|84944|136991,MOV10L1|TDRD1|MAEL|ASZ1,-4
Testes Size_MCODE_ALL,GO Biological Processes,19,GO:0007283,spermatogenesis,19_GO:0022414 reproductive process,-6.1,33,11,16475,501,4,4,1e+02,22,54456|56165|84944|136991,MOV10L1|TDRD1|MAEL|ASZ1,-3.7
Testes Size_MCODE_ALL,GO Biological Processes,19,GO:0048232,male gamete generation,19_GO:0022414 reproductive process,-6,32,11,16475,518,4,4,1e+02,22,54456|56165|84944|136991,MOV10L1|TDRD1|MAEL|ASZ1,-3.7
Testes Size_MCODE_ALL,GO Biological Processes,19,GO:0007276,gamete generation,19_GO:0022414 reproductive process,-5.7,26,10,16475,631,4,4,1e+02,22,54456|56165|84944|136991,MOV10L1|TDRD1|MAEL|ASZ1,-3.4
Testes Size_MCODE_ALL,GO Biological Processes,19,GO:0006259,DNA metabolic process,19_GO:0008152 metabolic process,-5.6,25,9.8,16475,658,4,4,1e+02,22,54456|56165|84944|136991,MOV10L1|TDRD1|MAEL|ASZ1,-3.3
Testes Size_MCODE_ALL,GO Biological Processes,19,GO:0140013,meiotic nuclear division,19_GO:0022414 reproductive process,-5.5,81,15,16475,152,4,3,75,22,54456|84944|136991,MOV10L1|MAEL|ASZ1,-3.3
Testes Size_MCODE_ALL,GO Biological Processes,19,GO:1903046,meiotic cell cycle process,19_GO:0022414 reproductive process,-5.4,74,15,16475,166,4,3,75,22,54456|84944|136991,MOV10L1|MAEL|ASZ1,-3.1
Testes Size_MCODE_ALL,GO Biological Processes,19,GO:0000280,nuclear division,19_GO:0009987 cellular process,-4.8,45,12,16475,272,4,3,75,22,54456|84944|136991,MOV10L1|MAEL|ASZ1,-2.6
Testes Size_MCODE_ALL,GO Biological Processes,19,GO:0048285,organelle fission,19_GO:0009987 cellular process,-4.6,42,11,16475,296,4,3,75,22,54456|84944|136991,MOV10L1|MAEL|ASZ1,-2.5
Testes Size_SUB1_MCODE_1,GO Biological Processes,19,GO:0043046,DNA methylation involved in gamete generation,19_GO:0022414 reproductive process,-12,9.7e+02,62,16475,17,4,4,1e+02,22,54456|56165|84944|136991,MOV10L1|TDRD1|MAEL|ASZ1,-8.7
Testes Size_SUB1_MCODE_1,Reactome Gene Sets,6,R-HSA-5601884,PIWI-interacting RNA (piRNA) biogenesis,,-12,8.2e+02,57,16475,20,4,4,1e+02,22,54456|56165|84944|136991,MOV10L1|TDRD1|MAEL|ASZ1,-8.5
Testes Size_SUB1_MCODE_1,GO Biological Processes,19,GO:0034587,piRNA processing,19_GO:0048519 negative regulation of biological process,-12,7.8e+02,56,16475,21,4,4,1e+02,22,54456|56165|84944|136991,MOV10L1|TDRD1|MAEL|ASZ1,-8.5
Testes Size_SUB1_MCODE_1,GO Biological Processes,19,GO:0070918,regulatory ncRNA processing,19_GO:0048519 negative regulation of biological process,-10,3.7e+02,39,16475,44,4,4,1e+02,22,54456|56165|84944|136991,MOV10L1|TDRD1|MAEL|ASZ1,-7.3
Testes Size_SUB1_MCODE_1,GO Biological Processes,19,GO:0006306,DNA methylation,19_GO:0008152 metabolic process,-10,3.6e+02,38,16475,46,4,4,1e+02,22,54456|56165|84944|136991,MOV10L1|TDRD1|MAEL|ASZ1,-7.3
Testes Size_SUB1_MCODE_1,GO Biological Processes,19,GO:0006305,DNA alkylation,19_GO:0008152 metabolic process,-10,3.6e+02,38,16475,46,4,4,1e+02,22,54456|56165|84944|136991,MOV10L1|TDRD1|MAEL|ASZ1,-7.3
Testes Size_SUB1_MCODE_1,GO Biological Processes,19,GO:0044728,DNA methylation or demethylation,19_GO:0008152 metabolic process,-9.7,2.6e+02,32,16475,64,4,4,1e+02,22,54456|56165|84944|136991,MOV10L1|TDRD1|MAEL|ASZ1,-6.8
Testes Size_SUB1_MCODE_1,Reactome Gene Sets,6,R-HSA-211000,Gene Silencing by RNA,,-9.6,2.4e+02,31,16475,68,4,4,1e+02,22,54456|56165|84944|136991,MOV10L1|TDRD1|MAEL|ASZ1,-6.8
Testes Size_SUB1_MCODE_1,GO Biological Processes,19,GO:0031047,RNA-mediated gene silencing,19_GO:0048519 negative regulation of biological process,-9.4,2.2e+02,29,16475,76,4,4,1e+02,22,54456|56165|84944|136991,MOV10L1|TDRD1|MAEL|ASZ1,-6.6
Testes Size_SUB1_MCODE_1,GO Biological Processes,19,GO:0006304,DNA modification,19_GO:0008152 metabolic process,-9.1,1.9e+02,27,16475,88,4,4,1e+02,22,54456|56165|84944|136991,MOV10L1|TDRD1|MAEL|ASZ1,-6.4
Testes Size_SUB1_MCODE_1,GO Biological Processes,19,GO:0051321,meiotic cell cycle,19_GO:0022414 reproductive process,-7.5,75,17,16475,219,4,4,1e+02,22,54456|56165|84944|136991,MOV10L1|TDRD1|MAEL|ASZ1,-4.9
Testes Size_SUB1_MCODE_1,GO Biological Processes,19,GO:0043414,macromolecule methylation,19_GO:0008152 metabolic process,-7.5,73,17,16475,227,4,4,1e+02,22,54456|56165|84944|136991,MOV10L1|TDRD1|MAEL|ASZ1,-4.9
Testes Size_SUB1_MCODE_1,GO Biological Processes,19,GO:0032259,methylation,19_GO:0008152 metabolic process,-7.1,61,15,16475,271,4,4,1e+02,22,54456|56165|84944|136991,MOV10L1|TDRD1|MAEL|ASZ1,-4.6
Testes Size_SUB1_MCODE_1,GO Biological Processes,19,GO:0007140,male meiotic nuclear division,19_GO:0022414 reproductive process,-7,2.5e+02,27,16475,50,4,3,75,22,54456|84944|136991,MOV10L1|MAEL|ASZ1,-4.5
Testes Size_SUB1_MCODE_1,GO Biological Processes,19,GO:0034470,ncRNA processing,19_GO:0008152 metabolic process,-6.7,47,14,16475,348,4,4,1e+02,22,54456|56165|84944|136991,MOV10L1|TDRD1|MAEL|ASZ1,-4.3
Testes Size_SUB1_MCODE_1,GO Biological Processes,19,GO:0022412,cellular process involved in reproduction in multicellular organism,19_GO:0022414 reproductive process,-6.6,44,13,16475,375,4,4,1e+02,22,54456|56165|84944|136991,MOV10L1|TDRD1|MAEL|ASZ1,-4.2
Testes Size_SUB1_MCODE_1,GO Biological Processes,19,GO:0034660,ncRNA metabolic process,19_GO:0008152 metabolic process,-6.3,38,12,16475,437,4,4,1e+02,22,54456|56165|84944|136991,MOV10L1|TDRD1|MAEL|ASZ1,-4
Testes Size_SUB1_MCODE_1,GO Biological Processes,19,GO:0007283,spermatogenesis,19_GO:0022414 reproductive process,-6.1,33,11,16475,501,4,4,1e+02,22,54456|56165|84944|136991,MOV10L1|TDRD1|MAEL|ASZ1,-3.7
Testes Size_SUB1_MCODE_1,GO Biological Processes,19,GO:0048232,male gamete generation,19_GO:0022414 reproductive process,-6,32,11,16475,518,4,4,1e+02,22,54456|56165|84944|136991,MOV10L1|TDRD1|MAEL|ASZ1,-3.7
Testes Size_SUB1_MCODE_1,GO Biological Processes,19,GO:0007276,gamete generation,19_GO:0022414 reproductive process,-5.7,26,10,16475,631,4,4,1e+02,22,54456|56165|84944|136991,MOV10L1|TDRD1|MAEL|ASZ1,-3.4
Testes Size_SUB1_MCODE_1,GO Biological Processes,19,GO:0006259,DNA metabolic process,19_GO:0008152 metabolic process,-5.6,25,9.8,16475,658,4,4,1e+02,22,54456|56165|84944|136991,MOV10L1|TDRD1|MAEL|ASZ1,-3.3
Testes Size_SUB1_MCODE_1,GO Biological Processes,19,GO:0140013,meiotic nuclear division,19_GO:0022414 reproductive process,-5.5,81,15,16475,152,4,3,75,22,54456|84944|136991,MOV10L1|MAEL|ASZ1,-3.3
Testes Size_SUB1_MCODE_1,GO Biological Processes,19,GO:1903046,meiotic cell cycle process,19_GO:0022414 reproductive process,-5.4,74,15,16475,166,4,3,75,22,54456|84944|136991,MOV10L1|MAEL|ASZ1,-3.1
Testes Size_SUB1_MCODE_1,GO Biological Processes,19,GO:0000280,nuclear division,19_GO:0009987 cellular process,-4.8,45,12,16475,272,4,3,75,22,54456|84944|136991,MOV10L1|MAEL|ASZ1,-2.6
Testes Size_SUB1_MCODE_1,GO Biological Processes,19,GO:0048285,organelle fission,19_GO:0009987 cellular process,-4.6,42,11,16475,296,4,3,75,22,54456|84944|136991,MOV10L1|MAEL|ASZ1,-2.5
_FINAL,GO Biological Processes,19,GO:0007283,spermatogenesis,19_GO:0022414 reproductive process,-19,14,16,16475,501,48,21,44,7.2,480|4956|6676|9319|11077|51207|54456|54763|56163|56165|66037|84215|84944|124404|136991|143471|152015|163589|199720|221400|402381,ATP1A4|ODF1|SPAG4|TRIP13|HSF2BP|DUSP13|MOV10L1|ROPN1|RNF17|TDRD1|BOLL|ZNF541|MAEL|SEPTIN12|ASZ1|PSMA8|ROPN1B|TDRD5|GGN|TDRD6|SOHLH1,-15
_FINAL,GO Biological Processes,19,GO:0048232,male gamete generation,19_GO:0022414 reproductive process,-19,14,16,16475,518,48,21,44,7.2,480|4956|6676|9319|11077|51207|54456|54763|56163|56165|66037|84215|84944|124404|136991|143471|152015|163589|199720|221400|402381,ATP1A4|ODF1|SPAG4|TRIP13|HSF2BP|DUSP13|MOV10L1|ROPN1|RNF17|TDRD1|BOLL|ZNF541|MAEL|SEPTIN12|ASZ1|PSMA8|ROPN1B|TDRD5|GGN|TDRD6|SOHLH1,-15
_FINAL,GO Biological Processes,19,GO:0007276,gamete generation,19_GO:0022414 reproductive process,-18,12,15,16475,631,48,22,46,7.2,480|4956|6676|7153|9319|11077|51207|54456|54763|56163|56165|66037|84215|84944|124404|136991|143471|152015|163589|199720|221400|402381,ATP1A4|ODF1|SPAG4|TOP2A|TRIP13|HSF2BP|DUSP13|MOV10L1|ROPN1|RNF17|TDRD1|BOLL|ZNF541|MAEL|SEPTIN12|ASZ1|PSMA8|ROPN1B|TDRD5|GGN|TDRD6|SOHLH1,-14
_FINAL,GO Biological Processes,19,GO:0022412,cellular process involved in reproduction in multicellular organism,19_GO:0022414 reproductive process,-9.3,11,11,16475,375,48,12,25,6.2,7153|9319|11077|54456|54763|56163|56165|84944|136991|152015|163589|402381,TOP2A|TRIP13|HSF2BP|MOV10L1|ROPN1|RNF17|TDRD1|MAEL|ASZ1|ROPN1B|TDRD5|SOHLH1,-6.5
_FINAL,GO Biological Processes,19,GO:0051321,meiotic cell cycle,19_GO:0022414 reproductive process,-9.2,16,12,16475,219,48,10,21,5.9,7153|9319|11077|51207|54456|56165|66037|84944|136991|143471,TOP2A|TRIP13|HSF2BP|DUSP13|MOV10L1|TDRD1|BOLL|MAEL|ASZ1|PSMA8,-6.5
_FINAL,Reactome Gene Sets,6,R-HSA-211000,Gene Silencing by RNA,,-9,35,15,16475,68,48,7,15,5.1,8021|9631|54456|56165|84944|136991|221400,NUP214|NUP155|MOV10L1|TDRD1|MAEL|ASZ1|TDRD6,-6.3
_FINAL,GO Biological Processes,19,GO:0043046,DNA methylation involved in gamete generation,19_GO:0022414 reproductive process,-9,1e+02,22,16475,17,48,5,10,4.4,54456|56165|84944|136991|163589,MOV10L1|TDRD1|MAEL|ASZ1|TDRD5,-6.3
_FINAL,Reactome Gene Sets,6,R-HSA-5601884,PIWI-interacting RNA (piRNA) biogenesis,,-8.6,86,21,16475,20,48,5,10,4.4,54456|56165|84944|136991|221400,MOV10L1|TDRD1|MAEL|ASZ1|TDRD6,-5.9
_FINAL,GO Biological Processes,19,GO:0070918,regulatory ncRNA processing,19_GO:0048519 negative regulation of biological process,-6.8,39,14,16475,44,48,5,10,4.4,9631|54456|56165|84944|136991,NUP155|MOV10L1|TDRD1|MAEL|ASZ1,-4.3
_FINAL,GO Biological Processes,19,GO:0006305,DNA alkylation,19_GO:0008152 metabolic process,-6.7,37,13,16475,46,48,5,10,4.4,54456|56165|84944|136991|163589,MOV10L1|TDRD1|MAEL|ASZ1|TDRD5,-4.3
_FINAL,GO Biological Processes,19,GO:0006306,DNA methylation,19_GO:0008152 metabolic process,-6.7,37,13,16475,46,48,5,10,4.4,54456|56165|84944|136991|163589,MOV10L1|TDRD1|MAEL|ASZ1|TDRD5,-4.3
_FINAL,GO Biological Processes,19,GO:0006259,DNA metabolic process,19_GO:0008152 metabolic process,-6.6,6.3,7.4,16475,658,48,12,25,6.2,5378|7153|9319|11077|54456|56165|63922|84944|136991|144715|163589|199720,PMS1|TOP2A|TRIP13|HSF2BP|MOV10L1|TDRD1|CHTF18|MAEL|ASZ1|RAD9B|TDRD5|GGN,-4.2
_FINAL,GO Biological Processes,19,GO:0007140,male meiotic nuclear division,19_GO:0022414 reproductive process,-6.5,34,13,16475,50,48,5,10,4.4,9319|11077|54456|84944|136991,TRIP13|HSF2BP|MOV10L1|MAEL|ASZ1,-4.1
_FINAL,GO Biological Processes,19,GO:0034587,piRNA processing,19_GO:0048519 negative regulation of biological process,-6.4,65,16,16475,21,48,4,8.3,4,54456|56165|84944|136991,MOV10L1|TDRD1|MAEL|ASZ1,-4.1
_FINAL,GO Biological Processes,19,GO:0007281,germ cell development,19_GO:0022414 reproductive process,-6,10,8.2,16475,269,48,8,17,5.4,9319|54456|54763|56163|56165|152015|163589|402381,TRIP13|MOV10L1|ROPN1|RNF17|TDRD1|ROPN1B|TDRD5|SOHLH1,-3.7
_FINAL,GO Biological Processes,19,GO:0044728,DNA methylation or demethylation,19_GO:0008152 metabolic process,-5.9,27,11,16475,64,48,5,10,4.4,54456|56165|84944|136991|163589,MOV10L1|TDRD1|MAEL|ASZ1|TDRD5,-3.6
_FINAL,GO Biological Processes,19,GO:0031047,RNA-mediated gene silencing,19_GO:0048519 negative regulation of biological process,-5.6,23,10,16475,76,48,5,10,4.4,9631|54456|56165|84944|136991,NUP155|MOV10L1|TDRD1|MAEL|ASZ1,-3.3
_FINAL,GO Biological Processes,19,GO:0140013,meiotic nuclear division,19_GO:0022414 reproductive process,-5.3,14,8.4,16475,152,48,6,12,4.8,7153|9319|11077|54456|84944|136991,TOP2A|TRIP13|HSF2BP|MOV10L1|MAEL|ASZ1,-3.1
_FINAL,GO Biological Processes,19,GO:0006304,DNA modification,19_GO:0008152 metabolic process,-5.3,20,9.4,16475,88,48,5,10,4.4,54456|56165|84944|136991|163589,MOV10L1|TDRD1|MAEL|ASZ1|TDRD5,-3
_FINAL,GO Biological Processes,19,GO:1903046,meiotic cell cycle process,19_GO:0022414 reproductive process,-5.1,12,8,16475,166,48,6,12,4.8,7153|9319|11077|54456|84944|136991,TOP2A|TRIP13|HSF2BP|MOV10L1|MAEL|ASZ1,-2.9
_FINAL,GO Biological Processes,19,GO:0000280,nuclear division,19_GO:0009987 cellular process,-4.9,8.8,7,16475,272,48,7,15,5.1,7153|9319|11004|11077|54456|84944|136991,TOP2A|TRIP13|KIF2C|HSF2BP|MOV10L1|MAEL|ASZ1,-2.7
_FINAL,GO Biological Processes,19,GO:0007127,meiosis I,19_GO:0022414 reproductive process,-4.7,15,8.1,16475,114,48,5,10,4.4,7153|9319|11077|54456|84944,TOP2A|TRIP13|HSF2BP|MOV10L1|MAEL,-2.5
_FINAL,GO Biological Processes,19,GO:0061982,meiosis I cell cycle process,19_GO:0022414 reproductive process,-4.7,15,8.1,16475,115,48,5,10,4.4,7153|9319|11077|54456|84944,TOP2A|TRIP13|HSF2BP|MOV10L1|MAEL,-2.5
_FINAL,GO Biological Processes,19,GO:0048285,organelle fission,19_GO:0009987 cellular process,-4.7,8.1,6.7,16475,296,48,7,15,5.1,7153|9319|11004|11077|54456|84944|136991,TOP2A|TRIP13|KIF2C|HSF2BP|MOV10L1|MAEL|ASZ1,-2.5
_FINAL,GO Biological Processes,19,GO:0007292,female gamete generation,19_GO:0022414 reproductive process,-4.4,13,7.5,16475,131,48,5,10,4.4,7153|9319|11077|163589|402381,TOP2A|TRIP13|HSF2BP|TDRD5|SOHLH1,-2.3
_FINAL,GO Biological Processes,19,GO:0007018,microtubule-based movement,19_GO:0009987 cellular process,-4.3,7.2,6.2,16475,332,48,7,15,5.1,480|8632|11004|54763|56992|84643|152015,ATP1A4|DNAH17|KIF2C|ROPN1|KIF15|KIF2B|ROPN1B,-2.2
_FINAL,GO Biological Processes,19,GO:0007141,male meiosis I,19_GO:0022414 reproductive process,-4.2,40,11,16475,26,48,3,6.2,3.5,9319|11077|54456,TRIP13|HSF2BP|MOV10L1,-2.1
_FINAL,Reactome Gene Sets,6,R-HSA-1640170,Cell Cycle,,-4.2,5.7,5.7,16475,479,48,8,17,5.4,7153|8021|9631|11004|63922|84643|143471|144715,TOP2A|NUP214|NUP155|KIF2C|CHTF18|KIF2B|PSMA8|RAD9B,-2.1
_FINAL,GO Biological Processes,19,GO:0007143,female meiotic nuclear division,19_GO:0022414 reproductive process,-4,34,9.9,16475,30,48,3,6.2,3.5,7153|9319|11077,TOP2A|TRIP13|HSF2BP,-1.9
_FINAL,GO Biological Processes,19,GO:0007286,spermatid development,19_GO:0022414 reproductive process,-3.8,9.9,6.4,16475,174,48,5,10,4.4,9319|54763|56163|152015|163589,TRIP13|ROPN1|RNF17|ROPN1B|TDRD5,-1.7
_FINAL,GO Biological Processes,19,GO:0048515,spermatid differentiation,19_GO:0022414 reproductive process,-3.8,9.5,6.2,16475,181,48,5,10,4.4,9319|54763|56163|152015|163589,TRIP13|ROPN1|RNF17|ROPN1B|TDRD5,-1.6
_FINAL,Reactome Gene Sets,6,R-HSA-4615885,SUMOylation of DNA replication proteins,,-3.6,24,8.1,16475,43,48,3,6.2,3.5,7153|8021|9631,TOP2A|NUP214|NUP155,-1.5
_FINAL,GO Biological Processes,19,GO:0009994,oocyte differentiation,19_GO:0022414 reproductive process,-3.5,23,8,16475,44,48,3,6.2,3.5,9319|163589|402381,TRIP13|TDRD5|SOHLH1,-1.5
_FINAL,GO Biological Processes,19,GO:0098813,nuclear chromosome segregation,19_GO:0009987 cellular process,-3.5,8.2,5.7,16475,210,48,5,10,4.4,7153|9319|11004|84643|84944,TOP2A|TRIP13|KIF2C|KIF2B|MAEL,-1.4
_FINAL,Reactome Gene Sets,6,R-HSA-983189,Kinesins,,-3.4,21,7.7,16475,48,48,3,6.2,3.5,11004|56992|84643,KIF2C|KIF15|KIF2B,-1.4
_FINAL,GO Biological Processes,19,GO:0061512,protein localization to cilium,19_GO:0051179 localization,-3.4,21,7.6,16475,49,48,3,6.2,3.5,26088|54763|152015,GGA1|ROPN1|ROPN1B,-1.3
_FINAL,GO Biological Processes,19,GO:0060285,cilium-dependent cell motility,19_GO:0009987 cellular process,-3.4,11,6.1,16475,123,48,4,8.3,4,480|8632|54763|152015,ATP1A4|DNAH17|ROPN1|ROPN1B,-1.3
_FINAL,GO Biological Processes,19,GO:0001539,cilium or flagellum-dependent cell motility,19_GO:0009987 cellular process,-3.4,11,6.1,16475,123,48,4,8.3,4,480|8632|54763|152015,ATP1A4|DNAH17|ROPN1|ROPN1B,-1.3
_FINAL,GO Biological Processes,19,GO:0140527,reciprocal homologous recombination,19_GO:0008152 metabolic process,-3.3,19,7.3,16475,53,48,3,6.2,3.5,7153|9319|11077,TOP2A|TRIP13|HSF2BP,-1.2
_FINAL,GO Biological Processes,19,GO:0007131,reciprocal meiotic recombination,19_GO:0022414 reproductive process,-3.3,19,7.3,16475,53,48,3,6.2,3.5,7153|9319|11077,TOP2A|TRIP13|HSF2BP,-1.2
_FINAL,GO Biological Processes,19,GO:0043414,macromolecule methylation,19_GO:0008152 metabolic process,-3.3,7.6,5.4,16475,227,48,5,10,4.4,54456|56165|84944|136991|163589,MOV10L1|TDRD1|MAEL|ASZ1|TDRD5,-1.2
_FINAL,GO Biological Processes,19,GO:0035825,homologous recombination,19_GO:0008152 metabolic process,-3.2,17,6.8,16475,59,48,3,6.2,3.5,7153|9319|11077,TOP2A|TRIP13|HSF2BP,-1.1
_FINAL,Reactome Gene Sets,6,R-HSA-69278,"Cell Cycle, Mitotic",,-3.2,5.6,4.8,16475,371,48,6,12,4.8,7153|8021|9631|11004|84643|143471,TOP2A|NUP214|NUP155|KIF2C|KIF2B|PSMA8,-1.1
_FINAL,GO Biological Processes,19,GO:0048469,cell maturation,19_GO:0032502 developmental process,-3.1,9.7,5.6,16475,142,48,4,8.3,4,9319|54763|152015|163589,TRIP13|ROPN1|ROPN1B|TDRD5,-1.1
_FINAL,GO Biological Processes,19,GO:0051276,chromosome organization,19_GO:0009987 cellular process,-3.1,5.4,4.7,16475,382,48,6,12,4.8,7153|9319|9631|11004|63922|84944,TOP2A|TRIP13|NUP155|KIF2C|CHTF18|MAEL,-1
_FINAL,GO Biological Processes,19,GO:0033365,protein localization to organelle,19_GO:0051179 localization,-3.1,4.5,4.4,16475,537,48,7,15,5.1,4591|8021|9631|26088|54763|79711|152015,TRIM37|NUP214|NUP155|GGA1|ROPN1|IPO4|ROPN1B,-1
_FINAL,Reactome Gene Sets,6,R-HSA-68886,M Phase,,-3,6.6,4.9,16475,261,48,5,10,4.4,8021|9631|11004|84643|143471,NUP214|NUP155|KIF2C|KIF2B|PSMA8,-0.97
_FINAL,GO Biological Processes,19,GO:0032259,methylation,19_GO:0008152 metabolic process,-3,6.3,4.8,16475,271,48,5,10,4.4,54456|56165|84944|136991|163589,MOV10L1|TDRD1|MAEL|ASZ1|TDRD5,-0.91
_FINAL,Reactome Gene Sets,6,R-HSA-68882,Mitotic Anaphase,,-2.9,8.7,5.2,16475,158,48,4,8.3,4,9631|11004|84643|143471,NUP155|KIF2C|KIF2B|PSMA8,-0.9
_FINAL,GO Biological Processes,19,GO:0003341,cilium movement,19_GO:0009987 cellular process,-2.9,8.7,5.2,16475,158,48,4,8.3,4,480|8632|54763|152015,ATP1A4|DNAH17|ROPN1|ROPN1B,-0.9
_FINAL,Reactome Gene Sets,6,R-HSA-2555396,Mitotic Metaphase and Anaphase,,-2.9,8.6,5.2,16475,159,48,4,8.3,4,9631|11004|84643|143471,NUP155|KIF2C|KIF2B|PSMA8,-0.89
_FINAL,Reactome Gene Sets,6,R-HSA-6811434,COPI-dependent Golgi-to-ER retrograde traffic,,-2.9,14,6.1,16475,73,48,3,6.2,3.5,11004|56992|84643,KIF2C|KIF15|KIF2B,-0.86
_FINAL,GO Biological Processes,19,GO:0007059,chromosome segregation,19_GO:0009987 cellular process,-2.9,6.1,4.7,16475,280,48,5,10,4.4,7153|9319|11004|84643|84944,TOP2A|TRIP13|KIF2C|KIF2B|MAEL,-0.85
_FINAL,GO Biological Processes,19,GO:0010564,regulation of cell cycle process,19_GO:0050789 regulation of biological process,-2.9,4.1,4.2,16475,579,48,7,15,5.1,4591|9319|11004|56992|84643|143471|144715,TRIM37|TRIP13|KIF2C|KIF15|KIF2B|PSMA8|RAD9B,-0.84
_FINAL,KEGG Pathway,24,hsa03013,Nucleocytoplasmic transport,,-2.8,13,5.9,16475,77,48,3,6.2,3.5,8021|9631|79711,NUP214|NUP155|IPO4,-0.81
_FINAL,Reactome Gene Sets,6,R-HSA-162909,Host Interactions of HIV factors,,-2.8,13,5.8,16475,80,48,3,6.2,3.5,8021|9631|143471,NUP214|NUP155|PSMA8,-0.76
_FINAL,GO Biological Processes,19,GO:0048477,oogenesis,19_GO:0022414 reproductive process,-2.8,13,5.8,16475,80,48,3,6.2,3.5,9319|163589|402381,TRIP13|TDRD5|SOHLH1,-0.76
_FINAL,GO Biological Processes,19,GO:0006606,protein import into nucleus,19_GO:0051179 localization,-2.7,12,5.6,16475,83,48,3,6.2,3.5,8021|9631|79711,NUP214|NUP155|IPO4,-0.72
_FINAL,GO Biological Processes,19,GO:0071695,anatomical structure maturation,19_GO:0032502 developmental process,-2.7,7.6,4.8,16475,181,48,4,8.3,4,9319|54763|152015|163589,TRIP13|ROPN1|ROPN1B|TDRD5,-0.71
_FINAL,GO Biological Processes,19,GO:0006974,cellular response to DNA damage stimulus,19_GO:0050896 response to stimulus,-2.7,3.9,3.9,16475,623,48,7,15,5.1,5378|7153|9319|11077|84944|144715|199720,PMS1|TOP2A|TRIP13|HSF2BP|MAEL|RAD9B|GGN,-0.67
_FINAL,GO Biological Processes,19,GO:0051170,import into nucleus,19_GO:0051179 localization,-2.7,12,5.5,16475,87,48,3,6.2,3.5,8021|9631|79711,NUP214|NUP155|IPO4,-0.67
_FINAL,Reactome Gene Sets,6,R-HSA-2132295,MHC class II antigen presentation,,-2.7,12,5.4,16475,89,48,3,6.2,3.5,11004|56992|84643,KIF2C|KIF15|KIF2B,-0.64
_FINAL,GO Biological Processes,19,GO:0044782,cilium organization,19_GO:0009987 cellular process,-2.7,5.4,4.3,16475,317,48,5,10,4.4,8632|54763|137392|152015|254187,DNAH17|ROPN1|CIBAR1|ROPN1B|TSGA10IP,-0.64
_FINAL,Reactome Gene Sets,6,R-HSA-8856688,Golgi-to-ER retrograde transport,,-2.6,11,5.4,16475,90,48,3,6.2,3.5,11004|56992|84643,KIF2C|KIF15|KIF2B,-0.64
_FINAL,GO Biological Processes,19,GO:0045132,meiotic chromosome segregation,19_GO:0022414 reproductive process,-2.6,11,5.3,16475,92,48,3,6.2,3.5,7153|9319|84944,TOP2A|TRIP13|MAEL,-0.61
_FINAL,Reactome Gene Sets,6,R-HSA-69620,Cell Cycle Checkpoints,,-2.6,6.9,4.5,16475,199,48,4,8.3,4,11004|84643|143471|144715,KIF2C|KIF2B|PSMA8|RAD9B,-0.58
_FINAL,GO Biological Processes,19,GO:0034470,ncRNA processing,19_GO:0008152 metabolic process,-2.5,4.9,4,16475,348,48,5,10,4.4,9631|54456|56165|84944|136991,NUP155|MOV10L1|TDRD1|MAEL|ASZ1,-0.49
_FINAL,GO Biological Processes,19,GO:0051983,regulation of chromosome segregation,19_GO:0050789 regulation of biological process,-2.5,10,5,16475,103,48,3,6.2,3.5,9319|11004|84643,TRIP13|KIF2C|KIF2B,-0.49
_FINAL,GO Biological Processes,19,GO:0030317,flagellated sperm motility,19_GO:0022414 reproductive process,-2.4,9.7,4.9,16475,106,48,3,6.2,3.5,480|54763|152015,ATP1A4|ROPN1|ROPN1B,-0.46
_FINAL,GO Biological Processes,19,GO:0097722,sperm motility,19_GO:0022414 reproductive process,-2.4,9.7,4.9,16475,106,48,3,6.2,3.5,480|54763|152015,ATP1A4|ROPN1|ROPN1B,-0.46
_FINAL,GO Biological Processes,19,GO:0021700,developmental maturation,19_GO:0032502 developmental process,-2.4,6.3,4.3,16475,218,48,4,8.3,4,9319|54763|152015|163589,TRIP13|ROPN1|ROPN1B|TDRD5,-0.45
_FINAL,GO Biological Processes,19,GO:0060294,cilium movement involved in cell motility,19_GO:0009987 cellular process,-2.4,9,4.7,16475,114,48,3,6.2,3.5,480|54763|152015,ATP1A4|ROPN1|ROPN1B,-0.38
_FINAL,Reactome Gene Sets,6,R-HSA-2467813,Separation of Sister Chromatids,,-2.3,8.4,4.4,16475,123,48,3,6.2,3.5,11004|84643|143471,KIF2C|KIF2B|PSMA8,-0.29
_FINAL,Reactome Gene Sets,6,R-HSA-983231,Factors involved in megakaryocyte development and platelet production,,-2.2,8.3,4.4,16475,124,48,3,6.2,3.5,11004|56992|84643,KIF2C|KIF15|KIF2B,-0.28
_FINAL,GO Biological Processes,19,GO:0051301,cell division,19_GO:0009987 cellular process,-2.2,4.3,3.6,16475,398,48,5,10,4.4,7153|11004|84643|124404|152015,TOP2A|KIF2C|KIF2B|SEPTIN12|ROPN1B,-0.26
_FINAL,GO Biological Processes,19,GO:0072594,establishment of protein localization to organelle,19_GO:0051179 localization,-2.2,5.5,3.9,16475,250,48,4,8.3,4,4591|8021|9631|79711,TRIM37|NUP214|NUP155|IPO4,-0.26
_FINAL,WikiPathways,27,WP4673,Male infertility,,-2.2,7.7,4.2,16475,134,48,3,6.2,3.5,9319|54456|124404,TRIP13|MOV10L1|SEPTIN12,-0.19
_FINAL,GO Biological Processes,19,GO:0006281,DNA repair,19_GO:0050896 response to stimulus,-2.1,4.1,3.5,16475,419,48,5,10,4.4,5378|9319|11077|144715|199720,PMS1|TRIP13|HSF2BP|RAD9B|GGN,-0.18
_FINAL,Reactome Gene Sets,6,R-HSA-3108232,SUMO E3 ligases SUMOylate target proteins,,-2.1,7.3,4,16475,142,48,3,6.2,3.5,7153|8021|9631,TOP2A|NUP214|NUP155,-0.13
_FINAL,Reactome Gene Sets,6,R-HSA-6811442,Intra-Golgi and retrograde Golgi-to-ER traffic,,-2.1,7.3,4,16475,142,48,3,6.2,3.5,11004|56992|84643,KIF2C|KIF15|KIF2B,-0.13
_FINAL,Reactome Gene Sets,6,R-HSA-5619115,Disorders of transmembrane transporters,,-2.1,7.3,4,16475,142,48,3,6.2,3.5,8021|9631|143471,NUP214|NUP155|PSMA8,-0.13
_FINAL,GO Biological Processes,19,GO:0034504,protein localization to nucleus,19_GO:0051179 localization,-2.1,7.2,4,16475,144,48,3,6.2,3.5,8021|9631|79711,NUP214|NUP155|IPO4,-0.12
_FINAL,GO Biological Processes,19,GO:0034660,ncRNA metabolic process,19_GO:0008152 metabolic process,-2.1,3.9,3.4,16475,437,48,5,10,4.4,9631|54456|56165|84944|136991,NUP155|MOV10L1|TDRD1|MAEL|ASZ1,-0.11
_FINAL,Reactome Gene Sets,6,R-HSA-2990846,SUMOylation,,-2,7,3.9,16475,148,48,3,6.2,3.5,7153|8021|9631,TOP2A|NUP214|NUP155,-0.094
_FINAL,Reactome Gene Sets,6,R-HSA-162906,HIV Infection,,-2,7,3.9,16475,148,48,3,6.2,3.5,8021|9631|143471,NUP214|NUP155|PSMA8,-0.094
_FINAL,KEGG Pathway,24,hsa05014,Amyotrophic lateral sclerosis,,-2,4.8,3.5,16475,285,48,4,8.3,4,8021|8632|9631|143471,NUP214|DNAH17|NUP155|PSMA8,-0.084
_FINAL_MCODE_ALL,GO Biological Processes,19,GO:0043046,DNA methylation involved in gamete generation,19_GO:0022414 reproductive process,-9.8,3.9e+02,39,16475,17,10,4,40,15,54456|56165|84944|136991,MOV10L1|TDRD1|MAEL|ASZ1,-6.9
_FINAL_MCODE_ALL,Reactome Gene Sets,6,R-HSA-5601884,PIWI-interacting RNA (piRNA) biogenesis,,-9.5,3.3e+02,36,16475,20,10,4,40,15,54456|56165|84944|136991,MOV10L1|TDRD1|MAEL|ASZ1,-6.7
_FINAL_MCODE_ALL,GO Biological Processes,19,GO:0034587,piRNA processing,19_GO:0048519 negative regulation of biological process,-9.4,3.1e+02,35,16475,21,10,4,40,15,54456|56165|84944|136991,MOV10L1|TDRD1|MAEL|ASZ1,-6.6
_FINAL_MCODE_ALL,GO Biological Processes,19,GO:0070918,regulatory ncRNA processing,19_GO:0048519 negative regulation of biological process,-8,1.5e+02,24,16475,44,10,4,40,15,54456|56165|84944|136991,MOV10L1|TDRD1|MAEL|ASZ1,-5.4
_FINAL_MCODE_ALL,GO Biological Processes,19,GO:0006306,DNA methylation,19_GO:0008152 metabolic process,-8,1.4e+02,24,16475,46,10,4,40,15,54456|56165|84944|136991,MOV10L1|TDRD1|MAEL|ASZ1,-5.3
_FINAL_MCODE_ALL,GO Biological Processes,19,GO:0006305,DNA alkylation,19_GO:0008152 metabolic process,-8,1.4e+02,24,16475,46,10,4,40,15,54456|56165|84944|136991,MOV10L1|TDRD1|MAEL|ASZ1,-5.3
_FINAL_MCODE_ALL,GO Biological Processes,19,GO:0007140,male meiotic nuclear division,19_GO:0022414 reproductive process,-7.8,1.3e+02,23,16475,50,10,4,40,15,11077|54456|84944|136991,HSF2BP|MOV10L1|MAEL|ASZ1,-5.2
_FINAL_MCODE_ALL,GO Biological Processes,19,GO:0044728,DNA methylation or demethylation,19_GO:0008152 metabolic process,-7.4,1e+02,20,16475,64,10,4,40,15,54456|56165|84944|136991,MOV10L1|TDRD1|MAEL|ASZ1,-4.8
_FINAL_MCODE_ALL,Reactome Gene Sets,6,R-HSA-211000,Gene Silencing by RNA,,-7.3,97,20,16475,68,10,4,40,15,54456|56165|84944|136991,MOV10L1|TDRD1|MAEL|ASZ1,-4.7
_FINAL_MCODE_ALL,GO Biological Processes,19,GO:0031047,RNA-mediated gene silencing,19_GO:0048519 negative regulation of biological process,-7.1,87,18,16475,76,10,4,40,15,54456|56165|84944|136991,MOV10L1|TDRD1|MAEL|ASZ1,-4.6
_FINAL_MCODE_ALL,GO Biological Processes,19,GO:0051321,meiotic cell cycle,19_GO:0022414 reproductive process,-7,38,13,16475,219,10,5,50,16,11077|54456|56165|84944|136991,HSF2BP|MOV10L1|TDRD1|MAEL|ASZ1,-4.5
_FINAL_MCODE_ALL,GO Biological Processes,19,GO:0006304,DNA modification,19_GO:0008152 metabolic process,-6.8,75,17,16475,88,10,4,40,15,54456|56165|84944|136991,MOV10L1|TDRD1|MAEL|ASZ1,-4.4
_FINAL_MCODE_ALL,GO Biological Processes,19,GO:0000280,nuclear division,19_GO:0009987 cellular process,-6.6,30,12,16475,272,10,5,50,16,11004|11077|54456|84944|136991,KIF2C|HSF2BP|MOV10L1|MAEL|ASZ1,-4.2
_FINAL_MCODE_ALL,GO Biological Processes,19,GO:0048285,organelle fission,19_GO:0009987 cellular process,-6.4,28,11,16475,296,10,5,50,16,11004|11077|54456|84944|136991,KIF2C|HSF2BP|MOV10L1|MAEL|ASZ1,-4
_FINAL_MCODE_ALL,GO Biological Processes,19,GO:0022412,cellular process involved in reproduction in multicellular organism,19_GO:0022414 reproductive process,-5.9,22,10,16475,375,10,5,50,16,11077|54456|56165|84944|136991,HSF2BP|MOV10L1|TDRD1|MAEL|ASZ1,-3.5
_FINAL_MCODE_ALL,GO Biological Processes,19,GO:0140013,meiotic nuclear division,19_GO:0022414 reproductive process,-5.9,43,13,16475,152,10,4,40,15,11077|54456|84944|136991,HSF2BP|MOV10L1|MAEL|ASZ1,-3.5
_FINAL_MCODE_ALL,GO Biological Processes,19,GO:1903046,meiotic cell cycle process,19_GO:0022414 reproductive process,-5.7,40,12,16475,166,10,4,40,15,11077|54456|84944|136991,HSF2BP|MOV10L1|MAEL|ASZ1,-3.4
_FINAL_MCODE_ALL,Reactome Gene Sets,6,R-HSA-983189,Kinesins,,-5.6,1e+02,17,16475,48,10,3,30,14,11004|56992|84643,KIF2C|KIF15|KIF2B,-3.3
_FINAL_MCODE_ALL,GO Biological Processes,19,GO:0007283,spermatogenesis,19_GO:0022414 reproductive process,-5.2,16,8.7,16475,501,10,5,50,16,11077|54456|56165|84944|136991,HSF2BP|MOV10L1|TDRD1|MAEL|ASZ1,-3
_FINAL_MCODE_ALL,GO Biological Processes,19,GO:0048232,male gamete generation,19_GO:0022414 reproductive process,-5.2,16,8.5,16475,518,10,5,50,16,11077|54456|56165|84944|136991,HSF2BP|MOV10L1|TDRD1|MAEL|ASZ1,-2.9
_FINAL_MCODE_ALL,GO Biological Processes,19,GO:0043414,macromolecule methylation,19_GO:0008152 metabolic process,-5.2,29,10,16475,227,10,4,40,15,54456|56165|84944|136991,MOV10L1|TDRD1|MAEL|ASZ1,-2.9
_FINAL_MCODE_ALL,Reactome Gene Sets,6,R-HSA-6811434,COPI-dependent Golgi-to-ER retrograde traffic,,-5,68,14,16475,73,10,3,30,14,11004|56992|84643,KIF2C|KIF15|KIF2B,-2.8
_FINAL_MCODE_ALL,GO Biological Processes,19,GO:0032259,methylation,19_GO:0008152 metabolic process,-4.9,24,9.5,16475,271,10,4,40,15,54456|56165|84944|136991,MOV10L1|TDRD1|MAEL|ASZ1,-2.6
_FINAL_MCODE_ALL,GO Biological Processes,19,GO:0007276,gamete generation,19_GO:0022414 reproductive process,-4.8,13,7.6,16475,631,10,5,50,16,11077|54456|56165|84944|136991,HSF2BP|MOV10L1|TDRD1|MAEL|ASZ1,-2.6
_FINAL_MCODE_ALL,Reactome Gene Sets,6,R-HSA-2132295,MHC class II antigen presentation,,-4.7,56,13,16475,89,10,3,30,14,11004|56992|84643,KIF2C|KIF15|KIF2B,-2.6
_FINAL_MCODE_ALL,Reactome Gene Sets,6,R-HSA-8856688,Golgi-to-ER retrograde transport,,-4.7,55,13,16475,90,10,3,30,14,11004|56992|84643,KIF2C|KIF15|KIF2B,-2.5
_FINAL_MCODE_ALL,GO Biological Processes,19,GO:0006259,DNA metabolic process,19_GO:0008152 metabolic process,-4.7,13,7.4,16475,658,10,5,50,16,11077|54456|56165|84944|136991,HSF2BP|MOV10L1|TDRD1|MAEL|ASZ1,-2.5
_FINAL_MCODE_ALL,GO Biological Processes,19,GO:0034470,ncRNA processing,19_GO:0008152 metabolic process,-4.4,19,8.3,16475,348,10,4,40,15,54456|56165|84944|136991,MOV10L1|TDRD1|MAEL|ASZ1,-2.3
_FINAL_MCODE_ALL,GO Biological Processes,19,GO:0007127,meiosis I,19_GO:0022414 reproductive process,-4.4,43,11,16475,114,10,3,30,14,11077|54456|84944,HSF2BP|MOV10L1|MAEL,-2.3
_FINAL_MCODE_ALL,GO Biological Processes,19,GO:0061982,meiosis I cell cycle process,19_GO:0022414 reproductive process,-4.4,43,11,16475,115,10,3,30,14,11077|54456|84944,HSF2BP|MOV10L1|MAEL,-2.3
_FINAL_MCODE_ALL,Reactome Gene Sets,6,R-HSA-983231,Factors involved in megakaryocyte development and platelet production,,-4.3,40,11,16475,124,10,3,30,14,11004|56992|84643,KIF2C|KIF15|KIF2B,-2.2
_FINAL_MCODE_ALL,Reactome Gene Sets,6,R-HSA-6811442,Intra-Golgi and retrograde Golgi-to-ER traffic,,-4.1,35,10,16475,142,10,3,30,14,11004|56992|84643,KIF2C|KIF15|KIF2B,-2
_FINAL_MCODE_ALL,GO Biological Processes,19,GO:0034660,ncRNA metabolic process,19_GO:0008152 metabolic process,-4,15,7.4,16475,437,10,4,40,15,54456|56165|84944|136991,MOV10L1|TDRD1|MAEL|ASZ1,-1.9
_FINAL_MCODE_ALL,GO Biological Processes,19,GO:0098813,nuclear chromosome segregation,19_GO:0009987 cellular process,-3.6,24,8.1,16475,210,10,3,30,14,11004|84643|84944,KIF2C|KIF2B|MAEL,-1.5
_FINAL_MCODE_ALL,GO Biological Processes,19,GO:0007059,chromosome segregation,19_GO:0009987 cellular process,-3.3,18,6.9,16475,280,10,3,30,14,11004|84643|84944,KIF2C|KIF2B|MAEL,-1.2
_FINAL_MCODE_ALL,GO Biological Processes,19,GO:0007018,microtubule-based movement,19_GO:0009987 cellular process,-3.1,15,6.3,16475,332,10,3,30,14,11004|56992|84643,KIF2C|KIF15|KIF2B,-1
_FINAL_MCODE_ALL,Reactome Gene Sets,6,R-HSA-199991,Membrane Trafficking,,-2.6,11,5.2,16475,460,10,3,30,14,11004|56992|84643,KIF2C|KIF15|KIF2B,-0.64
_FINAL_MCODE_ALL,Reactome Gene Sets,6,R-HSA-109582,Hemostasis,,-2.6,10,5.1,16475,485,10,3,30,14,11004|56992|84643,KIF2C|KIF15|KIF2B,-0.59
_FINAL_MCODE_ALL,Reactome Gene Sets,6,R-HSA-5653656,Vesicle-mediated transport,,-2.6,10,5,16475,496,10,3,30,14,11004|56992|84643,KIF2C|KIF15|KIF2B,-0.56
_FINAL_MCODE_ALL,Reactome Gene Sets,6,R-HSA-1280218,Adaptive Immune System,,-2.4,8.7,4.6,16475,570,10,3,30,14,11004|56992|84643,KIF2C|KIF15|KIF2B,-0.41
_FINAL_MCODE_ALL,GO Biological Processes,19,GO:0010564,regulation of cell cycle process,19_GO:0050789 regulation of biological process,-2.4,8.5,4.5,16475,579,10,3,30,14,11004|56992|84643,KIF2C|KIF15|KIF2B,-0.39
_FINAL_SUB1_MCODE_1,GO Biological Processes,19,GO:0043046,DNA methylation involved in gamete generation,19_GO:0022414 reproductive process,-12,9.7e+02,62,16475,17,4,4,1e+02,22,54456|56165|84944|136991,MOV10L1|TDRD1|MAEL|ASZ1,-8.7
_FINAL_SUB1_MCODE_1,Reactome Gene Sets,6,R-HSA-5601884,PIWI-interacting RNA (piRNA) biogenesis,,-12,8.2e+02,57,16475,20,4,4,1e+02,22,54456|56165|84944|136991,MOV10L1|TDRD1|MAEL|ASZ1,-8.5
_FINAL_SUB1_MCODE_1,GO Biological Processes,19,GO:0034587,piRNA processing,19_GO:0048519 negative regulation of biological process,-12,7.8e+02,56,16475,21,4,4,1e+02,22,54456|56165|84944|136991,MOV10L1|TDRD1|MAEL|ASZ1,-8.5
_FINAL_SUB1_MCODE_1,GO Biological Processes,19,GO:0070918,regulatory ncRNA processing,19_GO:0048519 negative regulation of biological process,-10,3.7e+02,39,16475,44,4,4,1e+02,22,54456|56165|84944|136991,MOV10L1|TDRD1|MAEL|ASZ1,-7.3
_FINAL_SUB1_MCODE_1,GO Biological Processes,19,GO:0006305,DNA alkylation,19_GO:0008152 metabolic process,-10,3.6e+02,38,16475,46,4,4,1e+02,22,54456|56165|84944|136991,MOV10L1|TDRD1|MAEL|ASZ1,-7.3
_FINAL_SUB1_MCODE_1,GO Biological Processes,19,GO:0006306,DNA methylation,19_GO:0008152 metabolic process,-10,3.6e+02,38,16475,46,4,4,1e+02,22,54456|56165|84944|136991,MOV10L1|TDRD1|MAEL|ASZ1,-7.3
_FINAL_SUB1_MCODE_1,GO Biological Processes,19,GO:0044728,DNA methylation or demethylation,19_GO:0008152 metabolic process,-9.7,2.6e+02,32,16475,64,4,4,1e+02,22,54456|56165|84944|136991,MOV10L1|TDRD1|MAEL|ASZ1,-6.8
_FINAL_SUB1_MCODE_1,Reactome Gene Sets,6,R-HSA-211000,Gene Silencing by RNA,,-9.6,2.4e+02,31,16475,68,4,4,1e+02,22,54456|56165|84944|136991,MOV10L1|TDRD1|MAEL|ASZ1,-6.8
_FINAL_SUB1_MCODE_1,GO Biological Processes,19,GO:0031047,RNA-mediated gene silencing,19_GO:0048519 negative regulation of biological process,-9.4,2.2e+02,29,16475,76,4,4,1e+02,22,54456|56165|84944|136991,MOV10L1|TDRD1|MAEL|ASZ1,-6.6
_FINAL_SUB1_MCODE_1,GO Biological Processes,19,GO:0006304,DNA modification,19_GO:0008152 metabolic process,-9.1,1.9e+02,27,16475,88,4,4,1e+02,22,54456|56165|84944|136991,MOV10L1|TDRD1|MAEL|ASZ1,-6.4
_FINAL_SUB1_MCODE_1,GO Biological Processes,19,GO:0051321,meiotic cell cycle,19_GO:0022414 reproductive process,-7.5,75,17,16475,219,4,4,1e+02,22,54456|56165|84944|136991,MOV10L1|TDRD1|MAEL|ASZ1,-4.9
_FINAL_SUB1_MCODE_1,GO Biological Processes,19,GO:0043414,macromolecule methylation,19_GO:0008152 metabolic process,-7.5,73,17,16475,227,4,4,1e+02,22,54456|56165|84944|136991,MOV10L1|TDRD1|MAEL|ASZ1,-4.9
_FINAL_SUB1_MCODE_1,GO Biological Processes,19,GO:0032259,methylation,19_GO:0008152 metabolic process,-7.1,61,15,16475,271,4,4,1e+02,22,54456|56165|84944|136991,MOV10L1|TDRD1|MAEL|ASZ1,-4.6
_FINAL_SUB1_MCODE_1,GO Biological Processes,19,GO:0007140,male meiotic nuclear division,19_GO:0022414 reproductive process,-7,2.5e+02,27,16475,50,4,3,75,22,54456|84944|136991,MOV10L1|MAEL|ASZ1,-4.5
_FINAL_SUB1_MCODE_1,GO Biological Processes,19,GO:0034470,ncRNA processing,19_GO:0008152 metabolic process,-6.7,47,14,16475,348,4,4,1e+02,22,54456|56165|84944|136991,MOV10L1|TDRD1|MAEL|ASZ1,-4.3
_FINAL_SUB1_MCODE_1,GO Biological Processes,19,GO:0022412,cellular process involved in reproduction in multicellular organism,19_GO:0022414 reproductive process,-6.6,44,13,16475,375,4,4,1e+02,22,54456|56165|84944|136991,MOV10L1|TDRD1|MAEL|ASZ1,-4.2
_FINAL_SUB1_MCODE_1,GO Biological Processes,19,GO:0034660,ncRNA metabolic process,19_GO:0008152 metabolic process,-6.3,38,12,16475,437,4,4,1e+02,22,54456|56165|84944|136991,MOV10L1|TDRD1|MAEL|ASZ1,-4
_FINAL_SUB1_MCODE_1,GO Biological Processes,19,GO:0007283,spermatogenesis,19_GO:0022414 reproductive process,-6.1,33,11,16475,501,4,4,1e+02,22,54456|56165|84944|136991,MOV10L1|TDRD1|MAEL|ASZ1,-3.7
_FINAL_SUB1_MCODE_1,GO Biological Processes,19,GO:0048232,male gamete generation,19_GO:0022414 reproductive process,-6,32,11,16475,518,4,4,1e+02,22,54456|56165|84944|136991,MOV10L1|TDRD1|MAEL|ASZ1,-3.7
_FINAL_SUB1_MCODE_1,GO Biological Processes,19,GO:0007276,gamete generation,19_GO:0022414 reproductive process,-5.7,26,10,16475,631,4,4,1e+02,22,54456|56165|84944|136991,MOV10L1|TDRD1|MAEL|ASZ1,-3.4
_FINAL_SUB1_MCODE_1,GO Biological Processes,19,GO:0006259,DNA metabolic process,19_GO:0008152 metabolic process,-5.6,25,9.8,16475,658,4,4,1e+02,22,54456|56165|84944|136991,MOV10L1|TDRD1|MAEL|ASZ1,-3.3
_FINAL_SUB1_MCODE_1,GO Biological Processes,19,GO:0140013,meiotic nuclear division,19_GO:0022414 reproductive process,-5.5,81,15,16475,152,4,3,75,22,54456|84944|136991,MOV10L1|MAEL|ASZ1,-3.3
_FINAL_SUB1_MCODE_1,GO Biological Processes,19,GO:1903046,meiotic cell cycle process,19_GO:0022414 reproductive process,-5.4,74,15,16475,166,4,3,75,22,54456|84944|136991,MOV10L1|MAEL|ASZ1,-3.1
_FINAL_SUB1_MCODE_1,GO Biological Processes,19,GO:0000280,nuclear division,19_GO:0009987 cellular process,-4.8,45,12,16475,272,4,3,75,22,54456|84944|136991,MOV10L1|MAEL|ASZ1,-2.6
_FINAL_SUB1_MCODE_1,GO Biological Processes,19,GO:0048285,organelle fission,19_GO:0009987 cellular process,-4.6,42,11,16475,296,4,3,75,22,54456|84944|136991,MOV10L1|MAEL|ASZ1,-2.5
_FINAL_SUB3_MCODE_3,Reactome Gene Sets,6,R-HSA-983189,Kinesins,,-7.6,3.4e+02,32,16475,48,3,3,1e+02,27,11004|56992|84643,KIF2C|KIF15|KIF2B,-5
_FINAL_SUB3_MCODE_3,Reactome Gene Sets,6,R-HSA-6811434,COPI-dependent Golgi-to-ER retrograde traffic,,-7.1,2.3e+02,26,16475,73,3,3,1e+02,27,11004|56992|84643,KIF2C|KIF15|KIF2B,-4.6
_FINAL_SUB3_MCODE_3,Reactome Gene Sets,6,R-HSA-2132295,MHC class II antigen presentation,,-6.8,1.9e+02,24,16475,89,3,3,1e+02,27,11004|56992|84643,KIF2C|KIF15|KIF2B,-4.4
_FINAL_SUB3_MCODE_3,Reactome Gene Sets,6,R-HSA-8856688,Golgi-to-ER retrograde transport,,-6.8,1.8e+02,23,16475,90,3,3,1e+02,27,11004|56992|84643,KIF2C|KIF15|KIF2B,-4.4
_FINAL_SUB3_MCODE_3,Reactome Gene Sets,6,R-HSA-983231,Factors involved in megakaryocyte development and platelet production,,-6.4,1.3e+02,20,16475,124,3,3,1e+02,27,11004|56992|84643,KIF2C|KIF15|KIF2B,-4
_FINAL_SUB3_MCODE_3,Reactome Gene Sets,6,R-HSA-6811442,Intra-Golgi and retrograde Golgi-to-ER traffic,,-6.2,1.2e+02,19,16475,142,3,3,1e+02,27,11004|56992|84643,KIF2C|KIF15|KIF2B,-3.8
_FINAL_SUB3_MCODE_3,GO Biological Processes,19,GO:0007018,microtubule-based movement,19_GO:0009987 cellular process,-5.1,50,12,16475,332,3,3,1e+02,27,11004|56992|84643,KIF2C|KIF15|KIF2B,-2.9
_FINAL_SUB3_MCODE_3,Reactome Gene Sets,6,R-HSA-199991,Membrane Trafficking,,-4.7,36,10,16475,460,3,3,1e+02,27,11004|56992|84643,KIF2C|KIF15|KIF2B,-2.5
_FINAL_SUB3_MCODE_3,Reactome Gene Sets,6,R-HSA-109582,Hemostasis,,-4.6,34,9.9,16475,485,3,3,1e+02,27,11004|56992|84643,KIF2C|KIF15|KIF2B,-2.4
_FINAL_SUB3_MCODE_3,Reactome Gene Sets,6,R-HSA-5653656,Vesicle-mediated transport,,-4.6,33,9.8,16475,496,3,3,1e+02,27,11004|56992|84643,KIF2C|KIF15|KIF2B,-2.4
_FINAL_SUB3_MCODE_3,Reactome Gene Sets,6,R-HSA-1280218,Adaptive Immune System,,-4.4,29,9.1,16475,570,3,3,1e+02,27,11004|56992|84643,KIF2C|KIF15|KIF2B,-2.2
_FINAL_SUB3_MCODE_3,GO Biological Processes,19,GO:0010564,regulation of cell cycle process,19_GO:0050789 regulation of biological process,-4.4,28,9.1,16475,579,3,3,1e+02,27,11004|56992|84643,KIF2C|KIF15|KIF2B,-2.2
