_MEMBER_Acelerated,_MEMBER_Conserved,_LogP_Acelerated,_LogP_Conserved,GO,_PATTERN_,_RANK_,GiniIndex,Category,CategoryID,Description,PARENT_GO,LogP,Enrichment,Z-score,#TotalGeneInLibrary,#GeneInGO,#GeneInHitList,#GeneInGOAndHitList,%InGO,STDV %InGO,GeneID,Hits,Log(q-value),EvidenceCutoff,GROUP_ID,FirstInGroupByEnrichment,FirstInGroupByLogP,BestLogPInGroup,BestEnrichmentInGroup,URL
0,1,0.0,-16.042178070629877,GO:0048232,M01,1,0,GO Biological Processes,19,male gamete generation,19_GO:0022414 reproductive process,-16.042178070629877,3.8600826070376786,10.700338589740907,16474,517,421,51,12.114014251781473,1.590240487262744,881|1080|1538|1618|2302|3010|3985|4201|6676|7301|7704|8900|9025|9191|11063|25981|28981|51207|54456|54760|54763|56159|56163|56165|56603|57097|63946|64395|66037|79893|79989|83983|84215|84225|84660|84944|121355|136991|146849|152015|163589|199720|221400|245711|284071|284680|286207|389730|402381|647060|727830,CCIN|CFTR|CYLC1|DAZL|FOXJ1|H1-6|LIMK2|MEA1|SPAG4|TYRO3|ZBTB16|CCNA1|RNF8|DEDD|SOX30|DNAH1|IFT81|DUSP13|MOV10L1|PCSK4|ROPN1|TEX11|RNF17|TDRD1|CYP26B1|PARP11|DMRTC2|GMCL1|BOLL|GGNBP2|TTC26|TSSK6|ZNF541|ZMYND15|CCDC62|MAEL|GTSF1|ASZ1|CCDC42|ROPN1B|TDRD5|GGN|TDRD6|SPDYA|MEIOC|SPATA46|CFAP157|SPATA31A6|SOHLH1|SPATA31A1|SPATA31A3,-11.692706271415492,0,1,1,1,-16.042178070629877,4.047997378982719,
0,1,0.0,-15.301713156077096,GO:0007283,M01,1,0,GO Biological Processes,19,spermatogenesis,19_GO:0022414 reproductive process,-15.301713156077096,3.8348028503562945,10.424381988390525,16474,500,421,49,11.63895486935867,1.5629546114783142,881|1080|1538|1618|2302|3010|3985|4201|6676|7301|7704|8900|9025|9191|11063|25981|28981|51207|54456|54760|54763|56163|56165|56603|57097|63946|64395|66037|79893|79989|83983|84215|84225|84660|84944|121355|136991|146849|152015|163589|199720|221400|284071|284680|286207|389730|402381|647060|727830,CCIN|CFTR|CYLC1|DAZL|FOXJ1|H1-6|LIMK2|MEA1|SPAG4|TYRO3|ZBTB16|CCNA1|RNF8|DEDD|SOX30|DNAH1|IFT81|DUSP13|MOV10L1|PCSK4|ROPN1|RNF17|TDRD1|CYP26B1|PARP11|DMRTC2|GMCL1|BOLL|GGNBP2|TTC26|TSSK6|ZNF541|ZMYND15|CCDC62|MAEL|GTSF1|ASZ1|CCDC42|ROPN1B|TDRD5|GGN|TDRD6|MEIOC|SPATA46|CFAP157|SPATA31A6|SOHLH1|SPATA31A1|SPATA31A3,-11.253271352526692,0,1,0,0,-16.042178070629877,4.047997378982719,
0,1,0.0,-13.163237781663373,GO:0007276,M01,1,0,GO Biological Processes,19,gamete generation,19_GO:0022414 reproductive process,-13.163237781663373,3.229830712966105,9.24185276059673,16474,630,421,52,12.351543942992874,1.6035839881167517,881|1080|1538|1618|2302|3010|3985|4201|4313|6676|7301|7704|8900|9025|9191|11063|25981|28981|51207|54456|54760|54763|56159|56163|56165|56603|57097|63946|64395|66037|79893|79989|83983|84215|84225|84660|84944|121355|136991|146849|152015|163589|199720|221400|245711|284071|284680|286207|389730|402381|647060|727830,CCIN|CFTR|CYLC1|DAZL|FOXJ1|H1-6|LIMK2|MEA1|MMP2|SPAG4|TYRO3|ZBTB16|CCNA1|RNF8|DEDD|SOX30|DNAH1|IFT81|DUSP13|MOV10L1|PCSK4|ROPN1|TEX11|RNF17|TDRD1|CYP26B1|PARP11|DMRTC2|GMCL1|BOLL|GGNBP2|TTC26|TSSK6|ZNF541|ZMYND15|CCDC62|MAEL|GTSF1|ASZ1|CCDC42|ROPN1B|TDRD5|GGN|TDRD6|SPDYA|MEIOC|SPATA46|CFAP157|SPATA31A6|SOHLH1|SPATA31A1|SPATA31A3,-9.290887237168649,0,1,0,0,-16.042178070629877,4.047997378982719,
0,1,0.0,-8.59202691367228,GO:0022412,M01,1,0,GO Biological Processes,19,cellular process involved in reproduction in multicellular organism,19_GO:0022414 reproductive process,-8.59202691367228,3.3391480601741876,7.420329490476197,16474,375,421,32,7.600950118764845,1.2915958653000457,1080|1618|7704|8900|9025|11063|25981|28981|54456|54760|54763|56159|56163|56165|56603|63946|64395|79989|83983|84225|84660|84944|136991|146849|152015|163589|245711|284071|284680|286207|389852|402381,CFTR|DAZL|ZBTB16|CCNA1|RNF8|SOX30|DNAH1|IFT81|MOV10L1|PCSK4|ROPN1|TEX11|RNF17|TDRD1|CYP26B1|DMRTC2|GMCL1|TTC26|TSSK6|ZMYND15|CCDC62|MAEL|ASZ1|CCDC42|ROPN1B|TDRD5|SPDYA|MEIOC|SPATA46|CFAP157|SPACA5|SOHLH1,-4.844615105785857,0,1,0,0,-16.042178070629877,4.047997378982719,
0,1,0.0,-6.939472796921318,GO:0007281,M01,1,0,GO Biological Processes,19,germ cell development,19_GO:0022414 reproductive process,-6.939472796921318,3.4912096354051694,6.671311072496589,16474,269,421,24,5.7007125890736345,1.1299981448328797,1080|1618|7704|9025|11063|25981|28981|54456|54760|54763|56163|56165|63946|64395|79989|83983|84225|84660|146849|152015|163589|284071|286207|402381,CFTR|DAZL|ZBTB16|RNF8|SOX30|DNAH1|IFT81|MOV10L1|PCSK4|ROPN1|RNF17|TDRD1|DMRTC2|GMCL1|TTC26|TSSK6|ZMYND15|CCDC62|CCDC42|ROPN1B|TDRD5|MEIOC|CFAP157|SOHLH1,-3.288971002042951,0,1,0,0,-16.042178070629877,4.047997378982719,
0,1,0.0,-6.28134500329411,GO:0007286,M01,1,0,GO Biological Processes,19,spermatid development,19_GO:0022414 reproductive process,-6.28134500329411,4.047997378982719,6.545528308085559,16474,174,421,18,4.275534441805226,0.9859743838214872,1080|9025|11063|25981|28981|54760|54763|56163|63946|79989|83983|84225|84660|146849|152015|163589|284071|286207,CFTR|RNF8|SOX30|DNAH1|IFT81|PCSK4|ROPN1|RNF17|DMRTC2|TTC26|TSSK6|ZMYND15|CCDC62|CCDC42|ROPN1B|TDRD5|MEIOC|CFAP157,-2.710024454463368,0,1,0,0,-16.042178070629877,4.047997378982719,
0,1,0.0,-6.0282971218534565,GO:0048515,M01,1,0,GO Biological Processes,19,spermatid differentiation,19_GO:0022414 reproductive process,-6.0282971218534565,3.891444994160182,6.334363586065041,16474,181,421,18,4.275534441805226,0.9859743838214872,1080|9025|11063|25981|28981|54760|54763|56163|63946|79989|83983|84225|84660|146849|152015|163589|284071|286207,CFTR|RNF8|SOX30|DNAH1|IFT81|PCSK4|ROPN1|RNF17|DMRTC2|TTC26|TSSK6|ZMYND15|CCDC62|CCDC42|ROPN1B|TDRD5|MEIOC|CFAP157,-2.5239233626533277,0,1,0,0,-16.042178070629877,4.047997378982719,
0,1,0.0,-5.957660390517288,R-HSA-211000,M01,1,0,Reactome Gene Sets,6,Gene Silencing by RNA,,-5.957660390517288,6.32995668576219,7.13224210182371,16474,68,421,11,2.6128266033254155,0.7774368591778404,8021|9631|9883|23511|27327|54456|54487|56165|84944|136991|221400,NUP214|NUP155|POM121|NUP188|TNRC6A|MOV10L1|DGCR8|TDRD1|MAEL|ASZ1|TDRD6,-2.5112785782948457,0,2,1,1,-5.957660390517288,11.509012155931256,
0,1,0.0,-5.3742431874684335,GO:0007140,M01,1,0,GO Biological Processes,19,male meiotic nuclear division,19_GO:0022414 reproductive process,-5.3742431874684335,7.04351543942993,6.9308175146100925,16474,50,421,9,2.137767220902613,0.7049311777184117,8900|54456|56159|56603|63946|84944|136991|245711|284071,CCNA1|MOV10L1|TEX11|CYP26B1|DMRTC2|MAEL|ASZ1|SPDYA|MEIOC,-2.024771388254048,0,2,0,0,-5.957660390517288,11.509012155931256,
0,1,0.0,-4.291643145614671,GO:0043046,M01,1,0,GO Biological Processes,19,DNA methylation involved in gamete generation,19_GO:0022414 reproductive process,-4.291643145614671,11.509012155931256,7.020375061358389,16474,17,421,5,1.187648456057007,0.5279691219254331,54456|56165|84944|136991|163589,MOV10L1|TDRD1|MAEL|ASZ1|TDRD5,-1.1726202677785593,0,2,0,0,-5.957660390517288,11.509012155931256,
0,1,0.0,-3.920256630424938,R-HSA-5601884,M01,1,0,Reactome Gene Sets,6,PIWI-interacting RNA (piRNA) biogenesis,,-3.920256630424938,9.782660332541568,6.364358460260276,16474,20,421,5,1.187648456057007,0.5279691219254331,54456|56165|84944|136991|221400,MOV10L1|TDRD1|MAEL|ASZ1|TDRD6,-0.9132075120327587,0,2,0,0,-5.957660390517288,11.509012155931256,
0,1,0.0,-3.2783321019362566,GO:0051321,M01,1,0,GO Biological Processes,19,meiotic cell cycle,19_GO:0022414 reproductive process,-3.2783321019362566,2.680180913025087,4.053534853603989,16474,219,421,15,3.5629453681710213,0.9034112668939349,3976|8900|25777|27229|51207|54456|56159|56165|56603|63946|66037|84944|136991|245711|284071,LIF|CCNA1|SUN2|TUBGCP4|DUSP13|MOV10L1|TEX11|TDRD1|CYP26B1|DMRTC2|BOLL|MAEL|ASZ1|SPDYA|MEIOC,-0.4473742425997584,0,2,0,0,-5.957660390517288,11.509012155931256,
0,1,0.0,-3.078971656620545,GO:0070918,M01,1,0,GO Biological Processes,19,regulatory ncRNA processing,19_GO:0048519 negative regulation of biological process,-3.078971656620545,5.335996545022674,4.66386293192883,16474,44,421,6,1.4251781472684086,0.5776656315631787,9631|54456|54487|56165|84944|136991,NUP155|MOV10L1|DGCR8|TDRD1|MAEL|ASZ1,-0.2713049114830651,0,2,0,0,-5.957660390517288,11.509012155931256,
0,1,0.0,-2.974763820475883,GO:0006305,M01,1,0,GO Biological Processes,19,DNA alkylation,19_GO:0008152 metabolic process,-2.974763820475883,5.103996695239079,4.5138057498342725,16474,46,421,6,1.4251781472684086,0.5776656315631787,54456|55904|56165|84944|136991|163589,MOV10L1|KMT2E|TDRD1|MAEL|ASZ1|TDRD5,-0.231734752996695,0,2,0,0,-5.957660390517288,11.509012155931256,
0,1,0.0,-2.974763820475883,GO:0006306,M01,1,0,GO Biological Processes,19,DNA methylation,19_GO:0008152 metabolic process,-2.974763820475883,5.103996695239079,4.5138057498342725,16474,46,421,6,1.4251781472684086,0.5776656315631787,54456|55904|56165|84944|136991|163589,MOV10L1|KMT2E|TDRD1|MAEL|ASZ1|TDRD5,-0.231734752996695,0,2,0,0,-5.957660390517288,11.509012155931256,
0,1,0.0,-2.92107391290141,GO:0044728,M01,1,0,GO Biological Processes,19,DNA methylation or demethylation,19_GO:0008152 metabolic process,-2.92107391290141,4.279913895486936,4.257429190204698,16474,64,421,7,1.66270783847981,0.6231979941283531,339|54456|55904|56165|84944|136991|163589,APOBEC1|MOV10L1|KMT2E|TDRD1|MAEL|ASZ1|TDRD5,-0.231734752996695,0,2,0,0,-5.957660390517288,11.509012155931256,
0,1,0.0,-2.7491153487589455,GO:0034587,M01,1,0,GO Biological Processes,19,piRNA processing,19_GO:0048519 negative regulation of biological process,-2.7491153487589455,7.4534554914602404,4.792131334433869,16474,21,421,4,0.9501187648456056,0.4727971820325108,54456|56165|84944|136991,MOV10L1|TDRD1|MAEL|ASZ1,-0.1400062390388036,0,2,0,0,-5.957660390517288,11.509012155931256,
0,1,0.0,-2.487971469809826,GO:0031047,M01,1,0,GO Biological Processes,19,RNA-mediated gene silencing,19_GO:0048519 negative regulation of biological process,-2.487971469809826,3.6041380172521564,3.6848910111314215,16474,76,421,7,1.66270783847981,0.6231979941283531,9631|27327|54456|54487|56165|84944|136991,NUP155|TNRC6A|MOV10L1|DGCR8|TDRD1|MAEL|ASZ1,0.0,0,2,0,0,-5.957660390517288,11.509012155931256,
0,1,0.0,-2.3952499287934526,GO:0007141,M01,1,0,GO Biological Processes,19,male meiosis I,19_GO:0022414 reproductive process,-2.3952499287934526,6.020098666179425,4.148505522544834,16474,26,421,4,0.9501187648456056,0.4727971820325108,8900|54456|63946|284071,CCNA1|MOV10L1|DMRTC2|MEIOC,0.0,0,2,0,0,-5.957660390517288,11.509012155931256,
0,1,0.0,-2.241485637199771,GO:0140013,M01,1,0,GO Biological Processes,19,meiotic nuclear division,19_GO:0022414 reproductive process,-2.241485637199771,2.5743842980372547,3.1578765715610957,16474,152,421,10,2.375296912114014,0.742160382098785,3976|8900|54456|56159|56603|63946|84944|136991|245711|284071,LIF|CCNA1|MOV10L1|TEX11|CYP26B1|DMRTC2|MAEL|ASZ1|SPDYA|MEIOC,0.0,0,2,0,0,-5.957660390517288,11.509012155931256,
0,1,0.0,-2.1377535222149215,GO:0006304,M01,1,0,GO Biological Processes,19,DNA modification,19_GO:0008152 metabolic process,-2.1377535222149215,3.112664651263226,3.217990227854069,16474,88,421,7,1.66270783847981,0.6231979941283531,339|54456|55904|56165|84944|136991|163589,APOBEC1|MOV10L1|KMT2E|TDRD1|MAEL|ASZ1|TDRD5,0.0,0,2,0,0,-5.957660390517288,11.509012155931256,
0,1,0.0,-5.6464927803880665,GO:0044782,M01,1,0,GO Biological Processes,19,cilium organization,19_GO:0009987 cellular process,-5.6464927803880665,2.9625722142712636,5.713789133834667,16474,317,421,24,5.7007125890736345,1.1299981448328797,2302|8100|8632|8729|23116|25981|26140|26160|28981|50807|51524|54763|57539|57560|79659|79989|84058|137392|145483|152015|164781|219844|254187|286207,FOXJ1|IFT88|DNAH17|GBF1|TOGARAM1|DNAH1|TTLL3|IFT172|IFT81|ASAP1|TMEM138|ROPN1|WDR35|IFT80|DYNC2H1|TTC26|WDR54|CIBAR1|FAM161B|ROPN1B|DAW1|HYLS1|TSGA10IP|CFAP157,-2.2512634906130056,0,3,1,1,-5.6464927803880665,13.975229046487954,
0,1,0.0,-4.754172538448329,CORUM:6172,M01,1,0,CORUM,33,Intraflagellar transport complex B,,-4.754172538448329,13.975229046487954,7.86526626866699,16474,14,421,5,1.187648456057007,0.5279691219254331,8100|26160|28981|57560|79989,IFT88|IFT172|IFT81|IFT80|TTC26,-1.4838819852815683,0,3,0,0,-5.6464927803880665,13.975229046487954,
0,1,0.0,-4.4337307163183475,GO:0035720,M01,1,0,GO Biological Processes,19,intraciliary anterograde transport,19_GO:0051179 localization,-4.4337307163183475,12.22832541567696,7.276721395139553,16474,16,421,5,1.187648456057007,0.5279691219254331,8100|26160|28981|57560|79989,IFT88|IFT172|IFT81|IFT80|TTC26,-1.2303869527821998,0,3,0,0,-5.6464927803880665,13.975229046487954,
0,1,0.0,-4.329576141715375,GO:0060271,M01,1,0,GO Biological Processes,19,cilium assembly,19_GO:0009987 cellular process,-4.329576141715375,2.746009917906405,4.815134460022913,16474,285,421,20,4.750593824228028,1.03672611951681,2302|8100|8632|8729|23116|25981|26140|26160|28981|50807|51524|57539|57560|79659|79989|84058|137392|164781|219844|286207,FOXJ1|IFT88|DNAH17|GBF1|TOGARAM1|DNAH1|TTLL3|IFT172|IFT81|ASAP1|TMEM138|WDR35|IFT80|DYNC2H1|TTC26|WDR54|CIBAR1|DAW1|HYLS1|CFAP157,-1.1747555693371836,0,3,0,0,-5.6464927803880665,13.975229046487954,
0,1,0.0,-4.0740833329748565,R-HSA-5620924,M01,1,0,Reactome Gene Sets,6,Intraflagellar transport,,-4.0740833329748565,6.521773555027711,5.8023953824549865,16474,42,421,7,1.66270783847981,0.6231979941283531,8100|26160|28981|57539|57560|79659|79989,IFT88|IFT172|IFT81|WDR35|IFT80|DYNC2H1|TTC26,-1.0256415294244519,0,3,0,0,-5.6464927803880665,13.975229046487954,
0,1,0.0,-4.006465254489009,GO:0042073,M01,1,0,GO Biological Processes,19,intraciliary transport,19_GO:0051179 localization,-4.006465254489009,6.3701044025852065,5.709975612253252,16474,43,421,7,1.66270783847981,0.6231979941283531,8100|26160|28981|57539|57560|79659|79989,IFT88|IFT172|IFT81|WDR35|IFT80|DYNC2H1|TTC26,-0.9792127500085425,0,3,0,0,-5.6464927803880665,13.975229046487954,
0,1,0.0,-3.6378632594134928,GO:0061512,M01,1,0,GO Biological Processes,19,protein localization to cilium,19_GO:0051179 localization,-3.6378632594134928,5.5900916185951814,5.210939120911214,16474,49,421,7,1.66270783847981,0.6231979941283531,6094|54763|57539|57560|79659|79989|152015,ROM1|ROPN1|WDR35|IFT80|DYNC2H1|TTC26|ROPN1B,-0.7260762715957647,0,3,0,0,-5.6464927803880665,13.975229046487954,
0,1,0.0,-3.5805247151995303,GO:0030031,M01,1,0,GO Biological Processes,19,cell projection assembly,19_GO:0009987 cellular process,-3.5805247151995303,2.301802431186251,4.123986506719166,16474,374,421,22,5.225653206650831,1.084612597879805,2302|8100|8632|8729|23116|25981|26140|26160|28981|50807|51524|57539|57560|79659|79989|84058|84687|92154|137392|164781|219844|286207,FOXJ1|IFT88|DNAH17|GBF1|TOGARAM1|DNAH1|TTLL3|IFT172|IFT81|ASAP1|TMEM138|WDR35|IFT80|DYNC2H1|TTC26|WDR54|PPP1R9B|MTSS2|CIBAR1|DAW1|HYLS1|CFAP157,-0.6934509138841007,0,3,0,0,-5.6464927803880665,13.975229046487954,
0,1,0.0,-3.3007743504397538,GO:0120031,M01,1,0,GO Biological Processes,19,plasma membrane bounded cell projection assembly,19_GO:0009987 cellular process,-3.3007743504397538,2.2452007320587204,3.901291431209451,16474,366,421,21,4.98812351543943,1.0610027249150258,2302|8100|8632|8729|23116|25981|26140|26160|28981|50807|51524|57539|57560|79659|79989|84058|84687|137392|164781|219844|286207,FOXJ1|IFT88|DNAH17|GBF1|TOGARAM1|DNAH1|TTLL3|IFT172|IFT81|ASAP1|TMEM138|WDR35|IFT80|DYNC2H1|TTC26|WDR54|PPP1R9B|CIBAR1|DAW1|HYLS1|CFAP157,-0.45480565146716867,0,3,0,0,-5.6464927803880665,13.975229046487954,
0,1,0.0,-3.076708666347175,WP4536,M01,1,0,WikiPathways,27,Genes related to primary cilium development (based on CRISPR),,-3.076708666347175,3.6306780615618193,4.208096494590105,16474,97,421,9,2.137767220902613,0.7049311777184117,8100|11159|26160|28981|57539|57560|79659|79989|137392,IFT88|RABL2A|IFT172|IFT81|WDR35|IFT80|DYNC2H1|TTC26|CIBAR1,-0.2713049114830651,0,3,0,0,-5.6464927803880665,13.975229046487954,
0,1,0.0,-3.0257689015730476,GO:0007018,M01,1,0,GO Biological Processes,19,microtubule-based movement,19_GO:0009987 cellular process,-3.0257689015730476,2.239404172509515,3.6944740340025604,16474,332,421,19,4.513064133016627,1.0117347880316265,351|1768|8100|8632|10749|11004|25777|25981|26140|26160|28981|54763|57539|57560|79659|79989|152015|164781|286207,APP|DNAH6|IFT88|DNAH17|KIF1C|KIF2C|SUN2|DNAH1|TTLL3|IFT172|IFT81|ROPN1|WDR35|IFT80|DYNC2H1|TTC26|ROPN1B|DAW1|CFAP157,-0.23259960312594918,0,3,0,0,-5.6464927803880665,13.975229046487954,
0,1,0.0,-2.9091086942753632,GO:0099111,M01,1,0,GO Biological Processes,19,microtubule-based transport,19_GO:0051179 localization,-2.9091086942753632,2.81178261055087,3.8108914746783626,16474,167,421,12,2.8503562945368173,0.8110154604403912,351|8100|10749|25777|25981|26160|28981|57539|57560|79659|79989|164781,APP|IFT88|KIF1C|SUN2|DNAH1|IFT172|IFT81|WDR35|IFT80|DYNC2H1|TTC26|DAW1,-0.231734752996695,0,3,0,0,-5.6464927803880665,13.975229046487954,
0,1,0.0,-2.7595899927769696,CORUM:6173,M01,1,0,CORUM,33,Intraflagellar transport complex B core complex,,-2.7595899927769696,11.739192399049882,5.5011468540484465,16474,10,421,3,0.7125890736342043,0.4099450289768094,8100|28981|79989,IFT88|IFT81|TTC26,-0.1400062390388036,0,3,0,0,-5.6464927803880665,13.975229046487954,
0,1,0.0,-2.754481843346391,GO:0010970,M01,1,0,GO Biological Processes,19,transport along microtubule,19_GO:0051179 localization,-2.754481843346391,3.0333830488500984,3.7546623324527246,16474,129,421,10,2.375296912114014,0.742160382098785,351|8100|10749|25777|26160|28981|57539|57560|79659|79989,APP|IFT88|KIF1C|SUN2|IFT172|IFT81|WDR35|IFT80|DYNC2H1|TTC26,-0.1400062390388036,0,3,0,0,-5.6464927803880665,13.975229046487954,
0,1,0.0,-2.7491153487589455,WP4532,M01,1,0,WikiPathways,27,Intraflagellar transport proteins binding to dynein,,-2.7491153487589455,7.4534554914602404,4.792131334433869,16474,21,421,4,0.9501187648456056,0.4727971820325108,28981|57539|57560|79659,IFT81|WDR35|IFT80|DYNC2H1,-0.1400062390388036,0,3,0,0,-5.6464927803880665,13.975229046487954,
0,1,0.0,-2.642986409766948,GO:0035082,M01,1,0,GO Biological Processes,19,axoneme assembly,19_GO:0009987 cellular process,-2.642986409766948,3.440056380673957,3.779837559553509,16474,91,421,8,1.9002375296912113,0.6654215714084291,2302|8632|23116|25981|26140|79989|164781|286207,FOXJ1|DNAH17|TOGARAM1|DNAH1|TTLL3|TTC26|DAW1|CFAP157,-0.056942604115499555,0,3,0,0,-5.6464927803880665,13.975229046487954,
0,1,0.0,-2.610658954784132,GO:0031503,M01,1,0,GO Biological Processes,19,protein-containing complex localization,19_GO:0051179 localization,-2.610658954784132,3.116599751960146,3.6561359365823214,16474,113,421,9,2.137767220902613,0.7049311777184117,1739|8100|26160|28981|57539|57560|79659|79989|165257,DLG1|IFT88|IFT172|IFT81|WDR35|IFT80|DYNC2H1|TTC26|C1QL2,-0.043089633530206235,0,3,0,0,-5.6464927803880665,13.975229046487954,
0,1,0.0,-2.0935535342354386,GO:1905515,M01,1,0,GO Biological Processes,19,non-motile cilium assembly,19_GO:0009987 cellular process,-2.0935535342354386,3.992922584710844,3.3977398880987155,16474,49,421,5,1.187648456057007,0.5279691219254331,8100|23116|26160|57560|79659,IFT88|TOGARAM1|IFT172|IFT80|DYNC2H1,0.0,0,3,0,0,-5.6464927803880665,13.975229046487954,
0,1,0.0,-2.035432417281082,GO:0030705,M01,1,0,GO Biological Processes,19,cytoskeleton-dependent intracellular transport,19_GO:0051179 localization,-2.035432417281082,2.400652842341489,2.910270181382087,16474,163,421,10,2.375296912114014,0.742160382098785,351|8100|10749|25777|26160|28981|57539|57560|79659|79989,APP|IFT88|KIF1C|SUN2|IFT172|IFT81|WDR35|IFT80|DYNC2H1|TTC26,0.0,0,3,0,0,-5.6464927803880665,13.975229046487954,
0,1,0.0,-2.007331308156077,GO:0001578,M01,1,0,GO Biological Processes,19,microtubule bundle formation,19_GO:0009987 cellular process,-2.007331308156077,2.698664919321811,2.9731779606605246,16474,116,421,8,1.9002375296912113,0.6654215714084291,2302|8632|23116|25981|26140|79989|164781|286207,FOXJ1|DNAH17|TOGARAM1|DNAH1|TTLL3|TTC26|DAW1|CFAP157,0.0,0,3,0,0,-5.6464927803880665,13.975229046487954,
0,1,0.0,-4.780572684487036,CORUM:7417,M01,1,0,CORUM,33,CFTR-GOPC-STX6 complex,,-4.780572684487036,39.13064133016628,10.69606535559499,16474,3,421,3,0.7125890736342043,0.4099450289768094,1080|10228|57120,CFTR|STX6|GOPC,-1.4838819852815683,0,4,1,1,-4.780572684487036,39.13064133016628,
0,1,0.0,-4.661829037312276,GO:0033365,M01,1,0,GO Biological Processes,19,protein localization to organelle,19_GO:0051179 localization,-4.661829037312276,2.2589383263224474,4.803276704420615,16474,537,421,31,7.363420427553444,1.2728874561092463,1408|1739|4734|4792|5562|6094|6653|6730|7704|8021|8729|9409|9631|9883|9927|23137|23511|25777|25900|51025|51608|54763|57539|57560|79659|79989|84250|84687|93343|152015|165257,CRY2|DLG1|NEDD4|NFKBIA|PRKAA1|ROM1|SORL1|SRP68|ZBTB16|NUP214|GBF1|PEX16|NUP155|POM121|MFN2|SMC5|NUP188|SUN2|IFFO1|PAM16|GET4|ROPN1|WDR35|IFT80|DYNC2H1|TTC26|SLF1|PPP1R9B|MVB12A|ROPN1B|C1QL2,-1.426300590404727,0,5,1,1,-4.661829037312276,6.11416270783848,
0,1,0.0,-2.9162066556298045,R-HSA-165054,M01,1,0,Reactome Gene Sets,6,Rev-mediated nuclear export of HIV RNA,,-2.9162066556298045,6.11416270783848,4.689445604104203,16474,32,421,5,1.187648456057007,0.5279691219254331,5902|8021|9631|9883|23511,RANBP1|NUP214|NUP155|POM121|NUP188,-0.231734752996695,0,5,0,0,-4.661829037312276,6.11416270783848,
0,1,0.0,-2.9162066556298045,R-HSA-177243,M01,1,0,Reactome Gene Sets,6,Interactions of Rev with host cellular proteins,,-2.9162066556298045,6.11416270783848,4.689445604104203,16474,32,421,5,1.187648456057007,0.5279691219254331,5902|8021|9631|9883|23511,RANBP1|NUP214|NUP155|POM121|NUP188,-0.231734752996695,0,5,0,0,-4.661829037312276,6.11416270783848,
0,1,0.0,-2.474518640815013,R-HSA-5578749,M01,1,0,Reactome Gene Sets,6,Transcriptional regulation by small RNAs,,-2.474518640815013,4.891330166270784,3.9903016652657737,16474,40,421,5,1.187648456057007,0.5279691219254331,8021|9631|9883|23511|27327,NUP214|NUP155|POM121|NUP188|TNRC6A,0.0,0,5,0,0,-4.661829037312276,6.11416270783848,
0,1,0.0,-2.2930368585316665,R-HSA-191859,M01,1,0,Reactome Gene Sets,6,snRNP Assembly,,-2.2930368585316665,4.446663787518895,3.7072832762939254,16474,44,421,5,1.187648456057007,0.5279691219254331,6607|8021|9631|9883|23511,SMN2|NUP214|NUP155|POM121|NUP188,0.0,0,5,0,0,-4.661829037312276,6.11416270783848,
0,1,0.0,-2.2930368585316665,R-HSA-194441,M01,1,0,Reactome Gene Sets,6,Metabolism of non-coding RNA,,-2.2930368585316665,4.446663787518895,3.7072832762939254,16474,44,421,5,1.187648456057007,0.5279691219254331,6607|8021|9631|9883|23511,SMN2|NUP214|NUP155|POM121|NUP188,0.0,0,5,0,0,-4.661829037312276,6.11416270783848,
0,1,0.0,-2.288917195056509,GO:0072594,M01,1,0,GO Biological Processes,19,establishment of protein localization to organelle,19_GO:0051179 localization,-2.288917195056509,2.1913159144893113,3.07374102212103,16474,250,421,14,3.32541567695962,0.8738523906499537,1408|4734|4792|6653|6730|8021|9409|9631|9883|9927|23511|51025|51608|93343,CRY2|NEDD4|NFKBIA|SORL1|SRP68|NUP214|PEX16|NUP155|POM121|MFN2|NUP188|PAM16|GET4|MVB12A,0.0,0,5,0,0,-4.661829037312276,6.11416270783848,
0,1,0.0,-2.2203398295065506,R-HSA-168271,M01,1,0,Reactome Gene Sets,6,Transport of Ribonucleoproteins into the Host Nucleus,,-2.2203398295065506,5.397329838643622,3.838136333096605,16474,29,421,4,0.9501187648456056,0.4727971820325108,8021|9631|9883|23511,NUP214|NUP155|POM121|NUP188,0.0,0,5,0,0,-4.661829037312276,6.11416270783848,
0,1,0.0,-2.2203398295065506,R-HSA-168333,M01,1,0,Reactome Gene Sets,6,NEP/NS2 Interacts with the Cellular Export Machinery,,-2.2203398295065506,5.397329838643622,3.838136333096605,16474,29,421,4,0.9501187648456056,0.4727971820325108,8021|9631|9883|23511,NUP214|NUP155|POM121|NUP188,0.0,0,5,0,0,-4.661829037312276,6.11416270783848,
0,1,0.0,-2.1668858380775107,R-HSA-180746,M01,1,0,Reactome Gene Sets,6,Nuclear import of Rev protein,,-2.1668858380775107,5.217418844022168,3.744147262318174,16474,30,421,4,0.9501187648456056,0.4727971820325108,8021|9631|9883|23511,NUP214|NUP155|POM121|NUP188,0.0,0,5,0,0,-4.661829037312276,6.11416270783848,
0,1,0.0,-2.1668858380775107,R-HSA-180910,M01,1,0,Reactome Gene Sets,6,Vpr-mediated nuclear import of PICs,,-2.1668858380775107,5.217418844022168,3.744147262318174,16474,30,421,4,0.9501187648456056,0.4727971820325108,8021|9631|9883|23511,NUP214|NUP155|POM121|NUP188,0.0,0,5,0,0,-4.661829037312276,6.11416270783848,
0,1,0.0,-2.115573616849482,R-HSA-159227,M01,1,0,Reactome Gene Sets,6,Transport of the SLBP independent Mature mRNA,,-2.115573616849482,5.049115010344034,3.6542623667304497,16474,31,421,4,0.9501187648456056,0.4727971820325108,8021|9631|9883|23511,NUP214|NUP155|POM121|NUP188,0.0,0,5,0,0,-4.661829037312276,6.11416270783848,
0,1,0.0,-2.115573616849482,R-HSA-168274,M01,1,0,Reactome Gene Sets,6,Export of Viral Ribonucleoproteins from Nucleus,,-2.115573616849482,5.049115010344034,3.6542623667304497,16474,31,421,4,0.9501187648456056,0.4727971820325108,8021|9631|9883|23511,NUP214|NUP155|POM121|NUP188,0.0,0,5,0,0,-4.661829037312276,6.11416270783848,
0,1,0.0,-2.115573616849482,R-HSA-170822,M01,1,0,Reactome Gene Sets,6,Regulation of Glucokinase by Glucokinase Regulatory Protein,,-2.115573616849482,5.049115010344034,3.6542623667304497,16474,31,421,4,0.9501187648456056,0.4727971820325108,8021|9631|9883|23511,NUP214|NUP155|POM121|NUP188,0.0,0,5,0,0,-4.661829037312276,6.11416270783848,
0,1,0.0,-2.115573616849482,R-HSA-176033,M01,1,0,Reactome Gene Sets,6,Interactions of Vpr with host cellular proteins,,-2.115573616849482,5.049115010344034,3.6542623667304497,16474,31,421,4,0.9501187648456056,0.4727971820325108,8021|9631|9883|23511,NUP214|NUP155|POM121|NUP188,0.0,0,5,0,0,-4.661829037312276,6.11416270783848,
0,1,0.0,-2.115573616849482,R-HSA-5619107,M01,1,0,Reactome Gene Sets,6,Defective TPR may confer susceptibility towards thyroid papillary carcinoma (TPC),,-2.115573616849482,5.049115010344034,3.6542623667304497,16474,31,421,4,0.9501187648456056,0.4727971820325108,8021|9631|9883|23511,NUP214|NUP155|POM121|NUP188,0.0,0,5,0,0,-4.661829037312276,6.11416270783848,
0,1,0.0,-2.0935535342354386,R-HSA-9610379,M01,1,0,Reactome Gene Sets,6,HCMV Late Events,,-2.0935535342354386,3.992922584710844,3.3977398880987155,16474,49,421,5,1.187648456057007,0.5279691219254331,8021|9631|9883|23511|93343,NUP214|NUP155|POM121|NUP188|MVB12A,0.0,0,5,0,0,-4.661829037312276,6.11416270783848,
0,1,0.0,-2.066259133313811,R-HSA-159230,M01,1,0,Reactome Gene Sets,6,Transport of the SLBP Dependant Mature mRNA,,-2.066259133313811,4.891330166270783,3.5681659315155554,16474,32,421,4,0.9501187648456056,0.4727971820325108,8021|9631|9883|23511,NUP214|NUP155|POM121|NUP188,0.0,0,5,0,0,-4.661829037312276,6.11416270783848,
0,1,0.0,-2.018812371643971,R-HSA-168276,M01,1,0,Reactome Gene Sets,6,NS1 Mediated Effects on Host Pathways,,-2.018812371643971,4.743108040020153,3.485575643722908,16474,33,421,4,0.9501187648456056,0.4727971820325108,8021|9631|9883|23511,NUP214|NUP155|POM121|NUP188,0.0,0,5,0,0,-4.661829037312276,6.11416270783848,
0,1,0.0,-2.018812371643971,R-HSA-168325,M01,1,0,Reactome Gene Sets,6,Viral Messenger RNA Synthesis,,-2.018812371643971,4.743108040020153,3.485575643722908,16474,33,421,4,0.9501187648456056,0.4727971820325108,8021|9631|9883|23511,NUP214|NUP155|POM121|NUP188,0.0,0,5,0,0,-4.661829037312276,6.11416270783848,
0,1,0.0,-2.018812371643971,R-HSA-4085377,M01,1,0,Reactome Gene Sets,6,SUMOylation of SUMOylation proteins,,-2.018812371643971,4.743108040020153,3.485575643722908,16474,33,421,4,0.9501187648456056,0.4727971820325108,8021|9631|9883|23511,NUP214|NUP155|POM121|NUP188,0.0,0,5,0,0,-4.661829037312276,6.11416270783848,
0,1,0.0,-4.3201073858956445,GO:0090209,M01,1,0,GO Biological Processes,19,negative regulation of triglyceride metabolic process,19_GO:0048519 negative regulation of biological process,-4.3201073858956445,17.39139614674056,7.9653640183225844,16474,9,421,4,0.9501187648456056,0.4727971820325108,339|5294|6653|150094,APOBEC1|PIK3CG|SORL1|SIK1,-1.1747555693371836,0,6,1,1,-4.3201073858956445,17.39139614674056,
0,1,0.0,-2.018812371643971,GO:0090207,M01,1,0,GO Biological Processes,19,regulation of triglyceride metabolic process,19_GO:0008152 metabolic process,-2.018812371643971,4.743108040020153,3.485575643722908,16474,33,421,4,0.9501187648456056,0.4727971820325108,339|5294|6653|150094,APOBEC1|PIK3CG|SORL1|SIK1,0.0,0,6,0,0,-4.3201073858956445,17.39139614674056,
1,0,-4.183896671731368,0.0,GO:0048525,M10,1,0,GO Biological Processes,19,negative regulation of viral process,19_GO:0016032 viral process,-4.183896671731368,4.13532324684512,5.212328950243539,16474,81,541,11,2.033271719038817,0.6067899508067609,2219|3434|4061|4153|4940|5806|6041|8638|10107|24138|64135,FCN1|IFIT1|LY6E|MBL2|OAS3|PTX3|RNASEL|OASL|TRIM10|IFIT5|IFIH1,-1.0896973776202885,0,7,1,1,-4.183896671731368,15.22550831792976,
1,0,-4.1398168975384975,0.0,R-HSA-8983711,M10,1,0,Reactome Gene Sets,6,OAS antiviral response,,-4.1398168975384975,15.22550831792976,7.41574752656082,16474,8,541,4,0.7393715341959335,0.36831655584891987,4940|6041|8638|23586,OAS3|RNASEL|OASL|RIGI,-1.0690986992769407,0,7,0,0,-4.183896671731368,15.22550831792976,
1,0,-2.9477066029597765,0.0,R-HSA-909733,M10,1,0,Reactome Gene Sets,6,Interferon alpha/beta signaling,,-2.9477066029597765,3.80637707948244,4.144936912888673,16474,64,541,8,1.478743068391867,0.5189346861214983,3394|3434|3454|4600|4940|6041|8638|24138,IRF8|IFIT1|IFNAR1|MX2|OAS3|RNASEL|OASL|IFIT5,-0.231734752996695,0,7,0,0,-4.183896671731368,15.22550831792976,
1,0,-2.567662221983837,0.0,WP4880,M10,1,0,WikiPathways,27,Host-pathogen interaction of human coronaviruses - interferon induction,,-2.567662221983837,5.07516943930992,4.1166009293557115,16474,30,541,5,0.9242144177449169,0.4114068318614345,3454|4940|23586|64135|148022,IFNAR1|OAS3|RIGI|IFIH1|TICAM1,-0.03839700671610658,0,7,0,0,-4.183896671731368,15.22550831792976,
1,0,-2.5187470365516584,0.0,GO:0009615,M10,1,0,GO Biological Processes,19,response to virus,19_GO:0044419 biological process involved in interspecies interaction between organisms,-2.5187470365516584,1.9773387425882805,3.190475321304904,16474,308,541,20,3.6968576709796674,0.8112187158307069,3434|3454|3694|3696|4153|4600|4940|5179|5371|6041|8638|9111|10561|23586|24138|55763|56832|64135|148022|100507436,IFIT1|IFNAR1|ITGB6|ITGB8|MBL2|MX2|OAS3|PENK|PML|RNASEL|OASL|NMI|IFI44|RIGI|IFIT5|EXOC1|IFNK|IFIH1|TICAM1|MICA,-0.0022576642769958273,0,7,0,0,-4.183896671731368,15.22550831792976,
1,0,-2.279513088851475,0.0,GO:0140374,M10,1,0,GO Biological Processes,19,antiviral innate immune response,19_GO:0044419 biological process involved in interspecies interaction between organisms,-2.279513088851475,5.536548479247186,3.9234104994229684,16474,22,541,4,0.7393715341959335,0.36831655584891987,3434|4153|23586|64135,IFIT1|MBL2|RIGI|IFIH1,0.0,0,7,0,0,-4.183896671731368,15.22550831792976,
1,0,-2.103678348413233,0.0,WP4705,M10,1,0,WikiPathways,27,Pathways of nucleic acid metabolism and innate immune sensing,,-2.2674416032622027,5.2691508076123466,3.8346440106361,16474,13,962,4,0.4158004158004158,0.2074675327009319,6041|23586|64135|84153,RNASEL|RIGI|IFIH1|RNASEH2C,0.0,0,7,0,0,-4.183896671731368,15.22550831792976,
1,0,-2.2337046932107723,0.0,GO:0050792,M10,1,0,GO Biological Processes,19,regulation of viral process,19_GO:0016032 viral process,-2.2337046932107723,2.427254949235179,3.102447508190699,16474,138,541,11,2.033271719038817,0.6067899508067609,2219|3434|4061|4153|4940|5806|6041|8638|10107|24138|64135,FCN1|IFIT1|LY6E|MBL2|OAS3|PTX3|RNASEL|OASL|TRIM10|IFIT5|IFIH1,0.0,0,7,0,0,-4.183896671731368,15.22550831792976,
1,0,-2.210528016953031,0.0,hsa05164,M10,1,0,KEGG Pathway,24,Influenza A,,-2.210528016953031,2.409792683413343,3.0756668143306776,16474,139,541,11,2.033271719038817,0.6067899508067609,3109|3111|3454|3553|4600|4940|5371|6041|23586|64135|148022,HLA-DMB|HLA-DOA|IFNAR1|IL1B|MX2|OAS3|PML|RNASEL|RIGI|IFIH1|TICAM1,0.0,0,7,0,0,-4.183896671731368,15.22550831792976,
1,0,-2.209001505234377,0.0,GO:1903900,M10,1,0,GO Biological Processes,19,regulation of viral life cycle,19_GO:0016032 viral process,-2.209001505234377,2.53758471965496,3.114970114949222,16474,120,541,10,1.8484288354898337,0.5790970637311335,2219|3434|4061|4940|5806|6041|8638|10107|24138|64135,FCN1|IFIT1|LY6E|OAS3|PTX3|RNASEL|OASL|TRIM10|IFIT5|IFIH1,0.0,0,7,0,0,-4.183896671731368,15.22550831792976,
1,0,-2.161080970375209,0.0,GO:0045071,M10,1,0,GO Biological Processes,19,negative regulation of viral genome replication,19_GO:0016032 viral process,-2.161080970375209,3.513578842599175,3.3451636104281177,16474,52,541,6,1.1090573012939002,0.45025300349560643,3434|4940|6041|8638|24138|64135,IFIT1|OAS3|RNASEL|OASL|IFIT5|IFIH1,0.0,0,7,0,0,-4.183896671731368,15.22550831792976,
1,0,-2.009532633409852,0.0,GO:0071360,M10,1,0,GO Biological Processes,19,cellular response to exogenous dsRNA,19_GO:0050896 response to stimulus,-2.009532633409852,6.525217850541325,3.8109628247930925,16474,14,541,3,0.5545286506469501,0.31926834980507884,3434|23586|64135,IFIT1|RIGI|IFIH1,0.0,0,7,0,0,-4.183896671731368,15.22550831792976,
1,0,-3.8051147334308553,0.0,GO:0045087,M10,1,0,GO Biological Processes,19,innate immune response,19_GO:0044419 biological process involved in interspecies interaction between organisms,-3.8051147334308553,1.8399405822271613,4.064623844424448,16474,662,541,40,7.393715341959335,1.1250011358696328,142|199|301|671|695|1113|1673|2219|2243|2244|2643|3004|3055|3394|3434|3454|4063|4153|4600|4940|5371|5753|5806|8638|8942|9111|9971|10107|23586|23601|24138|54882|56832|57115|64135|81623|84868|148022|219972|100507436,PARP1|AIF1|ANXA1|BPI|BTK|CHGA|DEFB4A|FCN1|FGA|FGB|GCH1|GZMM|HCK|IRF8|IFIT1|IFNAR1|LY9|MBL2|MX2|OAS3|PML|PTK6|PTX3|OASL|KYNU|NMI|NR1H4|TRIM10|RIGI|CLEC5A|IFIT5|ANKHD1|IFNK|PGLYRP4|IFIH1|DEFB126|HAVCR2|TICAM1|MPEG1|MICA,-0.8173707702340625,0,8,1,1,-3.8051147334308553,3.9039764917768616,
1,0,-3.7206363635342083,0.0,GO:0002221,M10,1,0,GO Biological Processes,19,pattern recognition receptor signaling pathway,19_GO:0044419 biological process involved in interspecies interaction between organisms,-3.7206363635342083,3.6808921208181835,4.725410288553977,16474,91,541,11,2.033271719038817,0.6067899508067609,695|2219|4153|4940|7867|9111|9971|23586|64135|84868|148022,BTK|FCN1|MBL2|OAS3|MAPKAPK3|NMI|NR1H4|RIGI|IFIH1|HAVCR2|TICAM1,-0.7594905630674391,0,8,0,0,-3.8051147334308553,3.9039764917768616,
1,0,-3.693989014311007,0.0,GO:0002758,M10,1,0,GO Biological Processes,19,innate immune response-activating signaling pathway,19_GO:0044419 biological process involved in interspecies interaction between organisms,-3.693989014311007,3.4150672862646188,4.618200526784238,16474,107,541,12,2.2181146025878005,0.6331732538909254,695|2219|3055|4153|4940|7867|9111|9971|23586|64135|84868|148022,BTK|FCN1|HCK|MBL2|OAS3|MAPKAPK3|NMI|NR1H4|RIGI|IFIH1|HAVCR2|TICAM1,-0.7594905630674391,0,8,0,0,-3.8051147334308553,3.9039764917768616,
1,0,-2.953016970136153,0.0,GO:0002218,M10,1,0,GO Biological Processes,19,activation of innate immune response,19_GO:0044419 biological process involved in interspecies interaction between organisms,-2.953016970136153,2.832652710312513,3.8505145594453967,16474,129,541,12,2.2181146025878005,0.6331732538909254,695|2219|3055|4153|4940|7867|9111|9971|23586|64135|84868|148022,BTK|FCN1|HCK|MBL2|OAS3|MAPKAPK3|NMI|NR1H4|RIGI|IFIH1|HAVCR2|TICAM1,-0.231734752996695,0,8,0,0,-3.8051147334308553,3.9039764917768616,
1,0,-2.332237603464947,0.0,GO:0002833,M10,1,0,GO Biological Processes,19,positive regulation of response to biotic stimulus,19_GO:0048518 positive regulation of biological process,-2.332237603464947,2.082120795614326,3.07203997812633,16474,234,541,16,2.957486136783734,0.7283560724404124,695|2219|3055|4153|4940|5225|7867|8638|9111|9971|23328|23586|56832|64135|84868|148022,BTK|FCN1|HCK|MBL2|OAS3|PGC|MAPKAPK3|OASL|NMI|NR1H4|SASH1|RIGI|IFNK|IFIH1|HAVCR2|TICAM1,0.0,0,8,0,0,-3.8051147334308553,3.9039764917768616,
1,0,-2.2337046932107723,0.0,GO:0032675,M10,1,0,GO Biological Processes,19,regulation of interleukin-6 production,19_GO:0032501 multicellular organismal process,-2.2337046932107723,2.427254949235179,3.102447508190699,16474,138,541,11,2.033271719038817,0.6067899508067609,199|671|695|3553|9971|23586|64135|84868|114900|131450|148022,AIF1|BPI|BTK|IL1B|NR1H4|RIGI|IFIH1|HAVCR2|C1QTNF4|CD200R1|TICAM1,0.0,0,8,0,0,-3.8051147334308553,3.9039764917768616,
1,0,-2.2224161894237273,0.0,GO:0002697,M10,1,0,GO Biological Processes,19,regulation of immune effector process,19_GO:0002376 immune system process,-2.2224161894237273,1.827060998151571,2.8818500017526065,16474,350,541,21,3.8817005545286505,0.8304536945182857,301|336|695|911|913|2125|2219|3109|3553|4153|5225|8417|10225|11221|23586|84695|84868|115352|148022|100507436|112441434,ANXA1|APOA2|BTK|CD1C|CD1E|EVPL|FCN1|HLA-DMB|IL1B|MBL2|PGC|STX7|CD96|DUSP10|RIGI|LOXL3|HAVCR2|FCRL3|TICAM1|MICA|SHLD3,0.0,0,8,0,0,-3.8051147334308553,3.9039764917768616,
1,0,-2.2150365567463237,0.0,GO:0002831,M10,1,0,GO Biological Processes,19,regulation of response to biotic stimulus,19_GO:0050896 response to stimulus,-2.2150365567463237,1.7686196530928506,2.852852180237009,16474,396,541,23,4.251386321626617,0.8674269283249556,142|695|2125|2219|3055|3553|4153|4940|5225|7867|8638|9111|9971|10225|11221|23328|23586|56832|64135|84868|115352|148022|100507436,PARP1|BTK|EVPL|FCN1|HCK|IL1B|MBL2|OAS3|PGC|MAPKAPK3|OASL|NMI|NR1H4|CD96|DUSP10|SASH1|RIGI|IFNK|IFIH1|HAVCR2|FCRL3|TICAM1|MICA,0.0,0,8,0,0,-3.8051147334308553,3.9039764917768616,
1,0,-2.110642929350346,0.0,GO:0032103,M10,1,0,GO Biological Processes,19,positive regulation of response to external stimulus,19_GO:0048518 positive regulation of biological process,-2.110642929350346,1.687972097331459,2.729753194113312,16474,451,541,25,4.621072088724584,0.9026075407873926,102|199|695|2219|2277|3055|3553|3572|4153|4916|4940|5225|7867|8638|9111|9971|23328|23586|56832|64135|84630|84868|148022|158747|646960,ADAM10|AIF1|BTK|FCN1|VEGFD|HCK|IL1B|IL6ST|MBL2|NTRK3|OAS3|PGC|MAPKAPK3|OASL|NMI|NR1H4|SASH1|RIGI|IFNK|IFIH1|TTBK1|HAVCR2|TICAM1|MOSPD2|PRSS56,0.0,0,8,0,0,-3.8051147334308553,3.9039764917768616,
1,0,-2.0702736666753325,0.0,GO:0045088,M10,1,0,GO Biological Processes,19,regulation of innate immune response,19_GO:0044419 biological process involved in interspecies interaction between organisms,-2.0702736666753325,1.8309155572194014,2.7481651848096247,16474,316,541,19,3.512014787430684,0.7914366436763415,142|695|2219|3055|4153|4940|7867|8638|9111|9971|10225|11221|23586|56832|64135|84868|115352|148022|100507436,PARP1|BTK|FCN1|HCK|MBL2|OAS3|MAPKAPK3|OASL|NMI|NR1H4|CD96|DUSP10|RIGI|IFNK|IFIH1|HAVCR2|FCRL3|TICAM1|MICA,0.0,0,8,0,0,-3.8051147334308553,3.9039764917768616,
1,0,-2.066161719780114,0.0,GO:0002753,M10,1,0,GO Biological Processes,19,cytosolic pattern recognition receptor signaling pathway,19_GO:0044419 biological process involved in interspecies interaction between organisms,-2.066161719780114,3.9039764917768616,3.3456210605732295,16474,39,541,5,0.9242144177449169,0.4114068318614345,4940|9971|23586|64135|84868,OAS3|NR1H4|RIGI|IFIH1|HAVCR2,0.0,0,8,0,0,-3.8051147334308553,3.9039764917768616,
1,0,-2.0318796370982937,0.0,GO:0045089,M10,1,0,GO Biological Processes,19,positive regulation of innate immune response,19_GO:0044419 biological process involved in interspecies interaction between organisms,-2.0318796370982937,2.0397810186700154,2.7875598332297264,16474,209,541,14,2.587800369685767,0.6826112283887682,695|2219|3055|4153|4940|7867|8638|9111|9971|23586|56832|64135|84868|148022,BTK|FCN1|HCK|MBL2|OAS3|MAPKAPK3|OASL|NMI|NR1H4|RIGI|IFNK|IFIH1|HAVCR2|TICAM1,0.0,0,8,0,0,-3.8051147334308553,3.9039764917768616,
1,0,-2.0252976172814514,0.0,GO:0002252,M10,1,0,GO Biological Processes,19,immune effector process,19_GO:0002376 immune system process,-2.0252976172814514,1.7807612067754106,2.688582557186479,16474,342,541,20,3.6968576709796674,0.8112187158307069,695|911|1113|2219|3004|3055|3109|3111|3394|3683|3981|4063|4153|5806|9111|56832|84868|148022|100507436|112441434,BTK|CD1C|CHGA|FCN1|GZMM|HCK|HLA-DMB|HLA-DOA|IRF8|ITGAL|LIG4|LY9|MBL2|PTX3|NMI|IFNK|HAVCR2|TICAM1|MICA|SHLD3,0.0,0,8,0,0,-3.8051147334308553,3.9039764917768616,
0,1,0.0,-3.705560894951052,GO:0071392,M01,1,0,GO Biological Processes,19,cellular response to estradiol stimulus,19_GO:0050896 response to stimulus,-3.705560894951052,6.9054072935587545,5.581972625036349,16474,34,421,6,1.4251781472684086,0.5776656315631787,3586|4313|4488|80139|84660|84687,IL10|MMP2|MSX2|ZNF703|CCDC62|PPP1R9B,-0.7594905630674391,0,9,1,1,-3.705560894951052,6.9054072935587545,
0,1,0.0,-2.459074232364134,GO:1904707,M01,1,0,GO Biological Processes,19,positive regulation of vascular associated smooth muscle cell proliferation,19_GO:0048518 positive regulation of biological process,-2.459074232364134,6.260902612826602,4.262945797854474,16474,25,421,4,0.9501187648456056,0.4727971820325108,3586|4313|4921|9927,IL10|MMP2|DDR2|MFN2,0.0,0,9,0,0,-3.705560894951052,6.9054072935587545,
0,1,0.0,-2.3410361318115065,GO:0014823,M01,1,0,GO Biological Processes,19,response to activity,19_GO:0050896 response to stimulus,-2.3410361318115065,3.8489155406720927,3.609938484403871,16474,61,421,6,1.4251781472684086,0.5776656315631787,498|1408|3586|4313|5467|5562,ATP5F1A|CRY2|IL10|MMP2|PPARD|PRKAA1,0.0,0,9,0,0,-3.705560894951052,6.9054072935587545,
0,1,0.0,-2.196910137835277,GO:0071396,M01,1,0,GO Biological Processes,19,cellular response to lipid,19_GO:0050896 response to stimulus,-2.196910137835277,1.8501485262489963,2.8685553678416666,16474,423,421,20,4.750593824228028,1.03672611951681,498|613|1080|3586|4023|4040|4313|4488|4734|4792|5467|5562|5754|22938|56603|80139|84660|84687|89780|90933,ATP5F1A|BCR|CFTR|IL10|LPL|LRP6|MMP2|MSX2|NEDD4|NFKBIA|PPARD|PRKAA1|PTK7|SNW1|CYP26B1|ZNF703|CCDC62|PPP1R9B|WNT3A|TRIM41,0.0,0,9,0,0,-3.705560894951052,6.9054072935587545,
0,1,0.0,-3.628390039467931,GO:0071695,M01,1,0,GO Biological Processes,19,anatomical structure maturation,19_GO:0032502 developmental process,-3.628390039467931,3.0266794399023635,4.43989924438211,16474,181,421,14,3.32541567695962,0.8738523906499537,351|1080|4313|6363|7704|8314|8399|9991|54760|54763|57560|59277|152015|163589,APP|CFTR|MMP2|CCL19|ZBTB16|BAP1|PLA2G10|PTBP3|PCSK4|ROPN1|IFT80|NTN4|ROPN1B|TDRD5,-0.7260762715957647,0,10,1,1,-3.628390039467931,3.8054978054978057,
0,1,0.0,-3.2991274723616484,GO:0021700,M01,1,0,GO Biological Processes,19,developmental maturation,19_GO:0032502 developmental process,-3.2991274723616484,2.6924753208830006,4.07373749605565,16474,218,421,15,3.5629453681710213,0.9034112668939349,351|525|1080|4313|6363|7704|8314|8399|9991|54760|54763|57560|59277|152015|163589,APP|ATP6V1B1|CFTR|MMP2|CCL19|ZBTB16|BAP1|PLA2G10|PTBP3|PCSK4|ROPN1|IFT80|NTN4|ROPN1B|TDRD5,-0.45480565146716867,0,10,0,0,-3.628390039467931,3.8054978054978057,
0,1,0.0,-2.974240334546249,GO:0048469,M01,1,0,GO Biological Processes,19,cell maturation,19_GO:0032502 developmental process,-2.974240334546249,3.031246863604429,3.936737784718882,16474,142,421,11,2.6128266033254155,0.7774368591778404,351|1080|6363|8314|8399|9991|54760|54763|59277|152015|163589,APP|CFTR|CCL19|BAP1|PLA2G10|PTBP3|PCSK4|ROPN1|NTN4|ROPN1B|TDRD5,-0.231734752996695,0,10,0,0,-3.628390039467931,3.8054978054978057,
0,1,0.0,-2.3343323089316805,GO:0048240,M01,1,0,GO Biological Processes,19,sperm capacitation,19_GO:0022414 reproductive process,-2.3970204288836046,3.8054978054978057,3.6331928964651397,16474,27,962,6,0.6237006237006237,0.2538294234275556,1080|54760|54763|152015|257044|100131137,CFTR|PCSK4|ROPN1|ROPN1B|CATSPERE|BSPH1,0.0,0,10,0,0,-3.628390039467931,3.8054978054978057,
0,1,0.0,-3.3216014323950245,GO:1902373,M01,1,0,GO Biological Processes,19,negative regulation of mRNA catabolic process,19_GO:0048519 negative regulation of biological process,-3.3216014323950245,4.980263442021162,4.788164972940886,16474,55,421,7,1.66270783847981,0.6231979941283531,339|1618|9704|25819|64282|66037|284071,APOBEC1|DAZL|DHX34|NOCT|TENT4B|BOLL|MEIOC,-0.45480565146716867,0,11,1,1,-3.3216014323950245,4.980263442021162,
0,1,0.0,-2.92107391290141,GO:1903312,M01,1,0,GO Biological Processes,19,negative regulation of mRNA metabolic process,19_GO:0048519 negative regulation of biological process,-2.92107391290141,4.279913895486936,4.257429190204698,16474,64,421,7,1.66270783847981,0.6231979941283531,339|1618|9704|25819|64282|66037|284071,APOBEC1|DAZL|DHX34|NOCT|TENT4B|BOLL|MEIOC,-0.231734752996695,0,11,0,0,-3.3216014323950245,4.980263442021162,
0,1,0.0,-2.8286403504321402,GO:1903311,M01,1,0,GO Biological Processes,19,regulation of mRNA metabolic process,19_GO:0008152 metabolic process,-2.8286403504321402,2.622156377794647,3.680575046474292,16474,194,421,13,3.0878859857482186,0.8430990771861383,339|1618|9704|22938|23404|25819|26576|27327|64282|66037|79869|91875|284071,APOBEC1|DAZL|DHX34|SNW1|EXOSC2|NOCT|SRPK3|TNRC6A|TENT4B|BOLL|CPSF7|TTC5|MEIOC,-0.1693646312462682,0,11,0,0,-3.3216014323950245,4.980263442021162,
0,1,0.0,-2.8033621112618157,GO:1902369,M01,1,0,GO Biological Processes,19,negative regulation of RNA catabolic process,19_GO:0048519 negative regulation of biological process,-2.8033621112618157,4.088275959868118,4.101929646277509,16474,67,421,7,1.66270783847981,0.6231979941283531,339|1618|9704|25819|64282|66037|284071,APOBEC1|DAZL|DHX34|NOCT|TENT4B|BOLL|MEIOC,-0.15286031638344877,0,11,0,0,-3.3216014323950245,4.980263442021162,
0,1,0.0,-2.6084157887995483,GO:0061013,M01,1,0,GO Biological Processes,19,regulation of mRNA catabolic process,19_GO:0048519 negative regulation of biological process,-2.6084157887995483,2.898566024456761,3.586981583432931,16474,135,421,10,2.375296912114014,0.742160382098785,339|1618|9704|23404|25819|27327|64282|66037|91875|284071,APOBEC1|DAZL|DHX34|EXOSC2|NOCT|TNRC6A|TENT4B|BOLL|TTC5|MEIOC,-0.043089633530206235,0,11,0,0,-3.3216014323950245,4.980263442021162,
0,1,0.0,-2.412714746862714,GO:0009895,M01,1,0,GO Biological Processes,19,negative regulation of catabolic process,19_GO:0048519 negative regulation of biological process,-2.412714746862714,2.190147835643635,3.181117312174419,16474,268,421,15,3.5629453681710213,0.9034112668939349,339|1611|1618|1677|3586|4248|5294|5562|6653|9191|9704|25819|64282|66037|284071,APOBEC1|DAP|DAZL|DFFB|IL10|MGAT3|PIK3CG|PRKAA1|SORL1|DEDD|DHX34|NOCT|TENT4B|BOLL|MEIOC,0.0,0,11,0,0,-3.3216014323950245,4.980263442021162,
0,1,0.0,-2.2930368585316665,GO:0048255,M01,1,0,GO Biological Processes,19,mRNA stabilization,19_GO:0048519 negative regulation of biological process,-2.2930368585316665,4.446663787518895,3.7072832762939254,16474,44,421,5,1.187648456057007,0.5279691219254331,339|1618|25819|66037|284071,APOBEC1|DAZL|NOCT|BOLL|MEIOC,0.0,0,11,0,0,-3.3216014323950245,4.980263442021162,
0,1,0.0,-2.2818363025521116,GO:0031330,M01,1,0,GO Biological Processes,19,negative regulation of cellular catabolic process,19_GO:0048519 negative regulation of biological process,-2.2818363025521116,2.3596366631256047,3.1249149434966723,16474,199,421,12,2.8503562945368173,0.8110154604403912,339|1611|1618|1677|3586|5294|6653|9704|25819|64282|66037|284071,APOBEC1|DAP|DAZL|DFFB|IL10|PIK3CG|SORL1|DHX34|NOCT|TENT4B|BOLL|MEIOC,0.0,0,11,0,0,-3.3216014323950245,4.980263442021162,
1,0,-2.9520500757994603,0.0,GO:0098907,M10,1,0,GO Biological Processes,19,regulation of SA node cell action potential,19_GO:0023052 signaling,-2.9520500757994603,13.05043570108265,5.875985706692552,16474,7,541,3,0.5545286506469501,0.31926834980507884,287|57657|348980,ANK2|HCN3|HCN1,-0.231734752996695,0,12,1,1,-2.9520500757994603,13.05043570108265,
1,0,-2.3811963685142734,0.0,GO:0086091,M10,1,0,GO Biological Processes,19,regulation of heart rate by cardiac conduction,19_GO:0032501 multicellular organismal process,-2.3811963685142734,4.613790399372655,3.829058651995674,16474,33,541,5,0.9242144177449169,0.4114068318614345,287|1832|8913|57657|348980,ANK2|DSP|CACNA1G|HCN3|HCN1,0.0,0,12,0,0,-2.9520500757994603,13.05043570108265,
1,0,-2.13983047659595,0.0,GO:0098901,M10,1,0,GO Biological Processes,19,regulation of cardiac muscle cell action potential,19_GO:0050789 regulation of biological process,-2.13983047659595,5.07516943930992,3.6813282551438045,16474,24,541,4,0.7393715341959335,0.36831655584891987,287|1832|57657|348980,ANK2|DSP|HCN3|HCN1,0.0,0,12,0,0,-2.9520500757994603,13.05043570108265,
0,1,0.0,-2.8838207101540547,GO:0016125,M01,1,0,GO Biological Processes,19,sterol metabolic process,19_GO:0008152 metabolic process,-2.8838207101540547,3.1556968814650217,3.9020151550618096,16474,124,421,10,2.375296912114014,0.742160382098785,351|1080|1588|2222|5467|5562|10613|10858|56603|403313,APP|CFTR|CYP19A1|FDFT1|PPARD|PRKAA1|ERLIN1|CYP46A1|CYP26B1|PLPP6,-0.21559014831525625,0,13,1,1,-2.8838207101540547,4.891330166270783,
0,1,0.0,-2.1409292543398335,GO:0008203,M01,1,0,GO Biological Processes,19,cholesterol metabolic process,19_GO:0008152 metabolic process,-2.1409292543398335,2.845864824012092,3.1455804366191695,16474,110,421,8,1.9002375296912113,0.6654215714084291,351|1080|2222|5467|5562|10613|10858|403313,APP|CFTR|FDFT1|PPARD|PRKAA1|ERLIN1|CYP46A1|PLPP6,0.0,0,13,0,0,-2.8838207101540547,4.891330166270783,
0,1,0.0,-2.066259133313811,GO:0006695,M01,1,0,GO Biological Processes,19,cholesterol biosynthetic process,19_GO:0008152 metabolic process,-2.066259133313811,4.891330166270783,3.5681659315155554,16474,32,421,4,0.9501187648456056,0.4727971820325108,1080|2222|5562|403313,CFTR|FDFT1|PRKAA1|PLPP6,0.0,0,13,0,0,-2.8838207101540547,4.891330166270783,
0,1,0.0,-2.066259133313811,GO:1902653,M01,1,0,GO Biological Processes,19,secondary alcohol biosynthetic process,19_GO:0008152 metabolic process,-2.066259133313811,4.891330166270783,3.5681659315155554,16474,32,421,4,0.9501187648456056,0.4727971820325108,1080|2222|5562|403313,CFTR|FDFT1|PRKAA1|PLPP6,0.0,0,13,0,0,-2.8838207101540547,4.891330166270783,
1,0,-2.758630192804553,0.0,R-HSA-389397,M10,1,0,Reactome Gene Sets,6,Orexin and neuropeptides FF and QRFP bind to their respective receptors,,-2.758630192804553,11.419131238447319,5.431485819950845,16474,8,541,3,0.5545286506469501,0.31926834980507884,3062|8620|10886,HCRTR2|NPFF|NPFFR2,-0.1400062390388036,0,14,1,1,-2.758630192804553,11.419131238447319,
0,1,0.0,-2.67256778277602,GO:0090596,M01,1,0,GO Biological Processes,19,sensory organ morphogenesis,19_GO:0032502 developmental process,-2.67256778277602,2.5183086004562454,3.516127082767581,16474,202,421,13,3.0878859857482186,0.8430990771861383,525|613|1295|1735|5146|5754|6094|6497|9927|26160|56603|89780|124590,ATP6V1B1|BCR|COL8A1|DIO3|PDE6C|PTK7|ROM1|SKI|MFN2|IFT172|CYP26B1|WNT3A|USH1G,-0.07128401056783466,0,15,1,1,-2.67256778277602,2.5183086004562454,
0,1,0.0,-2.0177689554138647,GO:0007423,M01,1,0,GO Biological Processes,19,sensory organ development,19_GO:0032502 developmental process,-2.0177689554138647,1.7786655150075577,2.681054450344863,16474,440,421,20,4.750593824228028,1.03672611951681,525|613|1295|1735|1739|1889|3985|5146|5158|5754|6094|6497|8100|9927|26160|56603|56917|57835|89780|124590,ATP6V1B1|BCR|COL8A1|DIO3|DLG1|ECE1|LIMK2|PDE6C|PDE6B|PTK7|ROM1|SKI|IFT88|MFN2|IFT172|CYP26B1|MEIS3|SLC4A5|WNT3A|USH1G,0.0,0,15,0,0,-2.67256778277602,2.5183086004562454,
0,1,0.0,-2.650514957278863,GO:0045600,M01,1,0,GO Biological Processes,19,positive regulation of fat cell differentiation,19_GO:0032502 developmental process,-2.650514957278863,4.429883924169767,4.050110303219501,16474,53,421,6,1.4251781472684086,0.5776656315631787,1040|4023|5467|7704|25819|28971,CDS1|LPL|PPARD|ZBTB16|NOCT|AAMDC,-0.056942604115499555,0,16,1,1,-2.650514957278863,4.429883924169767,
0,1,0.0,-2.235986657640607,GO:0045598,M01,1,0,GO Biological Processes,19,regulation of fat cell differentiation,19_GO:0032502 developmental process,-2.235986657640607,2.9532559494465103,3.2671086278509303,16474,106,421,8,1.9002375296912113,0.6654215714084291,1040|4023|4488|5467|7704|25819|28971|89780,CDS1|LPL|MSX2|PPARD|ZBTB16|NOCT|AAMDC|WNT3A,0.0,0,16,0,0,-2.650514957278863,4.429883924169767,
1,0,-2.59666422811954,0.0,GO:0009617,M10,1,0,GO Biological Processes,19,response to bacterium,19_GO:0044419 biological process involved in interspecies interaction between organisms,-2.59666422811954,1.6832220250977625,3.133292976305372,16474,597,541,33,6.099815157116451,1.0289468179095766,225|671|695|944|1113|1673|2243|2244|2277|2643|3055|3394|3454|3553|4153|4940|5179|7867|9971|10225|10561|11221|28670|57115|81623|84292|84868|129607|148022|199713|219972|497189|100507436,ABCD2|BPI|BTK|TNFSF8|CHGA|DEFB4A|FGA|FGB|VEGFD|GCH1|HCK|IRF8|IFNAR1|IL1B|MBL2|OAS3|PENK|MAPKAPK3|NR1H4|CD96|IFI44|DUSP10|TRAV13-2|PGLYRP4|DEFB126|WDR83|HAVCR2|CMPK2|TICAM1|NLRP7|MPEG1|TIFAB|MICA,-0.043089633530206235,0,17,1,1,-2.59666422811954,4.478090681744047,
1,0,-2.3730038266675537,0.0,GO:0032496,M10,1,0,GO Biological Processes,19,response to lipopolysaccharide,19_GO:0044419 biological process involved in interspecies interaction between organisms,-2.3730038266675537,2.00043174980099,3.0770988216549373,16474,274,541,18,3.3271719038817005,0.7710653713259483,671|695|2643|3055|3394|3454|3553|5179|7867|9971|10225|11221|84292|84868|129607|148022|199713|497189,BPI|BTK|GCH1|HCK|IRF8|IFNAR1|IL1B|PENK|MAPKAPK3|NR1H4|CD96|DUSP10|WDR83|HAVCR2|CMPK2|TICAM1|NLRP7|TIFAB,0.0,0,17,0,0,-2.59666422811954,4.478090681744047,
1,0,-2.323782510163618,0.0,GO:0031663,M10,1,0,GO Biological Processes,19,lipopolysaccharide-mediated signaling pathway,19_GO:0044419 biological process involved in interspecies interaction between organisms,-2.323782510163618,4.478090681744047,3.7408100519469,16474,34,541,5,0.9242144177449169,0.4114068318614345,671|3055|3553|148022|497189,BPI|HCK|IL1B|TICAM1|TIFAB,0.0,0,17,0,0,-2.59666422811954,4.478090681744047,
1,0,-2.108530194612128,0.0,GO:0002237,M10,1,0,GO Biological Processes,19,response to molecule of bacterial origin,19_GO:0044419 biological process involved in interspecies interaction between organisms,-2.108530194612128,1.8835680393315164,2.8021616119839305,16474,291,541,18,3.3271719038817005,0.7710653713259483,671|695|2643|3055|3394|3454|3553|5179|7867|9971|10225|11221|84292|84868|129607|148022|199713|497189,BPI|BTK|GCH1|HCK|IRF8|IFNAR1|IL1B|PENK|MAPKAPK3|NR1H4|CD96|DUSP10|WDR83|HAVCR2|CMPK2|TICAM1|NLRP7|TIFAB,0.0,0,17,0,0,-2.59666422811954,4.478090681744047,
1,0,-2.59322088329101,0.0,GO:2001280,M10,1,0,GO Biological Processes,19,positive regulation of unsaturated fatty acid biosynthetic process,19_GO:0048518 positive regulation of biological process,-2.59322088329101,10.15033887861984,5.059571867889938,16474,9,541,3,0.5545286506469501,0.31926834980507884,225|301|3553,ABCD2|ANXA1|IL1B,-0.043089633530206235,0,18,1,1,-2.59322088329101,10.15033887861984,
1,0,-2.207013393983821,0.0,GO:2001279,M10,1,0,GO Biological Processes,19,regulation of unsaturated fatty acid biosynthetic process,19_GO:0008152 metabolic process,-2.207013393983821,7.612754158964879,4.222482957447977,16474,12,541,3,0.5545286506469501,0.31926834980507884,225|301|3553,ABCD2|ANXA1|IL1B,0.0,0,18,0,0,-2.59322088329101,10.15033887861984,
1,0,-2.59322088329101,0.0,GO:0042276,M10,1,0,GO Biological Processes,19,error-prone translesion synthesis,19_GO:0050896 response to stimulus,-2.59322088329101,10.15033887861984,5.059571867889938,16474,9,541,3,0.5545286506469501,0.31926834980507884,5429|11201|201973,POLH|POLI|PRIMPOL,-0.043089633530206235,0,19,1,1,-2.59322088329101,10.15033887861984,
1,0,-2.577186889699582,0.0,WP98,M10,1,0,WikiPathways,27,Prostaglandin synthesis and regulation,,-2.577186889699582,4.24897906546877,3.93083981824503,16474,43,541,6,1.1090573012939002,0.45025300349560643,301|307|309|873|10257|10891,ANXA1|ANXA4|ANXA6|CBR1|ABCC4|PPARGC1A,-0.03839700671610658,0,20,1,1,-2.577186889699582,4.24897906546877,
1,0,-2.4266036160712887,0.0,GO:0071715,M10,1,0,GO Biological Processes,19,icosanoid transport,19_GO:0051179 localization,-2.4266036160712887,3.971871735112111,3.7192282672148984,16474,46,541,6,1.1090573012939002,0.45025300349560643,301|624|9376|10257|26279|85320,ANXA1|BDKRB2|SLC22A8|ABCC4|PLA2G2D|ABCC11,0.0,0,20,0,0,-2.577186889699582,4.24897906546877,
0,1,0.0,-2.5617940032296658,GO:0048736,M01,1,0,GO Biological Processes,19,appendage development,19_GO:0032502 developmental process,-2.5617940032296658,2.8562511919829396,3.5331344864276484,16474,137,421,10,2.375296912114014,0.742160382098785,1889|4038|4488|6497|7704|26160|56603|57560|79659|137392,ECE1|LRP4|MSX2|SKI|ZBTB16|IFT172|CYP26B1|IFT80|DYNC2H1|CIBAR1,-0.03839700671610658,0,21,1,1,-2.5617940032296658,3.2225234036607517,
0,1,0.0,-2.5617940032296658,GO:0060173,M01,1,0,GO Biological Processes,19,limb development,19_GO:0032502 developmental process,-2.5617940032296658,2.8562511919829396,3.5331344864276484,16474,137,421,10,2.375296912114014,0.742160382098785,1889|4038|4488|6497|7704|26160|56603|57560|79659|137392,ECE1|LRP4|MSX2|SKI|ZBTB16|IFT172|CYP26B1|IFT80|DYNC2H1|CIBAR1,-0.03839700671610658,0,21,0,0,-2.5617940032296658,3.2225234036607517,
0,1,0.0,-2.218920177747296,GO:0030326,M01,1,0,GO Biological Processes,19,embryonic limb morphogenesis,19_GO:0032502 developmental process,-2.218920177747296,3.2225234036607517,3.326816696277508,16474,85,421,7,1.66270783847981,0.6231979941283531,1889|4038|4488|6497|7704|56603|79659,ECE1|LRP4|MSX2|SKI|ZBTB16|CYP26B1|DYNC2H1,0.0,0,21,0,0,-2.5617940032296658,3.2225234036607517,
0,1,0.0,-2.218920177747296,GO:0035113,M01,1,0,GO Biological Processes,19,embryonic appendage morphogenesis,19_GO:0032502 developmental process,-2.218920177747296,3.2225234036607517,3.326816696277508,16474,85,421,7,1.66270783847981,0.6231979941283531,1889|4038|4488|6497|7704|56603|79659,ECE1|LRP4|MSX2|SKI|ZBTB16|CYP26B1|DYNC2H1,0.0,0,21,0,0,-2.5617940032296658,3.2225234036607517,
0,1,0.0,-2.211746641213758,GO:0035107,M01,1,0,GO Biological Processes,19,appendage morphogenesis,19_GO:0032502 developmental process,-2.211746641213758,2.9256554265544867,3.2361990030419996,16474,107,421,8,1.9002375296912113,0.6654215714084291,1889|4038|4488|6497|7704|56603|79659|137392,ECE1|LRP4|MSX2|SKI|ZBTB16|CYP26B1|DYNC2H1|CIBAR1,0.0,0,21,0,0,-2.5617940032296658,3.2225234036607517,
0,1,0.0,-2.211746641213758,GO:0035108,M01,1,0,GO Biological Processes,19,limb morphogenesis,19_GO:0032502 developmental process,-2.211746641213758,2.9256554265544867,3.2361990030419996,16474,107,421,8,1.9002375296912113,0.6654215714084291,1889|4038|4488|6497|7704|56603|79659|137392,ECE1|LRP4|MSX2|SKI|ZBTB16|CYP26B1|DYNC2H1|CIBAR1,0.0,0,21,0,0,-2.5617940032296658,3.2225234036607517,
0,1,0.0,-2.2299860591059035,GO:0010256,M01,1,0,GO Biological Processes,19,endomembrane system organization,19_GO:0009987 cellular process,-2.5451603812338264,1.5901544401544403,3.050975232207073,16474,420,962,39,4.054054054054054,0.6358732361773911,225|287|309|400|1201|2352|2515|6676|8615|8729|9631|10228|10565|11063|23317|23418|25777|26092|51608|54828|57097|64689|79156|79659|83548|84376|92154|93343|133022|144717|152015|165679|222068|284680|342096|375056|389852|653145|101929726,ABCD2|ANK2|ANXA6|ARL1|CLN3|FOLR3|ADAM2|SPAG4|USO1|GBF1|NUP155|STX6|ARFGEF1|SOX30|DNAJC13|CRB1|SUN2|TOR1AIP1|GET4|BCAS3|PARP11|GORASP1|PLEKHF1|DYNC2H1|COG3|HOOK3|MTSS2|MVB12A|TRAM1L1|PHETA1|ROPN1B|SPTSSB|TMED4|SPATA46|GOLGA6A|MIA3|SPACA5|ANXA8|MYMX,0.0,0,22,1,1,-2.5451603812338264,1.5901544401544403,
0,1,0.0,-2.5128803727541262,GO:0042447,M01,1,0,GO Biological Processes,19,hormone catabolic process,19_GO:0008152 metabolic process,-2.5128803727541262,9.78266033254157,4.928612855227992,16474,12,421,3,0.7125890736342043,0.4099450289768094,1588|1735|1889,CYP19A1|DIO3|ECE1,-0.0022576642769958273,0,23,1,1,-2.5128803727541262,9.78266033254157,
1,0,-2.4489826184585257,0.0,GO:0033314,M10,1,0,GO Biological Processes,19,mitotic DNA replication checkpoint signaling,19_GO:0023052 signaling,-2.4489826184585257,9.135304990757856,4.741790521170305,16474,10,541,3,0.5545286506469501,0.31926834980507884,990|4998|5884,CDC6|ORC1|RAD17,0.0,0,24,1,1,-2.4489826184585257,9.135304990757856,
1,0,-2.435905832473883,0.0,GO:0046597,M10,1,0,GO Biological Processes,19,negative regulation of viral entry into host cell,19_GO:0016032 viral process,-2.435905832473883,6.0902033271719045,4.197112261079382,16474,20,541,4,0.7393715341959335,0.36831655584891987,2219|4061|5806|10107,FCN1|LY6E|PTX3|TRIM10,0.0,0,25,1,1,-2.435905832473883,6.0902033271719045,
1,0,-2.279513088851475,0.0,GO:1903901,M10,1,0,GO Biological Processes,19,negative regulation of viral life cycle,19_GO:0016032 viral process,-2.279513088851475,5.536548479247186,3.9234104994229684,16474,22,541,4,0.7393715341959335,0.36831655584891987,2219|4061|5806|10107,FCN1|LY6E|PTX3|TRIM10,0.0,0,25,0,0,-2.435905832473883,6.0902033271719045,
1,0,-2.2019776020526405,0.0,GO:0050766,M10,1,0,GO Biological Processes,19,positive regulation of phagocytosis,19_GO:0051179 localization,-2.2019776020526405,3.1814494992689046,3.2968878914404542,16474,67,541,7,1.2939001848428835,0.4858741018783223,336|695|2219|3553|4153|5806|10960,APOA2|BTK|FCN1|IL1B|MBL2|PTX3|LMAN2,0.0,0,25,0,0,-2.435905832473883,6.0902033271719045,
1,0,-2.053305293237215,0.0,GO:0050764,M10,1,0,GO Biological Processes,19,regulation of phagocytosis,19_GO:0051179 localization,-2.053305293237215,2.7371700346840018,3.027961253664167,16474,89,541,8,1.478743068391867,0.5189346861214983,336|695|2219|3055|3553|4153|5806|10960,APOA2|BTK|FCN1|HCK|IL1B|MBL2|PTX3|LMAN2,0.0,0,25,0,0,-2.435905832473883,6.0902033271719045,
0,1,0.0,-2.3343323089316805,GO:0031124,M01,1,0,GO Biological Processes,19,mRNA 3'-end processing,19_GO:0008152 metabolic process,-2.3343323089316805,5.797132048913521,4.039889659085386,16474,27,421,4,0.9501187648456056,0.4727971820325108,351|56903|64282|79869,APP|PAPOLB|TENT4B|CPSF7,0.0,0,26,1,1,-2.3343323089316805,7.3369952494061765,
0,1,0.0,-2.140047653108399,GO:0006378,M01,1,0,GO Biological Processes,19,mRNA polyadenylation,19_GO:0008152 metabolic process,-2.140047653108399,7.3369952494061765,4.106805530223537,16474,16,421,3,0.7125890736342043,0.4099450289768094,351|56903|64282,APP|PAPOLB|TENT4B,0.0,0,26,0,0,-2.3343323089316805,7.3369952494061765,
1,0,-2.321325256854628,0.0,GO:0043650,M10,1,0,GO Biological Processes,19,dicarboxylic acid biosynthetic process,19_GO:0008152 metabolic process,-2.321325256854628,8.304822718870778,4.465681422343925,16474,11,541,3,0.5545286506469501,0.31926834980507884,8942|25902|27165,KYNU|MTHFD1L|GLS2,0.0,0,27,1,1,-2.321325256854628,8.304822718870778,
0,1,0.0,-2.310689947578762,GO:0097094,M01,1,0,GO Biological Processes,19,craniofacial suture morphogenesis,19_GO:0032502 developmental process,-2.310689947578762,8.385137427892774,4.47668955152645,16474,14,421,3,0.7125890736342043,0.4099450289768094,1112|4488|158326,FOXN3|MSX2|FREM1,0.0,0,28,1,1,-2.310689947578762,8.385137427892774,
0,1,0.0,-2.063932346168246,GO:0061311,M01,1,0,GO Biological Processes,19,cell surface receptor signaling pathway involved in heart development,19_GO:0023052 signaling,-2.063932346168246,6.9054072935587545,3.9450115268412684,16474,17,421,3,0.7125890736342043,0.4099450289768094,4488|23462|89780,MSX2|HEY1|WNT3A,0.0,0,28,0,0,-2.310689947578762,8.385137427892774,
0,1,0.0,-2.3060710429634264,WP399,M01,1,0,WikiPathways,27,Wnt signaling pathway and pluripotency,,-2.3060710429634264,3.7868362577580266,3.5602118150031044,16474,62,421,6,1.4251781472684086,0.5776656315631787,4040|5467|5523|5524|8326|89780,LRP6|PPARD|PPP2R3A|PTPA|FZD9|WNT3A,0.0,0,29,1,1,-2.3060710429634264,3.7868362577580266,
0,1,0.0,-2.2760957344747745,GO:2000008,M01,1,0,GO Biological Processes,19,regulation of protein localization to cell surface,19_GO:0051179 localization,-2.2760957344747745,5.590091618595181,3.9365839835893235,16474,28,421,4,0.9501187648456056,0.4727971820325108,627|8729|23245|57120,BDNF|GBF1|ASTN2|GOPC,0.0,0,30,1,1,-2.2760957344747745,5.590091618595181,
1,0,-2.2377650425495004,0.0,GO:0045824,M10,1,0,GO Biological Processes,19,negative regulation of innate immune response,19_GO:0044419 biological process involved in interspecies interaction between organisms,-2.2377650425495004,3.2296532795608575,3.3443958932833975,16474,66,541,7,1.2939001848428835,0.4858741018783223,142|4940|9111|10225|11221|84868|100507436,PARP1|OAS3|NMI|CD96|DUSP10|HAVCR2|MICA,0.0,0,31,1,1,-2.2377650425495004,3.2296532795608575,
1,0,-2.0802022973842482,0.0,GO:0001818,M10,1,0,GO Biological Processes,19,negative regulation of cytokine production,19_GO:0048519 negative regulation of biological process,-2.0802022973842482,1.9566918320231017,2.802951548105836,16474,249,541,16,2.957486136783734,0.7283560724404124,225|301|307|336|671|695|4940|5371|8986|9111|9971|10225|84651|84868|131450|199713,ABCD2|ANXA1|ANXA4|APOA2|BPI|BTK|OAS3|PML|RPS6KA4|NMI|NR1H4|CD96|SPINK7|HAVCR2|CD200R1|NLRP7,0.0,0,31,0,0,-2.2377650425495004,3.2296532795608575,
0,1,0.0,-2.2246790061898936,GO:0006259,M01,1,0,GO Biological Processes,19,DNA metabolic process,19_GO:0008152 metabolic process,-2.2246790061898936,1.6651336736240967,2.8198294911880772,16474,658,421,28,6.65083135391924,1.2143731242015419,339|1677|1877|2178|5378|9025|11284|23137|25900|29844|54456|55904|56159|56165|63922|64282|84153|84250|84944|91875|136991|144715|163589|199720|246243|284071|375748|548593,APOBEC1|DFFB|E4F1|FANCE|PMS1|RNF8|PNKP|SMC5|IFFO1|TFPT|MOV10L1|KMT2E|TEX11|TDRD1|CHTF18|TENT4B|RNASEH2C|SLF1|MAEL|TTC5|ASZ1|RAD9B|TDRD5|GGN|RNASEH1|MEIOC|ERCC6L2|SLX1A,0.0,0,32,1,1,-2.2246790061898936,1.6651336736240967,
0,1,0.0,-2.222007624601433,R-HSA-163210,M01,1,0,Reactome Gene Sets,6,Formation of ATP by chemiosmotic coupling,,-2.222007624601433,7.826128266033255,4.283193017031144,16474,15,421,3,0.7125890736342043,0.4099450289768094,498|509|27109,ATP5F1A|ATP5F1C|DMAC2L,0.0,0,33,1,1,-2.222007624601433,7.826128266033255,
0,1,0.0,-2.209932663563854,GO:0070050,M01,1,0,GO Biological Processes,19,neuron cellular homeostasis,19_GO:0042592 homeostatic process,-2.209932663563854,4.253330579365899,3.5781954435511523,16474,46,421,5,1.187648456057007,0.5279691219254331,351|525|5562|7301|8314,APP|ATP6V1B1|PRKAA1|TYRO3|BAP1,0.0,0,34,1,1,-2.209932663563854,4.253330579365899,
1,0,-2.207013393983821,0.0,GO:0035331,M10,1,0,GO Biological Processes,19,negative regulation of hippo signaling,19_GO:0023052 signaling,-2.207013393983821,7.612754158964879,4.222482957447977,16474,12,541,3,0.5545286506469501,0.31926834980507884,9686|23286|55841,VGLL4|WWC1|WWC3,0.0,0,35,1,1,-2.207013393983821,7.612754158964879,
0,1,0.0,-2.1668858380775107,GO:0045026,M01,1,0,GO Biological Processes,19,plasma membrane fusion,19_GO:0009987 cellular process,-2.1668858380775107,5.217418844022168,3.744147262318174,16474,30,421,4,0.9501187648456056,0.4727971820325108,152015|284680|389852|101929726,ROPN1B|SPATA46|SPACA5|MYMX,0.0,0,36,1,1,-2.1668858380775107,5.217418844022168,
0,1,0.0,-2.1642240642464206,GO:0022618,M01,1,0,GO Biological Processes,19,ribonucleoprotein complex assembly,19_GO:0009987 cellular process,-2.1642240642464206,2.8719736756085332,3.175442665253895,16474,109,421,8,1.9002375296912113,0.6654215714084291,6607|9092|22907|26576|29960|54496|54680|79869,SMN2|SART1|DHX30|SRPK3|MRM2|PRMT7|ZNHIT6|CPSF7,0.0,0,37,1,1,-2.1642240642464206,2.8719736756085332,
0,1,0.0,-2.007331308156077,GO:0071826,M01,1,0,GO Biological Processes,19,ribonucleoprotein complex subunit organization,19_GO:0009987 cellular process,-2.007331308156077,2.698664919321811,2.9731779606605246,16474,116,421,8,1.9002375296912113,0.6654215714084291,6607|9092|22907|26576|29960|54496|54680|79869,SMN2|SART1|DHX30|SRPK3|MRM2|PRMT7|ZNHIT6|CPSF7,0.0,0,37,0,0,-2.1642240642464206,2.8719736756085332,
1,0,-2.159496399120605,0.0,M5880,M10,1,0,Canonical Pathways,11,NABA ECM AFFILIATED,,-2.159496399120605,2.269640991492635,2.9830680399834764,16474,161,541,12,2.2181146025878005,0.6331732538909254,301|307|309|2219|4153|5365|6382|23601|55600|58503|114900|653145,ANXA1|ANXA4|ANXA6|FCN1|MBL2|PLXNB3|SDC1|CLEC5A|ITLN1|OPRPN|C1QTNF4|ANXA8,0.0,0,38,1,1,-2.159496399120605,2.269640991492635,
1,0,-2.009532633409852,0.0,GO:0034116,M10,1,0,GO Biological Processes,19,positive regulation of heterotypic cell-cell adhesion,19_GO:0048518 positive regulation of biological process,-2.1416131989790927,4.8927828927828925,3.6286850265028434,16474,14,962,4,0.4158004158004158,0.2074675327009319,2243|2244|3553|3586,FGA|FGB|IL1B|IL10,0.0,0,39,1,1,-2.1416131989790927,4.8927828927828925,
0,1,0.0,-2.140047653108399,GO:0043249,M01,1,0,GO Biological Processes,19,erythrocyte maturation,19_GO:0042592 homeostatic process,-2.140047653108399,7.3369952494061765,4.106805530223537,16474,16,421,3,0.7125890736342043,0.4099450289768094,8314|8399|9991,BAP1|PLA2G10|PTBP3,0.0,0,40,1,1,-2.140047653108399,7.3369952494061765,
0,1,0.0,-2.140047653108399,GO:0051220,M01,1,0,GO Biological Processes,19,cytoplasmic sequestering of protein,19_GO:0051179 localization,-2.140047653108399,7.3369952494061765,4.106805530223537,16474,16,421,3,0.7125890736342043,0.4099450289768094,3586|4792|51608,IL10|NFKBIA|GET4,0.0,0,41,1,1,-2.140047653108399,7.3369952494061765,
0,1,0.0,-2.063932346168246,GO:0002902,M01,1,0,GO Biological Processes,19,regulation of B cell apoptotic process,19_GO:0050789 regulation of biological process,-2.063932346168246,6.9054072935587545,3.9450115268412684,16474,17,421,3,0.7125890736342043,0.4099450289768094,3558|3586|8660,IL2|IL10|IRS2,0.0,0,41,0,0,-2.140047653108399,7.3369952494061765,
1,0,-2.103678348413233,0.0,GO:0106049,M10,1,0,GO Biological Processes,19,regulation of cellular response to osmotic stress,19_GO:0050896 response to stimulus,-2.103678348413233,7.02715768519835,4.005828261518069,16474,13,541,3,0.5545286506469501,0.31926834980507884,624|1201|497189,BDKRB2|CLN3|TIFAB,0.0,0,42,1,1,-2.103678348413233,7.02715768519835,
0,1,0.0,-2.1012581579657645,GO:0045787,M01,1,0,GO Biological Processes,19,positive regulation of cell cycle,19_GO:0048518 positive regulation of biological process,-2.1012581579657645,2.0829999187160753,2.867151817134771,16474,263,421,14,3.32541567695962,0.8738523906499537,351|3586|3955|4040|4488|4921|5902|23137|23276|55904|56257|84250|245711|284071,APP|IL10|LFNG|LRP6|MSX2|DDR2|RANBP1|SMC5|KLHL18|KMT2E|MEPCE|SLF1|SPDYA|MEIOC,0.0,0,43,1,1,-2.1012581579657645,2.0829999187160753,
1,0,-2.0842740955877184,0.0,R-HSA-6805567,M10,1,0,Reactome Gene Sets,6,Keratinization,,-2.0842740955877184,2.069486567485598,2.846282917577063,16474,206,541,14,2.587800369685767,0.6826112283887682,1832|2125|6703|6707|54474|81872|337959|337963|386675|388818|643394|728224|730755|100132386,DSP|EVPL|SPRR2D|SPRR3|KRT20|KRTAP2-1|KRTAP13-2|KRTAP23-1|KRTAP10-7|KRTAP26-1|SPINK9|KRTAP4-8|KRTAP2-3|KRTAP4-9,0.0,0,44,1,1,-2.0842740955877184,2.069486567485598,
1,0,-2.075325393695877,0.0,GO:0042401,M10,1,0,GO Biological Processes,19,biogenic amine biosynthetic process,19_GO:0008152 metabolic process,-2.075325393695877,4.872162661737523,3.5701794888900147,16474,25,541,4,0.7393715341959335,0.36831655584891987,438|2643|26002|54498,ASMT|GCH1|MOXD1|SMOX,0.0,0,45,1,1,-2.075325393695877,4.872162661737523,
1,0,-2.0139763804439625,0.0,GO:0009309,M10,1,0,GO Biological Processes,19,amine biosynthetic process,19_GO:0008152 metabolic process,-2.0139763804439625,4.684771790132234,3.4647900599613877,16474,26,541,4,0.7393715341959335,0.36831655584891987,438|2643|26002|54498,ASMT|GCH1|MOXD1|SMOX,0.0,0,45,0,0,-2.075325393695877,4.872162661737523,
1,0,-2.075325393695877,0.0,R-HSA-1187000,M10,1,0,Reactome Gene Sets,6,Fertilization,,-2.075325393695877,4.872162661737523,3.5701794888900147,16474,25,541,4,0.7393715341959335,0.36831655584891987,2515|22917|57828|79820,ADAM2|ZP1|CATSPERG|CATSPERB,0.0,0,46,1,1,-2.075325393695877,4.872162661737523,
0,1,0.0,-2.063932346168246,GO:0043153,M01,1,0,GO Biological Processes,19,entrainment of circadian clock by photoperiod,19_GO:0048511 rhythmic process,-2.063932346168246,6.9054072935587545,3.9450115268412684,16474,17,421,3,0.7125890736342043,0.4099450289768094,1408|5158|150094,CRY2|PDE6B|SIK1,0.0,0,47,1,1,-2.063932346168246,6.9054072935587545,
1,0,-2.0139763804439625,0.0,GO:0034311,M10,1,0,GO Biological Processes,19,diol metabolic process,19_GO:0008152 metabolic process,-2.0139763804439625,4.684771790132234,3.4647900599613877,16474,26,541,4,0.7393715341959335,0.36831655584891987,2643|55304|81537|165679,GCH1|SPTLC3|SGPP1|SPTSSB,0.0,0,48,1,1,-2.0139763804439625,4.684771790132234,
1,0,-2.009532633409852,0.0,GO:0006857,M10,1,0,GO Biological Processes,19,oligopeptide transport,19_GO:0051179 localization,-2.009532633409852,6.525217850541325,3.8109628247930925,16474,14,541,3,0.5545286506469501,0.31926834980507884,4257|10257|23457,MGST1|ABCC4|ABCB9,0.0,0,49,1,1,-2.009532633409852,6.525217850541325,
1,0,-2.009532633409852,0.0,R-HSA-549132,M10,1,0,Reactome Gene Sets,6,Organic cation/anion/zwitterion transport,,-2.009532633409852,6.525217850541325,3.8109628247930925,16474,14,541,3,0.5545286506469501,0.31926834980507884,6248|9376|116085,RSC1A1|SLC22A8|SLC22A12,0.0,0,50,1,1,-2.009532633409852,6.525217850541325,
