_MEMBER_Acelerated,_MEMBER_Conserved,_LogP_Acelerated,_LogP_Conserved,GO,Description,_PATTERN_,_RANK_,CHILD_GO_Acelerated,CHILD_GO_Conserved
1,0,-4.183896671731368,0.0,GO:0016032,viral process,M10,1,GO:0048525 negative regulation of viral process,
1,0,-3.8051147334308553,0.0,GO:0044419,biological process involved in interspecies interaction between organisms,M10,1,GO:0045087 innate immune response,
1,1,-2.9520500757994603,-2.063932346168246,GO:0023052,signaling,M11,2,GO:0098907 regulation of SA node cell action potential,GO:0061311 cell surface receptor signaling pathway involved in heart development
1,1,-2.59322088329101,-3.705560894951052,GO:0050896,response to stimulus,M11,2,GO:0042276 error-prone translesion synthesis,GO:0071392 cellular response to estradiol stimulus
1,1,-2.59322088329101,-2.459074232364134,GO:0048518,positive regulation of biological process,M11,2,GO:2001280 positive regulation of unsaturated fatty acid biosynthetic process,GO:1904707 positive regulation of vascular associated smooth muscle cell proliferation
1,1,-2.4266036160712887,-4.661829037312276,GO:0051179,localization,M11,2,GO:0071715 icosanoid transport,GO:0033365 protein localization to organelle
1,0,-2.3811963685142734,0.0,GO:0032501,multicellular organismal process,M10,1,GO:0086091 regulation of heart rate by cardiac conduction,
1,1,-2.321325256854628,-2.974763820475883,GO:0008152,metabolic process,M11,2,GO:0043650 dicarboxylic acid biosynthetic process,GO:0006305 DNA alkylation
1,0,-2.2224161894237273,0.0,GO:0002376,immune system process,M10,1,GO:0002697 regulation of immune effector process,
1,1,-2.13983047659595,-2.063932346168246,GO:0050789,regulation of biological process,M11,2,GO:0098901 regulation of cardiac muscle cell action potential,GO:0002902 regulation of B cell apoptotic process
1,1,-2.0802022973842482,-4.3201073858956445,GO:0048519,negative regulation of biological process,M11,2,GO:0001818 negative regulation of cytokine production,GO:0090209 negative regulation of triglyceride metabolic process
0,1,0.0,-16.042178070629877,GO:0022414,reproductive process,M01,1,,GO:0048232 male gamete generation
0,1,0.0,-5.6464927803880665,GO:0009987,cellular process,M01,1,,GO:0044782 cilium organization
0,1,0.0,-3.628390039467931,GO:0032502,developmental process,M01,1,,GO:0071695 anatomical structure maturation
0,1,0.0,-2.209932663563854,GO:0042592,homeostatic process,M01,1,,GO:0070050 neuron cellular homeostasis
0,1,0.0,-2.063932346168246,GO:0048511,rhythmic process,M01,1,,GO:0043153 entrainment of circadian clock by photoperiod
