GO,Description,_LogP_Acelerated,_LogP_Conserved
GO:0032502,developmental process,0.0,-3.628390039467931
GO:0009987,cellular process,0.0,-5.6464927803880665
GO:0048511,rhythmic process,0.0,-2.063932346168246
GO:0042592,homeostatic process,0.0,-2.209932663563854
GO:0022414,reproductive process,0.0,-16.042178070629877
GO:0050789,regulation of biological process,-2.13983047659595,-2.063932346168246
GO:0023052,signaling,-2.9520500757994603,-2.063932346168246
GO:0008152,metabolic process,-2.321325256854628,-2.974763820475883
GO:0048518,positive regulation of biological process,-2.59322088329101,-2.459074232364134
GO:0050896,response to stimulus,-2.59322088329101,-3.705560894951052
GO:0051179,localization,-2.4266036160712887,-4.661829037312276
GO:0048519,negative regulation of biological process,-2.0802022973842482,-4.3201073858956445
GO:0044419,biological process involved in interspecies interaction between organisms,-3.8051147334308553,0.0
GO:0016032,viral process,-4.183896671731368,0.0
GO:0032501,multicellular organismal process,-2.3811963685142734,0.0
GO:0002376,immune system process,-2.2224161894237273,0.0
