_MEMBER_Acelerated,_MEMBER_Conserved,_LogP_Acelerated,_LogP_Conserved,GO,_PATTERN_,_RANK_,GiniIndex,Category,CategoryID,Description,PARENT_GO,LogP,Enrichment,Z-score,#TotalGeneInLibrary,#GeneInGO,#GeneInHitList,#GeneInGOAndHitList,%InGO,STDV %InGO,GeneID,Hits,Log(q-value),EvidenceCutoff
1,0,-3.9,0,M40244,M10,1,0,Cell Type Signatures,7,DESCARTES FETAL LUNG MYELOID CELLS,,-3.9,3,4.6,16474,151,541,15,2.8,0.71,911|2219|3055|3363|3394|3553|8942|23601|26279|84868|219972|283316|284415|284759|100049587,CD1C|FCN1|HCK|HTR7|IRF8|IL1B|KYNU|CLEC5A|PLA2G2D|HAVCR2|MPEG1|CD163L1|VSTM1|SIRPB2|SIGLEC14,-0.23,0
0,1,0,-3.6,M40124,M01,1,0,Cell Type Signatures,7,DESCARTES MAIN FETAL CILIATED EPITHELIAL CELLS,,-3.6,2.1,4,16474,531,421,28,6.7,1.2,1040|1768|2302|2588|5891|8100|8900|11063|11159|23116|25981|26160|28981|54760|57539|79025|79659|79989|84058|115399|127700|147744|164781|252884|254173|256329|286207|374618,CDS1|DNAH6|FOXJ1|GALNS|MOK|IFT88|CCNA1|SOX30|RABL2A|TOGARAM1|DNAH1|IFT172|IFT81|PCSK4|WDR35|FNDC11|DYNC2H1|TTC26|WDR54|LRRC56|OSCP1|TMEM190|DAW1|ZNF396|TTLL10|LMNTD2|CFAP157|TEX9,-0.21,0
1,0,-2.8,0,M39126,M10,1,0,Cell Type Signatures,7,AIZARANI LIVER C25 KUPFFER CELLS 4,,-2.8,2.6,3.6,16474,153,541,13,2.4,0.66,199|301|911|2205|2219|3055|3109|3111|3394|3553|64092|219972|255488,AIF1|ANXA1|CD1C|FCER1A|FCN1|HCK|HLA-DMB|HLA-DOA|IRF8|IL1B|SAMSN1|MPEG1|RNF144B,0,0
1,0,-2.8,0,M40005,M10,1,0,Cell Type Signatures,7,BUSSLINGER ESOPHAGEAL DENDRITIC CELLS,,-2.8,2.5,3.6,16474,172,541,14,2.6,0.68,199|911|913|2205|3055|3109|3111|3553|8857|8913|23601|51192|90007|219972,AIF1|CD1C|CD1E|FCER1A|HCK|HLA-DMB|HLA-DOA|IL1B|FCGBP|CACNA1G|CLEC5A|CKLF|MIDN|MPEG1,0,0
1,0,-2.7,0,M40210,M10,1,0,Cell Type Signatures,7,DESCARTES FETAL INTESTINE MYELOID CELLS,,-2.7,2.3,3.5,16474,195,541,15,2.8,0.71,199|911|2219|3055|3109|3111|3394|3553|8942|131450|219972|283316|284759|497189|100049587,AIF1|CD1C|FCN1|HCK|HLA-DMB|HLA-DOA|IRF8|IL1B|KYNU|CD200R1|MPEG1|CD163L1|SIRPB2|TIFAB|SIGLEC14,0,0
1,0,-2.5,0,M40221,M10,1,0,Cell Type Signatures,7,DESCARTES FETAL KIDNEY MYELOID CELLS,,-2.5,2.4,3.3,16474,167,541,13,2.4,0.66,199|2219|3055|3109|8942|23601|84868|131450|170371|219972|283316|284759|497189,AIF1|FCN1|HCK|HLA-DMB|KYNU|CLEC5A|HAVCR2|CD200R1|TMEM273|MPEG1|CD163L1|SIRPB2|TIFAB,0,0
1,0,-2.3,0,M40196,M10,1,0,Cell Type Signatures,7,DESCARTES FETAL HEART MYELOID CELLS,,-2.3,2.6,3.2,16474,116,541,10,1.8,0.58,913|2219|3055|3109|3394|23601|219972|283316|284759|100049587,CD1E|FCN1|HCK|HLA-DMB|IRF8|CLEC5A|MPEG1|CD163L1|SIRPB2|SIGLEC14,0,0
1,0,-2.2,0,M39148,M10,1,0,Cell Type Signatures,7,GAO SMALL INTESTINE 24W C4 ENTEROCYTE PROGENITOR SUBTYPE 2,,-2.2,2.9,3.2,16474,85,541,8,1.5,0.52,307|795|2184|4485|4640|83661|200010|283537,ANXA4|S100G|FAH|MST1|MYO1A|MS4A8|SLC5A9|SLC46A3,0,0
0,1,0,-2.1,M40078,M01,1,0,Cell Type Signatures,7,DESCARTES MAIN FETAL SLC26A4 PAEP POSITIVE CELLS,,-2.1,2.2,2.9,16474,209,421,12,2.9,0.81,6676|8872|9191|9631|29965|64282|84215|129530|137392|140687|144715|153443,SPAG4|CDC123|DEDD|NUP155|CDIP1|TENT4B|ZNF541|LYG1|CIBAR1|GCNT7|RAD9B|SRFBP1,0,0
1,0,-2,0,M40238,M10,1,0,Cell Type Signatures,7,DESCARTES FETAL LUNG CSH1 CSH2 POSITIVE CELLS,,-2,2.2,2.8,16474,167,541,12,2.2,0.63,1028|4849|5178|5193|6382|7697|26013|55194|55304|81537|84914|347734,CDKN1C|CNOT3|PEG3|PEX12|SDC1|ZNF138|L3MBTL1|EVA1B|SPTLC3|SGPP1|ZNF587|SLC35B2,0,0
1,0,-2,0,M39250,M10,1,0,Cell Type Signatures,7,MENON FETAL KIDNEY 0 CAP MESENCHYME CELLS,,-2,3.3,3.1,16474,56,541,6,1.1,0.45,4678|4915|55814|64770|84293|116372,NASP|NTRK2|BDP1|CCDC14|PRXL2A|LYPD1,0,0
