GO,Description,_LogP_Accelerated,_LogP_Conserved
GO:0002376,immune system process,-2.7491193553089763,-2.0125465712583264
GO:0022414,reproductive process,-2.2838313502979544,-2.4952393848279035
GO:0051179,localization,-2.2838313502979544,-2.1667383131687847
GO:0032502,developmental process,-3.009641994758317,-3.3450473294407073
GO:0009987,cellular process,0.0,-2.0809230251138597
GO:0040011,locomotion,-2.1850521394708604,0.0
GO:0050896,response to stimulus,-2.751923171085609,0.0
GO:0048519,negative regulation of biological process,-2.5759405722042623,0.0
GO:0042592,homeostatic process,-2.020761370808433,0.0
GO:0023052,signaling,-2.4747043944181435,0.0
GO:0044419,biological process involved in interspecies interaction between organisms,-3.844221409838887,0.0
GO:0008152,metabolic process,-3.2742556001581478,0.0
