GO,Description,_LogP_Accelerated,_LogP_Conserved
GO:0002250,adaptive immune response,-2.7491193553089763,0.0
GO:0006346,DNA methylation-dependent heterochromatin formation,-2.5759405722042623,0.0
GO:0097066,response to thyroid hormone,-2.751923171085609,0.0
hsa05150,Staphylococcus aureus infection,-2.6916112040937534,0.0
WP4324,Mitochondrial complex I assembly model OXPHOS system,-2.638274265564887,0.0
GO:0048247,lymphocyte chemotaxis,-2.1850521394708604,0.0
GO:1901185,negative regulation of ERBB signaling pathway,-2.4747043944181435,0.0
GO:0043586,tongue development,-2.4698335362475508,0.0
GO:0002526,acute inflammatory response,-2.125314269663211,0.0
R-HSA-6803157,Antimicrobial peptides,-2.101515215653448,0.0
GO:0033619,membrane protein proteolysis,-2.095245927587567,0.0
GO:0080154,regulation of fertilization,-2.2838313502979544,0.0
GO:0006825,copper ion transport,-2.2838313502979544,0.0
hsa04657,IL-17 signaling pathway,-2.424745035652471,0.0
R-HSA-421270,Cell-cell junction organization,-2.638274265564887,0.0
R-HSA-422085,"Synthesis, secretion, and deacylation of Ghrelin",-2.2014614972249493,0.0
GO:0033189,response to vitamin A,-2.2014614972249493,0.0
GO:0060117,auditory receptor cell development,-3.002773379004191,0.0
GO:0006518,peptide metabolic process,-3.2742556001581478,0.0
GO:0009617,response to bacterium,-3.844221409838887,0.0
GO:0045666,positive regulation of neuron differentiation,-3.009641994758317,0.0
GO:1903131,mononuclear cell differentiation,0.0,-2.2647788453112985
GO:0001824,blastocyst development,0.0,-2.0123857176531965
CORUM:1181,C complex spliceosome,0.0,-2.004524718841158
GO:0072273,metanephric nephron morphogenesis,0.0,-2.4818549259900804
hsa04916,Melanogenesis,0.0,-2.59145856751428
GO:0007143,female meiotic nuclear division,0.0,-2.4952393848279035
GO:0140056,organelle localization by membrane tethering,0.0,-2.1667383131687847
GO:0048715,negative regulation of oligodendrocyte differentiation,0.0,-3.3450473294407073
