Cluster,Score,Type,Gene,Symbol,Network
4,2.857142857142857,Clustered,24138,IFIT5,_FINAL_SUB1
4,2.857142857142857,Seed,4940,OAS3,_FINAL_SUB1
4,2.857142857142857,Clustered,4600,MX2,_FINAL_SUB1
4,2.857142857142857,Clustered,6041,RNASEL,_FINAL_SUB1
4,2.857142857142857,Clustered,3394,IRF8,_FINAL_SUB1
4,2.857142857142857,Clustered,8638,OASL,_FINAL_SUB1
4,2.857142857142857,Clustered,3434,IFIT1,_FINAL_SUB1
2,2.5833333333333335,Clustered,26160,IFT172,_FINAL_SUB1
2,2.5833333333333335,Clustered,57539,WDR35,_FINAL_SUB1
2,2.5833333333333335,Clustered,8100,IFT88,_FINAL_SUB1
2,2.5833333333333335,Clustered,301,ANXA1,_FINAL_SUB1
2,2.5833333333333335,Clustered,57560,IFT80,_FINAL_SUB1
2,2.5833333333333335,Clustered,28981,IFT81,_FINAL_SUB1
2,2.5833333333333335,Clustered,3062,HCRTR2,_FINAL_SUB1
2,2.5833333333333335,Clustered,351,APP,_FINAL_SUB1
2,2.5833333333333335,Clustered,8620,NPFF,_FINAL_SUB1
2,2.5833333333333335,Seed,10886,NPFFR2,_FINAL_SUB1
2,2.5833333333333335,Clustered,624,BDKRB2,_FINAL_SUB1
2,2.5833333333333335,Clustered,79989,TTC26,_FINAL_SUB1
5,2.0,Clustered,6607,SMN2,_FINAL_SUB1
5,2.0,Clustered,9631,NUP155,_FINAL_SUB1
5,2.0,Seed,8021,NUP214,_FINAL_SUB1
5,2.0,Clustered,9883,POM121,_FINAL_SUB1
5,2.0,Clustered,23511,NUP188,_FINAL_SUB1
3,1.5,Clustered,525,ATP6V1B1,_FINAL_SUB1
3,1.5,Clustered,2643,GCH1,_FINAL_SUB1
3,1.5,Clustered,27109,DMAC2L,_FINAL_SUB1
3,1.5,Seed,136991,ASZ1,_FINAL_SUB1
3,1.5,Clustered,54456,MOV10L1,_FINAL_SUB1
3,1.5,Clustered,84944,MAEL,_FINAL_SUB1
3,1.5,Clustered,509,ATP5F1C,_FINAL_SUB1
3,1.5,Clustered,56165,TDRD1,_FINAL_SUB1
1,1.4615384615384617,Clustered,498,ATP5F1A,_FINAL_SUB1
1,1.4615384615384617,Clustered,27327,TNRC6A,_FINAL_SUB1
1,1.4615384615384617,Clustered,84687,PPP1R9B,_FINAL_SUB1
1,1.4615384615384617,Clustered,3055,HCK,_FINAL_SUB1
1,1.4615384615384617,Clustered,4998,ORC1,_FINAL_SUB1
1,1.4615384615384617,Clustered,695,BTK,_FINAL_SUB1
1,1.4615384615384617,Clustered,5524,PTPA,_FINAL_SUB1
1,1.4615384615384617,Clustered,3586,IL10,_FINAL_SUB1
1,1.4615384615384617,Clustered,1080,CFTR,_FINAL_SUB1
1,1.4615384615384617,Clustered,336,APOA2,_FINAL_SUB1
1,1.4615384615384617,Clustered,57120,GOPC,_FINAL_SUB1
1,1.4615384615384617,Clustered,990,CDC6,_FINAL_SUB1
1,1.4615384615384617,Clustered,5884,RAD17,_FINAL_SUB1
1,1.4615384615384617,Clustered,4023,LPL,_FINAL_SUB1
1,1.4615384615384617,Clustered,5467,PPARD,_FINAL_SUB1
1,1.4615384615384617,Clustered,3454,IFNAR1,_FINAL_SUB1
1,1.4615384615384617,Clustered,5523,PPP2R3A,_FINAL_SUB1
1,1.4615384615384617,Clustered,1618,DAZL,_FINAL_SUB1
1,1.4615384615384617,Clustered,8900,CCNA1,_FINAL_SUB1
1,1.4615384615384617,Clustered,64282,TENT4B,_FINAL_SUB1
1,1.4615384615384617,Clustered,79869,CPSF7,_FINAL_SUB1
1,1.4615384615384617,Clustered,10891,PPARGC1A,_FINAL_SUB1
1,1.4615384615384617,Clustered,10228,STX6,_FINAL_SUB1
1,1.4615384615384617,Clustered,8314,BAP1,_FINAL_SUB1
1,1.4615384615384617,Clustered,5902,RANBP1,_FINAL_SUB1
1,1.4615384615384617,Clustered,142,PARP1,_FINAL_SUB1
6,1.0,Clustered,79820,CATSPERB,_FINAL_SUB2
6,1.0,Clustered,8913,CACNA1G,_FINAL_SUB2
6,1.0,Seed,57828,CATSPERG,_FINAL_SUB2
