_MEMBER_Body Size,_MEMBER_Testes Size,_LogP_Body Size,_LogP_Testes Size,GO,_PATTERN_,_RANK_,GiniIndex,Category,CategoryID,Description,PARENT_GO,LogP,Enrichment,Z-score,#TotalGeneInLibrary,#GeneInGO,#GeneInHitList,#GeneInGOAndHitList,%InGO,STDV %InGO,GeneID,Hits,Log(q-value),EvidenceCutoff,GROUP_ID,FirstInGroupByEnrichment,FirstInGroupByLogP,BestLogPInGroup,BestEnrichmentInGroup,URL
1,1,-5.797375362973188,-26.6893690467321,GO:0048232,M11,2,0,GO Biological Processes,19,male gamete generation,19_GO:0022414 reproductive process,-30.544131755785763,9.2936744722459,18.630424539003098,16475,518,154,45,29.22077922077922,3.66469996983187,480|881|1538|1618|3010|4956|6676|8900|9319|11063|11077|51207|54456|54760|54763|54937|56163|56165|58531|63946|66037|83983|84072|84215|84225|84660|84944|121355|124404|133558|136991|143471|146849|152015|163589|199720|221400|245711|284067|284071|284680|389730|402381|647060|727830,ATP1A4|CCIN|CYLC1|DAZL|H1-6|ODF1|SPAG4|CCNA1|TRIP13|SOX30|HSF2BP|DUSP13|MOV10L1|PCSK4|ROPN1|SOHLH2|RNF17|TDRD1|PRM3|DMRTC2|BOLL|TSSK6|HORMAD1|ZNF541|ZMYND15|CCDC62|MAEL|GTSF1|SEPTIN12|MROH2B|ASZ1|PSMA8|CCDC42|ROPN1B|TDRD5|GGN|TDRD6|SPDYA|CFAP97D1|MEIOC|SPATA46|SPATA31A6|SOHLH1|SPATA31A1|SPATA31A3,-26.19571005792134,0,1,1,1,-30.544131755785763,9.395494724836043,
1,1,-5.938681828672605,-25.93323065050704,GO:0007283,M11,2,0,GO Biological Processes,19,spermatogenesis,19_GO:0022414 reproductive process,-30.02341574581899,9.395494724836043,18.53722941762561,16475,501,154,44,28.571428571428573,3.640337081697325,480|881|1538|1618|3010|4956|6676|8900|9319|11063|11077|51207|54456|54760|54763|54937|56163|56165|58531|63946|66037|83983|84072|84215|84225|84660|84944|121355|124404|133558|136991|143471|146849|152015|163589|199720|221400|284067|284071|284680|389730|402381|647060|727830,ATP1A4|CCIN|CYLC1|DAZL|H1-6|ODF1|SPAG4|CCNA1|TRIP13|SOX30|HSF2BP|DUSP13|MOV10L1|PCSK4|ROPN1|SOHLH2|RNF17|TDRD1|PRM3|DMRTC2|BOLL|TSSK6|HORMAD1|ZNF541|ZMYND15|CCDC62|MAEL|GTSF1|SEPTIN12|MROH2B|ASZ1|PSMA8|CCDC42|ROPN1B|TDRD5|GGN|TDRD6|CFAP97D1|MEIOC|SPATA46|SPATA31A6|SOHLH1|SPATA31A1|SPATA31A3,-25.976024043618548,0,1,0,0,-30.544131755785763,9.395494724836043,
1,1,-5.798132361839548,-23.794654956434393,GO:0007276,M11,2,0,GO Biological Processes,19,gamete generation,19_GO:0022414 reproductive process,-27.91577773022489,7.798896824253401,16.916371817176802,16475,631,154,46,29.87012987012987,3.6881596513695913,480|881|1538|1618|3010|4956|6676|7153|8900|9319|11063|11077|51207|54456|54760|54763|54937|56163|56165|58531|63946|66037|83983|84072|84215|84225|84660|84944|121355|124404|133558|136991|143471|146849|152015|163589|199720|221400|245711|284067|284071|284680|389730|402381|647060|727830,ATP1A4|CCIN|CYLC1|DAZL|H1-6|ODF1|SPAG4|TOP2A|CCNA1|TRIP13|SOX30|HSF2BP|DUSP13|MOV10L1|PCSK4|ROPN1|SOHLH2|RNF17|TDRD1|PRM3|DMRTC2|BOLL|TSSK6|HORMAD1|ZNF541|ZMYND15|CCDC62|MAEL|GTSF1|SEPTIN12|MROH2B|ASZ1|PSMA8|CCDC42|ROPN1B|TDRD5|GGN|TDRD6|SPDYA|CFAP97D1|MEIOC|SPATA46|SPATA31A6|SOHLH1|SPATA31A1|SPATA31A3,-24.044477287080127,0,1,0,0,-30.544131755785763,9.395494724836043,
1,1,-3.4796218823196816,-15.148142188119309,GO:0022412,M11,2,0,GO Biological Processes,19,cellular process involved in reproduction in multicellular organism,19_GO:0022414 reproductive process,-16.93502691520649,7.987878787878788,13.296415189191624,16475,375,154,28,18.181818181818183,3.1080157216264896,1618|7153|8900|9319|11063|11077|54456|54760|54763|54937|56163|56165|63946|83983|84072|84225|84660|84944|136991|146849|152015|163589|245711|284067|284071|284680|389852|402381,DAZL|TOP2A|CCNA1|TRIP13|SOX30|HSF2BP|MOV10L1|PCSK4|ROPN1|SOHLH2|RNF17|TDRD1|DMRTC2|TSSK6|HORMAD1|ZMYND15|CCDC62|MAEL|ASZ1|CCDC42|ROPN1B|TDRD5|SPDYA|CFAP97D1|MEIOC|SPATA46|SPACA5|SOHLH1,-13.188665208670027,0,2,1,1,-16.93502691520649,11.249573233185387,
0,1,0.0,-11.121724687852408,GO:0007281,M01,1,0,GO Biological Processes,19,germ cell development,19_GO:0022414 reproductive process,-12.092661969779146,7.953941968811857,11.170067401480441,16475,269,154,20,12.987012987012987,2.708858474747388,1618|9319|11063|54456|54760|54763|54937|56163|56165|63946|83983|84072|84225|84660|146849|152015|163589|284067|284071|402381,DAZL|TRIP13|SOX30|MOV10L1|PCSK4|ROPN1|SOHLH2|RNF17|TDRD1|DMRTC2|TSSK6|HORMAD1|ZMYND15|CCDC62|CCDC42|ROPN1B|TDRD5|CFAP97D1|MEIOC|SOHLH1,-8.44321027625074,0,2,0,0,-16.93502691520649,11.249573233185387,
0,1,0.0,-9.158453628874277,GO:0007286,M01,1,0,GO Biological Processes,19,spermatid development,19_GO:0022414 reproductive process,-9.158453628874277,11.249573233185387,10.674710554750284,16475,174,101,12,11.881188118811881,3.2196122095474857,11063|54760|54763|56163|63946|83983|84225|84660|146849|152015|163589|284071,SOX30|PCSK4|ROPN1|RNF17|DMRTC2|TSSK6|ZMYND15|CCDC62|CCDC42|ROPN1B|TDRD5|MEIOC,-5.588183181393496,0,2,0,0,-16.93502691520649,11.249573233185387,
0,1,0.0,-8.961512023644422,GO:0048515,M01,1,0,GO Biological Processes,19,spermatid differentiation,19_GO:0022414 reproductive process,-8.961512023644422,10.814506865051145,10.427416943079368,16475,181,101,12,11.881188118811881,3.2196122095474857,11063|54760|54763|56163|63946|83983|84225|84660|146849|152015|163589|284071,SOX30|PCSK4|ROPN1|RNF17|DMRTC2|TSSK6|ZMYND15|CCDC62|CCDC42|ROPN1B|TDRD5|MEIOC,-5.458188365794254,0,2,0,0,-16.93502691520649,11.249573233185387,
1,1,-4.948147601980173,-6.027324148060076,GO:0051321,M11,2,0,GO Biological Processes,19,meiotic cell cycle,19_GO:0022414 reproductive process,-9.633838290716941,7.815928363873569,9.863402099094849,16475,219,154,16,10.38961038961039,2.458773100913061,4751|7153|8900|9319|11077|51207|54456|56165|63946|66037|84072|84944|136991|143471|245711|284071,NEK2|TOP2A|CCNA1|TRIP13|HSF2BP|DUSP13|MOV10L1|TDRD1|DMRTC2|BOLL|HORMAD1|MAEL|ASZ1|PSMA8|SPDYA|MEIOC,-6.06356784323616,0,3,1,1,-9.633838290716941,28.405172413793103,
1,1,-3.141688333672956,-7.673229387293139,GO:0007140,M11,2,0,GO Biological Processes,19,male meiotic nuclear division,19_GO:0022414 reproductive process,-9.108960553233434,19.25649350649351,12.558454281891759,16475,50,154,9,5.8441558441558445,1.890271448391109,8900|9319|11077|54456|63946|84944|136991|245711|284071,CCNA1|TRIP13|HSF2BP|MOV10L1|DMRTC2|MAEL|ASZ1|SPDYA|MEIOC,-5.605636895383266,0,3,0,0,-9.633838290716941,28.405172413793103,
0,1,0.0,-4.74636972468613,GO:0007141,M01,1,0,GO Biological Processes,19,male meiosis I,19_GO:0022414 reproductive process,-6.923178842023928,24.687812187812185,11.7416298029236,16475,26,154,6,3.896103896103896,1.5592846429275922,8900|9319|11077|54456|63946|284071,CCNA1|TRIP13|HSF2BP|MOV10L1|DMRTC2|MEIOC,-3.5747571441595034,0,3,0,0,-9.633838290716941,28.405172413793103,
1,1,-3.7135209553781876,-4.384300049318209,GO:0140013,M11,2,0,GO Biological Processes,19,meiotic nuclear division,19_GO:0022414 reproductive process,-6.730803957876538,7.7420112781954895,8.111436771077353,16475,152,154,11,7.142857142857143,2.075311439814202,7153|8900|9319|11077|54456|63946|84072|84944|136991|245711|284071,TOP2A|CCNA1|TRIP13|HSF2BP|MOV10L1|DMRTC2|HORMAD1|MAEL|ASZ1|SPDYA|MEIOC,-3.4237749451703383,0,3,0,0,-9.633838290716941,28.405172413793103,
1,1,-3.535995306224284,-4.141538354112359,GO:1903046,M11,2,0,GO Biological Processes,19,meiotic cell cycle process,19_GO:0022414 reproductive process,-6.34458796679167,7.089070567986232,7.65910271389097,16475,166,154,11,7.142857142857143,2.075311439814202,7153|8900|9319|11077|54456|63946|84072|84944|136991|245711|284071,TOP2A|CCNA1|TRIP13|HSF2BP|MOV10L1|DMRTC2|HORMAD1|MAEL|ASZ1|SPDYA|MEIOC,-3.1101096212340815,0,3,0,0,-9.633838290716941,28.405172413793103,
1,1,-4.303810127087861,-3.168501212875834,GO:0007127,M11,2,0,GO Biological Processes,19,meiosis I,19_GO:0022414 reproductive process,-5.9168290304683975,8.445830485304171,7.749026692434278,16475,114,154,9,5.8441558441558445,1.890271448391109,7153|8900|9319|11077|54456|63946|84072|84944|284071,TOP2A|CCNA1|TRIP13|HSF2BP|MOV10L1|DMRTC2|HORMAD1|MAEL|MEIOC,-2.7725273152598975,0,3,0,0,-9.633838290716941,28.405172413793103,
1,1,-4.285667600647783,-3.1512883071937683,GO:0061982,M11,2,0,GO Biological Processes,19,meiosis I cell cycle process,19_GO:0022414 reproductive process,-5.884881147181771,8.372388481084135,7.706407878105934,16475,115,154,9,5.8441558441558445,1.890271448391109,7153|8900|9319|11077|54456|63946|84072|84944|284071,TOP2A|CCNA1|TRIP13|HSF2BP|MOV10L1|DMRTC2|HORMAD1|MAEL|MEIOC,-2.76690837069562,0,3,0,0,-9.633838290716941,28.405172413793103,
1,1,-3.422845912078451,-3.5728091116500154,GO:0000280,M11,2,0,GO Biological Processes,19,nuclear division,19_GO:0009987 cellular process,-5.775959844282572,5.113039533995416,6.644099516647318,16475,272,154,13,8.441558441558442,2.2402689066815484,4751|7153|8900|9319|11004|11077|54456|63946|84072|84944|136991|245711|284071,NEK2|TOP2A|CCNA1|TRIP13|KIF2C|HSF2BP|MOV10L1|DMRTC2|HORMAD1|MAEL|ASZ1|SPDYA|MEIOC,-2.6828106515214536,0,3,0,0,-9.633838290716941,28.405172413793103,
1,1,-3.228716506902313,-3.3275299198675716,GO:0048285,M11,2,0,GO Biological Processes,19,organelle fission,19_GO:0009987 cellular process,-5.371582195928635,4.698468760968761,6.237039315689088,16475,296,154,13,8.441558441558442,2.2402689066815484,4751|7153|8900|9319|11004|11077|54456|63946|84072|84944|136991|245711|284071,NEK2|TOP2A|CCNA1|TRIP13|KIF2C|HSF2BP|MOV10L1|DMRTC2|HORMAD1|MAEL|ASZ1|SPDYA|MEIOC,-2.324190493728192,0,3,0,0,-9.633838290716941,28.405172413793103,
1,0,-3.803735919684354,0.0,GO:0007143,M10,1,0,GO Biological Processes,19,female meiotic nuclear division,19_GO:0022414 reproductive process,-3.803735919684354,28.405172413793103,8.929823101239007,16475,30,58,3,5.172413793103448,2.9080373606172647,7153|9319|11077,TOP2A|TRIP13|HSF2BP,-0.9604642001398355,0,3,0,0,-9.633838290716941,28.405172413793103,
1,0,-3.067493966407426,0.0,GO:0007131,M10,1,0,GO Biological Processes,19,reciprocal meiotic recombination,19_GO:0022414 reproductive process,-3.067493966407426,16.07839947950553,6.535017945643136,16475,53,58,3,5.172413793103448,2.9080373606172647,7153|9319|11077,TOP2A|TRIP13|HSF2BP,-0.43507561217780044,0,3,0,0,-9.633838290716941,28.405172413793103,
1,0,-3.067493966407426,0.0,GO:0140527,M10,1,0,GO Biological Processes,19,reciprocal homologous recombination,19_GO:0008152 metabolic process,-3.067493966407426,16.07839947950553,6.535017945643136,16475,53,58,3,5.172413793103448,2.9080373606172647,7153|9319|11077,TOP2A|TRIP13|HSF2BP,-0.43507561217780044,0,3,0,0,-9.633838290716941,28.405172413793103,
1,0,-2.931680205444576,0.0,GO:0035825,M10,1,0,GO Biological Processes,19,homologous recombination,19_GO:0008152 metabolic process,-2.931680205444576,14.443308007013442,6.1484424410721,16475,59,58,3,5.172413793103448,2.9080373606172647,7153|9319|11077,TOP2A|TRIP13|HSF2BP,-0.3391333632526428,0,3,0,0,-9.633838290716941,28.405172413793103,
0,1,0.0,-7.339722232498085,GO:0043046,M01,1,0,GO Biological Processes,19,DNA methylation involved in gamete generation,19_GO:0022414 reproductive process,-7.339722232498085,47.976121141525915,15.21934318745657,16475,17,101,5,4.9504950495049505,2.1584329292458206,54456|56165|84944|136991|163589,MOV10L1|TDRD1|MAEL|ASZ1|TDRD5,-3.945543044072985,0,4,1,1,-7.339722232498085,47.976121141525915,
0,1,0.0,-6.947165399519812,R-HSA-5601884,M01,1,0,Reactome Gene Sets,6,PIWI-interacting RNA (piRNA) biogenesis,,-6.947165399519812,40.77970297029703,13.980104418038337,16475,20,101,5,4.9504950495049505,2.1584329292458206,54456|56165|84944|136991|221400,MOV10L1|TDRD1|MAEL|ASZ1|TDRD6,-3.5987437016553874,0,4,0,0,-7.339722232498085,47.976121141525915,
0,1,0.0,-6.725289450848479,R-HSA-211000,M01,1,0,Reactome Gene Sets,6,Gene Silencing by RNA,,-6.725289450848479,16.791642399534073,10.248256646106984,16475,68,101,7,6.930693069306931,2.5271492186580318,8021|9631|54456|56165|84944|136991|221400,NUP214|NUP155|MOV10L1|TDRD1|MAEL|ASZ1|TDRD6,-3.418260438142279,0,4,0,0,-7.339722232498085,47.976121141525915,
0,1,0.0,-5.152406576465926,GO:0070918,M01,1,0,GO Biological Processes,19,regulatory ncRNA processing,19_GO:0048519 negative regulation of biological process,-5.152406576465926,18.536228622862286,9.147730552374593,16475,44,101,5,4.9504950495049505,2.1584329292458206,9631|54456|56165|84944|136991,NUP155|MOV10L1|TDRD1|MAEL|ASZ1,-2.015748415842441,0,4,0,0,-7.339722232498085,47.976121141525915,
0,1,0.0,-5.133721192328592,GO:0034587,M01,1,0,GO Biological Processes,19,piRNA processing,19_GO:0048519 negative regulation of biological process,-5.133721192328592,31.070249882131073,10.829134870991883,16475,21,101,4,3.9603960396039604,1.9405900581934508,54456|56165|84944|136991,MOV10L1|TDRD1|MAEL|ASZ1,-2.015748415842441,0,4,0,0,-7.339722232498085,47.976121141525915,
0,1,0.0,-5.055494172198306,GO:0006305,M01,1,0,GO Biological Processes,19,DNA alkylation,19_GO:0008152 metabolic process,-5.055494172198306,17.730305639259576,8.924010050121717,16475,46,101,5,4.9504950495049505,2.1584329292458206,54456|56165|84944|136991|163589,MOV10L1|TDRD1|MAEL|ASZ1|TDRD5,-1.98582607528671,0,4,0,0,-7.339722232498085,47.976121141525915,
0,1,0.0,-5.055494172198306,GO:0006306,M01,1,0,GO Biological Processes,19,DNA methylation,19_GO:0008152 metabolic process,-5.055494172198306,17.730305639259576,8.924010050121717,16475,46,101,5,4.9504950495049505,2.1584329292458206,54456|56165|84944|136991|163589,MOV10L1|TDRD1|MAEL|ASZ1|TDRD5,-1.98582607528671,0,4,0,0,-7.339722232498085,47.976121141525915,
0,1,0.0,-4.348132118295103,GO:0044728,M01,1,0,GO Biological Processes,19,DNA methylation or demethylation,19_GO:0008152 metabolic process,-4.348132118295103,12.743657178217822,7.392794833686941,16475,64,101,5,4.9504950495049505,2.1584329292458206,54456|56165|84944|136991|163589,MOV10L1|TDRD1|MAEL|ASZ1|TDRD5,-1.3614382564482714,0,4,0,0,-7.339722232498085,47.976121141525915,
0,1,0.0,-3.988986715613721,GO:0031047,M01,1,0,GO Biological Processes,19,RNA-mediated gene silencing,19_GO:0048519 negative regulation of biological process,-3.988986715613721,10.731500781657113,6.67822058249641,16475,76,101,5,4.9504950495049505,2.1584329292458206,9631|54456|56165|84944|136991,NUP155|MOV10L1|TDRD1|MAEL|ASZ1,-1.1029630156482524,0,4,0,0,-7.339722232498085,47.976121141525915,
0,1,0.0,-3.687742851106502,GO:0006304,M01,1,0,GO Biological Processes,19,DNA modification,19_GO:0008152 metabolic process,-3.687742851106502,9.268114311431143,6.107745132540139,16475,88,101,5,4.9504950495049505,2.1584329292458206,54456|56165|84944|136991|163589,MOV10L1|TDRD1|MAEL|ASZ1|TDRD5,-0.8708000702843324,0,4,0,0,-7.339722232498085,47.976121141525915,
0,1,0.0,-2.5630420538537133,GO:0043414,M01,1,0,GO Biological Processes,19,macromolecule methylation,19_GO:0008152 metabolic process,-2.5630420538537133,4.311510446198805,3.9456806085847327,16475,227,101,6,5.9405940594059405,2.352097753748252,54456|56165|63946|84944|136991|163589,MOV10L1|TDRD1|DMRTC2|MAEL|ASZ1|TDRD5,-0.03416429153115735,0,4,0,0,-7.339722232498085,47.976121141525915,
0,1,0.0,-2.1898421669848287,GO:0032259,M01,1,0,GO Biological Processes,19,methylation,19_GO:0008152 metabolic process,-2.1898421669848287,3.611486609915604,3.404428019648937,16475,271,101,6,5.9405940594059405,2.352097753748252,54456|56165|63946|84944|136991|163589,MOV10L1|TDRD1|DMRTC2|MAEL|ASZ1|TDRD5,0.0,0,4,0,0,-7.339722232498085,47.976121141525915,
0,1,0.0,-2.1504544657339077,GO:0006259,M01,1,0,GO Biological Processes,19,DNA metabolic process,19_GO:0008152 metabolic process,-2.1504544657339077,2.4790092991062025,3.0409173659793223,16475,658,101,10,9.900990099009901,2.971930407351687,5378|54456|56165|63922|84944|136991|144715|163589|199720|284071,PMS1|MOV10L1|TDRD1|CHTF18|MAEL|ASZ1|RAD9B|TDRD5|GGN|MEIOC,0.0,0,4,0,0,-7.339722232498085,47.976121141525915,
1,1,-3.9702276485590486,-2.8534746345053588,WP4673,M11,2,0,WikiPathways,27,Male infertility,,-6.289074171155142,7.983620856755185,7.884610542455372,16475,134,154,10,6.4935064935064934,1.985638408198541,1618|8900|9319|54456|57491|58531|83983|84072|124404|140690,DAZL|CCNA1|TRIP13|MOV10L1|AHRR|PRM3|TSSK6|HORMAD1|SEPTIN12|CTCFL,-3.086780508968955,0,5,1,1,-6.289074171155142,7.983620856755185,
1,0,-4.01666873597685,0.0,GO:0007292,M10,1,0,GO Biological Processes,19,female gamete generation,19_GO:0022414 reproductive process,-4.4973165662231605,6.533161494993556,6.176128536879239,16475,131,154,8,5.194805194805195,1.7882998500508371,7153|9319|11077|54937|84072|163589|284071|402381,TOP2A|TRIP13|HSF2BP|SOHLH2|HORMAD1|TDRD5|MEIOC|SOHLH1,-1.471114163092655,0,6,1,1,-4.4973165662231605,12.156877213695395,
0,1,0.0,-2.607644899494324,GO:0009994,M01,1,0,GO Biological Processes,19,oocyte differentiation,19_GO:0022414 reproductive process,-4.266666068216252,12.156877213695395,7.198193263089006,16475,44,154,5,3.2467532467532467,1.428226395414461,9319|54937|163589|284071|402381,TRIP13|SOHLH2|TDRD5|MEIOC|SOHLH1,-1.2984556120634334,0,6,0,0,-4.4973165662231605,12.156877213695395,
1,0,-2.5517052196666175,0.0,GO:0048477,M10,1,0,GO Biological Processes,19,oogenesis,19_GO:0022414 reproductive process,-3.9878602167266495,8.02353896103896,6.116905733673112,16475,80,154,6,3.896103896103896,1.5592846429275922,9319|54937|84072|163589|284071|402381,TRIP13|SOHLH2|HORMAD1|TDRD5|MEIOC|SOHLH1,-1.086596550204444,0,6,0,0,-4.4973165662231605,12.156877213695395,
1,0,-2.96946510801412,0.0,GO:0007018,M10,1,0,GO Biological Processes,19,microtubule-based movement,19_GO:0009987 cellular process,-4.166148257171817,3.8667657643561255,5.125728948259026,16475,332,154,12,7.792207792207792,2.15999981503101,480|8100|8632|11004|25876|54763|56992|58531|84643|152015|164781|284067,ATP1A4|IFT88|DNAH17|KIF2C|SPEF1|ROPN1|KIF15|PRM3|KIF2B|ROPN1B|DAW1|CFAP97D1,-1.2490903234663797,0,7,1,1,-4.166148257171817,5.416735163570606,
1,0,-2.636281198888979,0.0,GO:0003341,M10,1,0,GO Biological Processes,19,cilium movement,19_GO:0009987 cellular process,-3.9218661072032166,5.416735163570606,5.418714310496719,16475,158,154,8,5.194805194805195,1.7882998500508371,480|8632|25876|54763|58531|152015|164781|284067,ATP1A4|DNAH17|SPEF1|ROPN1|PRM3|ROPN1B|DAW1|CFAP97D1,-1.0358424072377481,0,7,0,0,-4.166148257171817,5.416735163570606,
0,1,0.0,-3.1322607707444217,GO:0044782,M01,1,0,GO Biological Processes,19,cilium organization,19_GO:0009987 cellular process,-3.7063490408522894,3.7122577737719697,4.736453747614741,16475,317,154,11,7.142857142857143,2.075311439814202,8100|8632|25876|54763|137392|152015|164781|219844|254187|284067|375307,IFT88|DNAH17|SPEF1|ROPN1|CIBAR1|ROPN1B|DAW1|HYLS1|TSGA10IP|CFAP97D1|CATIP,-0.8492890368221375,0,7,0,0,-4.166148257171817,5.416735163570606,
1,0,-2.0317156763641413,0.0,GO:0001539,M10,1,0,GO Biological Processes,19,cilium or flagellum-dependent cell motility,19_GO:0009987 cellular process,-2.980095298126485,5.218561925878999,4.561608970408278,16475,123,154,6,3.896103896103896,1.5592846429275922,480|8632|54763|58531|152015|284067,ATP1A4|DNAH17|ROPN1|PRM3|ROPN1B|CFAP97D1,-0.19987532432905558,0,7,0,0,-4.166148257171817,5.416735163570606,
1,0,-2.0317156763641413,0.0,GO:0060285,M10,1,0,GO Biological Processes,19,cilium-dependent cell motility,19_GO:0009987 cellular process,-2.980095298126485,5.218561925878999,4.561608970408278,16475,123,154,6,3.896103896103896,1.5592846429275922,480|8632|54763|58531|152015|284067,ATP1A4|DNAH17|ROPN1|PRM3|ROPN1B|CFAP97D1,-0.19987532432905558,0,7,0,0,-4.166148257171817,5.416735163570606,
1,0,-2.2089847295388156,0.0,GO:0030317,M10,1,0,GO Biological Processes,19,flagellated sperm motility,19_GO:0022414 reproductive process,-2.497926211383926,5.0462509188924285,4.059580691082127,16475,106,154,5,3.2467532467532467,1.428226395414461,480|54763|58531|152015|284067,ATP1A4|ROPN1|PRM3|ROPN1B|CFAP97D1,0.0,0,7,0,0,-4.166148257171817,5.416735163570606,
1,0,-2.2089847295388156,0.0,GO:0097722,M10,1,0,GO Biological Processes,19,sperm motility,19_GO:0022414 reproductive process,-2.497926211383926,5.0462509188924285,4.059580691082127,16475,106,154,5,3.2467532467532467,1.428226395414461,480|54763|58531|152015|284067,ATP1A4|ROPN1|PRM3|ROPN1B|CFAP97D1,0.0,0,7,0,0,-4.166148257171817,5.416735163570606,
1,0,-2.1219066819270638,0.0,GO:0060294,M10,1,0,GO Biological Processes,19,cilium movement involved in cell motility,19_GO:0009987 cellular process,-2.3627545887811148,4.692128047391205,3.8424724881378944,16475,114,154,5,3.2467532467532467,1.428226395414461,480|54763|58531|152015|284067,ATP1A4|ROPN1|PRM3|ROPN1B|CFAP97D1,0.0,0,7,0,0,-4.166148257171817,5.416735163570606,
1,0,-4.031296110876193,0.0,GO:0098813,M10,1,0,GO Biological Processes,19,nuclear chromosome segregation,19_GO:0009987 cellular process,-4.031296110876193,8.11576354679803,6.1683747444304355,16475,210,58,6,10.344827586206897,3.9988517766469047,4751|7153|9319|84072|84643|84944,NEK2|TOP2A|TRIP13|HORMAD1|KIF2B|MAEL,-1.1154050694546447,0,8,1,1,-4.031296110876193,30.434113300492612,
1,0,-3.894746864793265,0.0,GO:0040020,M10,1,0,GO Biological Processes,19,regulation of meiotic nuclear division,19_GO:0022414 reproductive process,-3.894746864793265,30.434113300492612,9.265167076300633,16475,28,58,3,5.172413793103448,2.9080373606172647,9319|84072|143471,TRIP13|HORMAD1|PSMA8,-1.0376868607631131,0,8,0,0,-4.031296110876193,30.434113300492612,
1,0,-3.5131400024046022,0.0,GO:0045132,M10,1,0,GO Biological Processes,19,meiotic chromosome segregation,19_GO:0022414 reproductive process,-3.5131400024046022,12.350074962518741,6.4887726286754495,16475,92,58,4,6.896551724137931,3.327245797772467,7153|9319|84072|84944,TOP2A|TRIP13|HORMAD1|MAEL,-0.7329200286071726,0,8,0,0,-4.031296110876193,30.434113300492612,
1,0,-3.3560103964251518,0.0,GO:0007059,M10,1,0,GO Biological Processes,19,chromosome segregation,19_GO:0009987 cellular process,-3.3560103964251518,6.086822660098522,5.1027203194680455,16475,280,58,6,10.344827586206897,3.9988517766469047,4751|7153|9319|84072|84643|84944,NEK2|TOP2A|TRIP13|HORMAD1|KIF2B|MAEL,-0.6096486898886896,0,8,0,0,-4.031296110876193,30.434113300492612,
1,0,-3.141688333672956,0.0,GO:0007129,M10,1,0,GO Biological Processes,19,homologous chromosome pairing at meiosis,19_GO:0022414 reproductive process,-3.141688333672956,17.04310344827586,6.752853460526966,16475,50,58,3,5.172413793103448,2.9080373606172647,9319|84072|84944,TRIP13|HORMAD1|MAEL,-0.4745078731841187,0,8,0,0,-4.031296110876193,30.434113300492612,
1,0,-3.04375267660491,0.0,GO:0051445,M10,1,0,GO Biological Processes,19,regulation of meiotic cell cycle,19_GO:0022414 reproductive process,-3.04375267660491,15.780651340996169,6.466321305062645,16475,54,58,3,5.172413793103448,2.9080373606172647,9319|84072|143471,TRIP13|HORMAD1|PSMA8,-0.41960684834127426,0,8,0,0,-4.031296110876193,30.434113300492612,
1,0,-2.6599415267064184,0.0,GO:0051276,M10,1,0,GO Biological Processes,19,chromosome organization,19_GO:0009987 cellular process,-3.026772157651578,3.080590875093493,3.9965603381259176,16475,382,154,11,7.142857142857143,2.075311439814202,3010|4751|7153|9319|9631|11004|58531|63922|84072|84944|284071,H1-6|NEK2|TOP2A|TRIP13|NUP155|KIF2C|PRM3|CHTF18|HORMAD1|MAEL|MEIOC,-0.22241850413742884,0,8,0,0,-4.031296110876193,30.434113300492612,
1,0,-3.0103946256647465,0.0,GO:0051783,M10,1,0,GO Biological Processes,19,regulation of nuclear division,19_GO:0050789 regulation of biological process,-3.0103946256647465,9.089655172413794,5.396258756557827,16475,125,58,4,6.896551724137931,3.327245797772467,4751|9319|84072|143471,NEK2|TRIP13|HORMAD1|PSMA8,-0.3943666876232903,0,8,0,0,-4.031296110876193,30.434113300492612,
1,0,-2.931680205444576,0.0,GO:0045143,M10,1,0,GO Biological Processes,19,homologous chromosome segregation,19_GO:0022414 reproductive process,-2.931680205444576,14.443308007013442,6.1484424410721,16475,59,58,3,5.172413793103448,2.9080373606172647,9319|84072|84944,TRIP13|HORMAD1|MAEL,-0.3391333632526428,0,8,0,0,-4.031296110876193,30.434113300492612,
1,0,-2.849098053620812,0.0,GO:2000242,M10,1,0,GO Biological Processes,19,negative regulation of reproductive process,19_GO:0022414 reproductive process,-2.849098053620812,13.526272577996716,5.920767496279819,16475,63,58,3,5.172413793103448,2.9080373606172647,9319|84072|84944,TRIP13|HORMAD1|MAEL,-0.2715283673985315,0,8,0,0,-4.031296110876193,30.434113300492612,
1,0,-2.771950886558446,0.0,GO:0070192,M10,1,0,GO Biological Processes,19,chromosome organization involved in meiotic cell cycle,19_GO:0022414 reproductive process,-2.771950886558446,12.718733916623778,5.712903649212113,16475,67,58,3,5.172413793103448,2.9080373606172647,9319|84072|84944,TRIP13|HORMAD1|MAEL,-0.20168043907766509,0,8,0,0,-4.031296110876193,30.434113300492612,
1,0,-2.603920358551019,0.0,GO:0010639,M10,1,0,GO Biological Processes,19,negative regulation of organelle organization,19_GO:0048519 negative regulation of biological process,-2.603920358551019,5.299472465259908,4.217915562483331,16475,268,58,5,8.620689655172415,3.6853687304090257,4591|7153|9319|25876|84072,TRIM37|TOP2A|TRIP13|SPEF1|HORMAD1,-0.06841201732945006,0,8,0,0,-4.031296110876193,30.434113300492612,
1,0,-2.530688123992982,0.0,GO:2000241,M10,1,0,GO Biological Processes,19,regulation of reproductive process,19_GO:0022414 reproductive process,-2.530688123992982,6.723117731075291,4.444971101116239,16475,169,58,4,6.896551724137931,3.327245797772467,9319|84072|84944|143471,TRIP13|HORMAD1|MAEL|PSMA8,-0.014775338834793794,0,8,0,0,-4.031296110876193,30.434113300492612,
1,0,-2.434641008376432,0.0,GO:0001824,M10,1,0,GO Biological Processes,19,blastocyst development,19_GO:0032502 developmental process,-2.434641008376432,9.683581504702195,4.8546410366010395,16475,88,58,3,5.172413793103448,2.9080373606172647,4751|57718|84072,NEK2|PPP4R4|HORMAD1,0.0,0,8,0,0,-4.031296110876193,30.434113300492612,
1,0,-2.391238060210143,0.0,GO:0010564,M10,1,0,GO Biological Processes,19,regulation of cell cycle process,19_GO:0050789 regulation of biological process,-2.391238060210143,3.434131379905902,3.5441002536184847,16475,579,58,7,12.068965517241379,4.277520678657319,4591|4751|9319|56992|84072|84643|143471,TRIM37|NEK2|TRIP13|KIF15|HORMAD1|KIF2B|PSMA8,0.0,0,8,0,0,-4.031296110876193,30.434113300492612,
1,0,-2.2435290426163297,0.0,GO:0051983,M10,1,0,GO Biological Processes,19,regulation of chromosome segregation,19_GO:0050789 regulation of biological process,-2.2435290426163297,8.273351188483428,4.401177971098316,16475,103,58,3,5.172413793103448,2.9080373606172647,9319|84072|84643,TRIP13|HORMAD1|KIF2B,0.0,0,8,0,0,-4.031296110876193,30.434113300492612,
1,0,-2.0993271384531216,0.0,GO:0010948,M10,1,0,GO Biological Processes,19,negative regulation of cell cycle process,19_GO:0048519 negative regulation of biological process,-2.0993271384531216,5.072352216748769,3.6475052486495443,16475,224,58,4,6.896551724137931,3.327245797772467,4591|4751|9319|84072,TRIM37|NEK2|TRIP13|HORMAD1,0.0,0,8,0,0,-4.031296110876193,30.434113300492612,
0,1,0.0,-3.2800135526656686,GO:0007342,M01,1,0,GO Biological Processes,19,fusion of sperm to egg plasma membrane involved in single fertilization,19_GO:0022414 reproductive process,-3.2800135526656686,18.821401370906322,7.14235775387378,16475,26,101,3,2.9702970297029703,1.689240964133677,152015|284680|389852,ROPN1B|SPATA46|SPACA5,-0.5548411451991444,0,9,1,1,-3.2800135526656686,18.821401370906322,
0,1,0.0,-3.230791853095936,GO:0048240,M01,1,0,GO Biological Processes,19,sperm capacitation,19_GO:0022414 reproductive process,-3.230791853095936,18.124312431243123,6.993930317575396,16475,27,101,3,2.9702970297029703,1.689240964133677,54760|54763|152015,PCSK4|ROPN1|ROPN1B,-0.5237474855240757,0,9,0,0,-3.2800135526656686,18.821401370906322,
0,1,0.0,-3.0941811338704857,GO:0045026,M01,1,0,GO Biological Processes,19,plasma membrane fusion,19_GO:0009987 cellular process,-3.0941811338704857,16.31188118811881,6.592574764391422,16475,30,101,3,2.9702970297029703,1.689240964133677,152015|284680|389852,ROPN1B|SPATA46|SPACA5,-0.44472944034207984,0,9,0,0,-3.2800135526656686,18.821401370906322,
0,1,0.0,-2.4712526938091086,GO:0009566,M01,1,0,GO Biological Processes,19,fertilization,19_GO:0022414 reproductive process,-2.4712526938091086,4.973134508572809,4.016037163220004,16475,164,101,5,4.9504950495049505,2.1584329292458206,54760|84944|152015|284680|389852,PCSK4|MAEL|ROPN1B|SPATA46|SPACA5,0.0,0,9,0,0,-3.2800135526656686,18.821401370906322,
0,1,0.0,-2.1597420866752666,GO:0061025,M01,1,0,GO Biological Processes,19,membrane fusion,19_GO:0009987 cellular process,-2.1597420866752666,5.304676809144329,3.763487620315015,16475,123,101,4,3.9603960396039604,1.9405900581934508,11063|152015|284680|389852,SOX30|ROPN1B|SPATA46|SPACA5,0.0,0,9,0,0,-3.2800135526656686,18.821401370906322,
0,1,0.0,-2.0880624594656414,GO:0007338,M01,1,0,GO Biological Processes,19,single fertilization,19_GO:0022414 reproductive process,-2.0880624594656414,5.057947655230639,3.6339451943792,16475,129,101,4,3.9603960396039604,1.9405900581934508,54760|152015|284680|389852,PCSK4|ROPN1B|SPATA46|SPACA5,0.0,0,9,0,0,-3.2800135526656686,18.821401370906322,
0,1,0.0,-2.607644899494324,GO:0048255,M01,1,0,GO Biological Processes,19,mRNA stabilization,19_GO:0048519 negative regulation of biological process,-2.607644899494324,11.12173717371737,5.27997931473177,16475,44,101,3,2.9702970297029703,1.689240964133677,1618|66037|284071,DAZL|BOLL|MEIOC,-0.06841201732945006,0,10,1,1,-2.607644899494324,11.12173717371737,
0,1,0.0,-2.37724210586052,GO:0043489,M01,1,0,GO Biological Processes,19,RNA stabilization,19_GO:0048519 negative regulation of biological process,-2.37724210586052,9.233140295161592,4.714908310731126,16475,53,101,3,2.9702970297029703,1.689240964133677,1618|66037|284071,DAZL|BOLL|MEIOC,0.0,0,10,0,0,-2.607644899494324,11.12173717371737,
0,1,0.0,-2.3318925988446058,GO:1902373,M01,1,0,GO Biological Processes,19,negative regulation of mRNA catabolic process,19_GO:0048519 negative regulation of biological process,-2.3318925988446058,8.897389738973898,4.60745565689961,16475,55,101,3,2.9702970297029703,1.689240964133677,1618|66037|284071,DAZL|BOLL|MEIOC,0.0,0,10,0,0,-2.607644899494324,11.12173717371737,
0,1,0.0,-2.1482370964817425,GO:1903312,M01,1,0,GO Biological Processes,19,negative regulation of mRNA metabolic process,19_GO:0048519 negative regulation of biological process,-2.1482370964817425,7.646194306930693,4.183871360540959,16475,64,101,3,2.9702970297029703,1.689240964133677,1618|66037|284071,DAZL|BOLL|MEIOC,0.0,0,10,0,0,-2.607644899494324,11.12173717371737,
0,1,0.0,-2.0933491595546823,GO:1902369,M01,1,0,GO Biological Processes,19,negative regulation of RNA catabolic process,19_GO:0048519 negative regulation of biological process,-2.0933491595546823,7.303827397665139,4.060660825990516,16475,67,101,3,2.9702970297029703,1.689240964133677,1618|66037|284071,DAZL|BOLL|MEIOC,0.0,0,10,0,0,-2.607644899494324,11.12173717371737,
0,1,0.0,-2.24874473601827,GO:0006997,M01,1,0,GO Biological Processes,19,nucleus organization,19_GO:0009987 cellular process,-2.24874473601827,5.624786616592694,3.9257726285723247,16475,116,101,4,3.9603960396039604,1.9405900581934508,6676|9631|63946|83983,SPAG4|NUP155|DMRTC2|TSSK6,0.0,0,11,1,1,-2.24874473601827,5.624786616592694,
