_MEMBER_Acelerated,_MEMBER_Conserved,_LogP_Acelerated,_LogP_Conserved,GO,_PATTERN_,_RANK_,GiniIndex,Category,CategoryID,Description,PARENT_GO,LogP,Enrichment,Z-score,#TotalGeneInLibrary,#GeneInGO,#GeneInHitList,#GeneInGOAndHitList,%InGO,STDV %InGO,GeneID,Hits,Log(q-value),EvidenceCutoff
1,0,-3.9,0,COVID014,M10,1,0,COVID,200,RNA_Blanco-Melo_A549-low-MOI_Up,,-3.9,6.1,5.6,16474,35,541,7,1.3,0.49,3431|3434|4940|8638|23586|64135|129607,SP110|IFIT1|OAS3|OASL|RIGI|IFIH1|CMPK2,-0.23,0
1,0,-3.9,0,COVID011,M10,1,0,COVID,200,RNA_Blanco-Melo_A549-ACE2-ruxolitinib_Down,,-3.9,2.6,4.5,16474,221,541,19,3.5,0.79,685|2243|2244|3431|3434|4061|4600|4922|4940|5371|8638|9111|10561|23586|24138|64135|129607|203859|285513,BTC|FGA|FGB|SP110|IFIT1|LY6E|MX2|NTS|OAS3|PML|OASL|NMI|IFI44|RIGI|IFIT5|IFIH1|CMPK2|ANO5|GPRIN3,-0.23,0
1,0,-3.6,0,COVID239,M10,1,0,COVID,200,RNA_Lieberman_Nasopharynx_Infected_vs_Neg_Up,,-3.6,5.5,5.1,16474,39,541,7,1.3,0.49,3431|3434|4600|4940|8638|10561|23586,SP110|IFIT1|MX2|OAS3|OASL|IFI44|RIGI,-0.21,0
1,0,-3.1,0,COVID050,M10,1,0,COVID,200,RNA_Wyler_Calu-3_24h_Up,,-3.1,2.2,3.7,16474,275,541,20,3.7,0.81,2887|3431|3434|4061|4600|4940|5055|5371|5806|7403|8638|9043|9111|10561|11221|23586|24138|57393|64135|129607,GRB10|SP110|IFIT1|LY6E|MX2|OAS3|SERPINB2|PML|PTX3|KDM6A|OASL|SPAG9|NMI|IFI44|DUSP10|RIGI|IFIT5|CLTRN|IFIH1|CMPK2,-0.0033,0
1,0,-3.1,0,COVID329,M10,1,0,COVID,200,RNA_Wilk_CD4+T-cells_patient-C5_Up,,-3.1,5.2,4.6,16474,35,541,6,1.1,0.45,3434|3572|4600|4940|10561|64135,IFIT1|IL6ST|MX2|OAS3|IFI44|IFIH1,-0.00025,0
1,0,-3,0,COVID016,M10,1,0,COVID,200,RNA_Blanco-Melo_Calu-3_Up,,-3,2.2,3.7,16474,279,541,20,3.7,0.81,3431|3434|3553|4600|4940|5055|5371|5806|8638|8942|9111|10561|11221|23586|24138|51421|60468|64135|129607|730755,SP110|IFIT1|IL1B|MX2|OAS3|SERPINB2|PML|PTX3|OASL|KYNU|NMI|IFI44|DUSP10|RIGI|IFIT5|AMOTL2|BACH2|IFIH1|CMPK2|KRTAP2-3,0,0
1,0,-2.8,0,COVID241,M10,1,0,COVID,200,RNA_Lieberman_Nasopharynx_High_vs_Low_Up,,-2.8,2.6,3.6,16474,153,541,13,2.4,0.66,685|2643|3434|4940|5371|8638|10561|23033|23586|24138|58472|129607|200162,BTC|GCH1|IFIT1|OAS3|PML|OASL|IFI44|DOP1A|RIGI|IFIT5|SQOR|CMPK2|SPAG17,0,0
1,0,-2.8,0,COVID237,M10,1,0,COVID,200,Proteome_Klann_Caco-2_24h_Up,,-2.8,3.6,3.9,16474,68,541,8,1.5,0.52,3431|3434|3694|4940|5371|8857|23586|64135,SP110|IFIT1|ITGB6|OAS3|PML|FCGBP|RIGI|IFIH1,0,0
1,0,-2.7,0,COVID362,M10,1,0,COVID,200,RNA_Zhang_B-cells_severe-and-moderate_Up,,-2.7,3.5,3.9,16474,69,541,8,1.5,0.52,3434|4061|4600|4940|9111|10561|28908|129607,IFIT1|LY6E|MX2|OAS3|NMI|IFI44|IGKV4-1|CMPK2,0,0
1,0,-2.7,0,COVID254,M10,1,0,COVID,200,RNA_Wilk_CD14+Monocytes_patient-C5_Up,,-2.7,3.2,3.7,16474,86,541,9,1.7,0.55,309|2352|3434|4061|4600|4940|10561|64135|129607,ANXA6|FOLR3|IFIT1|LY6E|MX2|OAS3|IFI44|IFIH1|CMPK2,0,0
1,0,-2.6,0,COVID040,M10,1,0,COVID,200,RNA_Sun_Calu-3_24h_Up,,-2.6,2.1,3.3,16474,260,541,18,3.3,0.77,2887|3434|4600|4940|5806|7403|8638|8942|9043|10561|11221|23586|24138|58499|60468|64135|129607|154043,GRB10|IFIT1|MX2|OAS3|PTX3|KDM6A|OASL|KYNU|SPAG9|IFI44|DUSP10|RIGI|IFIT5|ZNF462|BACH2|IFIH1|CMPK2|CNKSR3,0,0
1,0,-2.5,0,COVID028,M10,1,0,COVID,200,RNA_Lamers_intestinal-organoid_expansion_Up,,-2.5,2.5,3.4,16474,144,541,12,2.2,0.63,3434|4940|8638|9111|10561|23586|24138|55304|64135|64429|129607|283537,IFIT1|OAS3|OASL|NMI|IFI44|RIGI|IFIT5|SPTLC3|IFIH1|ZDHHC6|CMPK2|SLC46A3,0,0
0,1,0,-2.5,COVID039,M01,1,0,COVID,200,RNA_Sun_Calu-3_24h_Down,,-2.5,2.4,3.4,16474,209,421,13,3.1,0.84,351|498|509|1429|2222|2936|3486|7913|8872|25941|29028|59277|64395,APP|ATP5F1A|ATP5F1C|CRYZ|FDFT1|GSR|IGFBP3|DEK|CDC123|TPGS2|ATAD2|NTN4|GMCL1,0,0
1,0,-2.4,0,COVID035,M10,1,0,COVID,200,RNA_Sun_Calu-3_0h_Down,,-2.4,2.5,3.3,16474,148,541,12,2.2,0.63,287|6783|9315|10144|50838|53354|55304|57509|114792|151258|154091|643394,ANK2|SULT1E1|NREP|FAM13A|TAS2R13|PANK1|SPTLC3|MTUS1|KLHL32|SLC38A11|SLC2A12|SPINK9,0,0
0,1,0,-2.4,COVID132,M01,1,0,COVID,200,Phosphoproteome_Stukalov_A549-ACE2_6h_Down,,-2.4,3.9,3.7,16474,60,421,6,1.4,0.58,1739|8021|8729|23116|23462|29028,DLG1|NUP214|GBF1|TOGARAM1|HEY1|ATAD2,0,0
1,0,-2.3,0,COVID353,M10,1,0,COVID,200,RNA_Zhang_Monocytes_severe-and-moderate_Up,,-2.3,2.6,3.2,16474,118,541,10,1.8,0.58,3431|3434|4061|4600|4940|8638|9111|10561|64135|129607,SP110|IFIT1|LY6E|MX2|OAS3|OASL|NMI|IFI44|IFIH1|CMPK2,0,0
1,0,-2.2,0,COVID203,M10,1,0,COVID,200,RNA_Vanderheiden_pHAE_48h_Up,,-2.2,2.4,3.1,16474,138,541,11,2,0.61,301|3696|5055|6703|6707|9047|57115|79413|129607|148304|165679,ANXA1|ITGB8|SERPINB2|SPRR2D|SPRR3|SH2D2A|PGLYRP4|ZBED2|CMPK2|C1orf74|SPTSSB,0,0
1,0,-2.1,0,COVID356,M10,1,0,COVID,200,RNA_Zhang_NK-cells_severe-and-moderate_Up,,-2.1,2.8,3.1,16474,88,541,8,1.5,0.52,3431|3434|4061|4600|4940|8638|10561|129607,SP110|IFIT1|LY6E|MX2|OAS3|OASL|IFI44|CMPK2,0,0
0,1,0,-2,COVID165,M01,1,0,COVID,200,Proteome_Stukalov_A549_72h_NSP7_Up,,-2,4.7,3.5,16474,33,421,4,0.95,0.47,5378|9961|50807|92154,PMS1|MVP|ASAP1|MTSS2,0,0
1,0,-2,0,COVID127,M10,1,0,COVID,200,Interactome_Stukalov_A549_72h_ORF8,,-2,4.7,3.5,16474,26,541,4,0.74,0.37,2243|2244|4124|4922,FGA|FGB|MAN2A1|NTS,0,0
