GO,Description,_LogP_Acelerated,_LogP_Conserved
M40078,DESCARTES MAIN FETAL SLC26A4 PAEP POSITIVE CELLS,0.0,-2.1172337096888802
M40124,DESCARTES MAIN FETAL CILIATED EPITHELIAL CELLS,0.0,-3.60042528165428
M39250,MENON FETAL KIDNEY 0 CAP MESENCHYME CELLS,-2.0059441258774204,0.0
M39148,GAO SMALL INTESTINE 24W C4 ENTEROCYTE PROGENITOR SUBTYPE 2,-2.1707891247059883,0.0
M40196,DESCARTES FETAL HEART MYELOID CELLS,-2.311988332136361,0.0
M40210,DESCARTES FETAL INTESTINE MYELOID CELLS,-2.6995977359149985,0.0
M40238,DESCARTES FETAL LUNG CSH1 CSH2 POSITIVE CELLS,-2.0381857075087755,0.0
M40005,BUSSLINGER ESOPHAGEAL DENDRITIC CELLS,-2.7838933883495267,0.0
M39126,AIZARANI LIVER C25 KUPFFER CELLS 4,-2.7899800298589903,0.0
M40221,DESCARTES FETAL KIDNEY MYELOID CELLS,-2.4556280765176197,0.0
M40244,DESCARTES FETAL LUNG MYELOID CELLS,-3.8663772889004204,0.0
