GO,Description,_LogP_Acelerated,_LogP_Conserved
C4021525,Abnormal pelvis bone ossification,0.0,-3.269824696910271
C0269133,Urethrovaginal fistula,0.0,-3.504548568654473
C0432195,Short rib dysplasia,0.0,-3.7972537966309132
C0021364,Male infertility,0.0,-3.6820319413065077
C0027832,Neurofibromatosis 2,0.0,-3.076708666347175
C0426817,Short ribs,0.0,-3.2257029898431124
C2910340,Asphyxiating thoracic dysplasia [Jeune],0.0,-3.7972537966309132
C0432197,"Short rib-polydactyly syndrome, Verma-Naumoff type",0.0,-3.504548568654473
C0152427,Polydactyly,0.0,-3.1435051496688766
C0426805,Hooked clavicle,0.0,-3.6015276818875486
C0025995,Micromelia,0.0,-3.5005790539536954
C0036996,Short Rib-Polydactyly Syndrome,0.0,-3.920256630424938
C0266393,Congenital duplication of uterus,0.0,-3.074008251588143
C0036069,Saldino-Noonan Syndrome,0.0,-4.4337307163183475
C0265275,Jeune thoracic dystrophy,0.0,-4.297253821832132
C4277690,Ciliopathies,0.0,-4.353309861143769
C1832097,EPIDERMAL DIFFERENTIATION COMPLEX,-3.1975843678647924,0.0
C0035613,Rift Valley Fever,-3.1975843678647924,0.0
C0276447,Rhinovirus infection,-3.1478604586941605,0.0
C0015674,Chronic Fatigue Syndrome,-3.5142892495896563,0.0
