Category,CategoryID,GO,Description,PARENT_GO,LogP,Enrichment,Z-score,#TotalGeneInLibrary,#GeneInGO,#GeneInHitList,#GeneInGOAndHitList,%InGO,STDV %InGO,GeneID,Hits,Log(q-value),GeneList
GO Biological Processes,19,GO:0007283,spermatogenesis,19_GO:0022414 reproductive process,-5.9,6.2,7.1,16475,501,58,11,19,5.1,480|4956|9319|11077|54937|58531|84072|84944|133558|143471|284067,ATP1A4|ODF1|TRIP13|HSF2BP|SOHLH2|PRM3|HORMAD1|MAEL|MROH2B|PSMA8|CFAP97D1,-2.7,Body Size
GO Biological Processes,19,GO:0007276,gamete generation,19_GO:0022414 reproductive process,-5.8,5.4,6.7,16475,631,58,12,21,5.3,480|4956|7153|9319|11077|54937|58531|84072|84944|133558|143471|284067,ATP1A4|ODF1|TOP2A|TRIP13|HSF2BP|SOHLH2|PRM3|HORMAD1|MAEL|MROH2B|PSMA8|CFAP97D1,-2.6,Body Size
GO Biological Processes,19,GO:0048232,male gamete generation,19_GO:0022414 reproductive process,-5.8,6,6.9,16475,518,58,11,19,5.1,480|4956|9319|11077|54937|58531|84072|84944|133558|143471|284067,ATP1A4|ODF1|TRIP13|HSF2BP|SOHLH2|PRM3|HORMAD1|MAEL|MROH2B|PSMA8|CFAP97D1,-2.6,Body Size
GO Biological Processes,19,GO:0051321,meiotic cell cycle,19_GO:0022414 reproductive process,-4.9,9.1,7.2,16475,219,58,7,12,4.3,4751|7153|9319|11077|84072|84944|143471,NEK2|TOP2A|TRIP13|HSF2BP|HORMAD1|MAEL|PSMA8,-1.9,Body Size
GO Biological Processes,19,GO:0007127,meiosis I,19_GO:0022414 reproductive process,-4.3,12,7.3,16475,114,58,5,8.6,3.7,7153|9319|11077|84072|84944,TOP2A|TRIP13|HSF2BP|HORMAD1|MAEL,-1.3,Body Size
GO Biological Processes,19,GO:0061982,meiosis I cell cycle process,19_GO:0022414 reproductive process,-4.3,12,7.3,16475,115,58,5,8.6,3.7,7153|9319|11077|84072|84944,TOP2A|TRIP13|HSF2BP|HORMAD1|MAEL,-1.3,Body Size
GO Biological Processes,19,GO:0098813,nuclear chromosome segregation,19_GO:0009987 cellular process,-4,8.1,6.2,16475,210,58,6,10,4,4751|7153|9319|84072|84643|84944,NEK2|TOP2A|TRIP13|HORMAD1|KIF2B|MAEL,-1.1,Body Size
GO Biological Processes,19,GO:0007292,female gamete generation,19_GO:0022414 reproductive process,-4,11,6.7,16475,131,58,5,8.6,3.7,7153|9319|11077|54937|84072,TOP2A|TRIP13|HSF2BP|SOHLH2|HORMAD1,-1.1,Body Size
WikiPathways,27,WP4673,Male infertility,,-4,11,6.6,16475,134,58,5,8.6,3.7,9319|57491|58531|84072|140690,TRIP13|AHRR|PRM3|HORMAD1|CTCFL,-1.1,Body Size
GO Biological Processes,19,GO:0040020,regulation of meiotic nuclear division,19_GO:0022414 reproductive process,-3.9,30,9.3,16475,28,58,3,5.2,2.9,9319|84072|143471,TRIP13|HORMAD1|PSMA8,-1,Body Size
GO Biological Processes,19,GO:0007143,female meiotic nuclear division,19_GO:0022414 reproductive process,-3.8,28,8.9,16475,30,58,3,5.2,2.9,7153|9319|11077,TOP2A|TRIP13|HSF2BP,-0.96,Body Size
GO Biological Processes,19,GO:0140013,meiotic nuclear division,19_GO:0022414 reproductive process,-3.7,9.3,6.1,16475,152,58,5,8.6,3.7,7153|9319|11077|84072|84944,TOP2A|TRIP13|HSF2BP|HORMAD1|MAEL,-0.88,Body Size
GO Biological Processes,19,GO:1903046,meiotic cell cycle process,19_GO:0022414 reproductive process,-3.5,8.6,5.8,16475,166,58,5,8.6,3.7,7153|9319|11077|84072|84944,TOP2A|TRIP13|HSF2BP|HORMAD1|MAEL,-0.74,Body Size
GO Biological Processes,19,GO:0045132,meiotic chromosome segregation,19_GO:0022414 reproductive process,-3.5,12,6.5,16475,92,58,4,6.9,3.3,7153|9319|84072|84944,TOP2A|TRIP13|HORMAD1|MAEL,-0.73,Body Size
GO Biological Processes,19,GO:0022412,cellular process involved in reproduction in multicellular organism,19_GO:0022414 reproductive process,-3.5,5.3,5,16475,375,58,7,12,4.3,7153|9319|11077|54937|84072|84944|284067,TOP2A|TRIP13|HSF2BP|SOHLH2|HORMAD1|MAEL|CFAP97D1,-0.71,Body Size
GO Biological Processes,19,GO:0000280,nuclear division,19_GO:0009987 cellular process,-3.4,6.3,5.2,16475,272,58,6,10,4,4751|7153|9319|11077|84072|84944,NEK2|TOP2A|TRIP13|HSF2BP|HORMAD1|MAEL,-0.67,Body Size
GO Biological Processes,19,GO:0007059,chromosome segregation,19_GO:0009987 cellular process,-3.4,6.1,5.1,16475,280,58,6,10,4,4751|7153|9319|84072|84643|84944,NEK2|TOP2A|TRIP13|HORMAD1|KIF2B|MAEL,-0.61,Body Size
GO Biological Processes,19,GO:0048285,organelle fission,19_GO:0009987 cellular process,-3.2,5.8,4.9,16475,296,58,6,10,4,4751|7153|9319|11077|84072|84944,NEK2|TOP2A|TRIP13|HSF2BP|HORMAD1|MAEL,-0.52,Body Size
GO Biological Processes,19,GO:0007140,male meiotic nuclear division,19_GO:0022414 reproductive process,-3.1,17,6.8,16475,50,58,3,5.2,2.9,9319|11077|84944,TRIP13|HSF2BP|MAEL,-0.47,Body Size
GO Biological Processes,19,GO:0007129,homologous chromosome pairing at meiosis,19_GO:0022414 reproductive process,-3.1,17,6.8,16475,50,58,3,5.2,2.9,9319|84072|84944,TRIP13|HORMAD1|MAEL,-0.47,Body Size
GO Biological Processes,19,GO:0007131,reciprocal meiotic recombination,19_GO:0022414 reproductive process,-3.1,16,6.5,16475,53,58,3,5.2,2.9,7153|9319|11077,TOP2A|TRIP13|HSF2BP,-0.44,Body Size
GO Biological Processes,19,GO:0140527,reciprocal homologous recombination,19_GO:0008152 metabolic process,-3.1,16,6.5,16475,53,58,3,5.2,2.9,7153|9319|11077,TOP2A|TRIP13|HSF2BP,-0.44,Body Size
GO Biological Processes,19,GO:0051445,regulation of meiotic cell cycle,19_GO:0022414 reproductive process,-3,16,6.5,16475,54,58,3,5.2,2.9,9319|84072|143471,TRIP13|HORMAD1|PSMA8,-0.42,Body Size
GO Biological Processes,19,GO:0051783,regulation of nuclear division,19_GO:0050789 regulation of biological process,-3,9.1,5.4,16475,125,58,4,6.9,3.3,4751|9319|84072|143471,NEK2|TRIP13|HORMAD1|PSMA8,-0.39,Body Size
GO Biological Processes,19,GO:0007018,microtubule-based movement,19_GO:0009987 cellular process,-3,5.1,4.5,16475,332,58,6,10,4,480|25876|56992|58531|84643|284067,ATP1A4|SPEF1|KIF15|PRM3|KIF2B|CFAP97D1,-0.36,Body Size
GO Biological Processes,19,GO:0035825,homologous recombination,19_GO:0008152 metabolic process,-2.9,14,6.1,16475,59,58,3,5.2,2.9,7153|9319|11077,TOP2A|TRIP13|HSF2BP,-0.34,Body Size
GO Biological Processes,19,GO:0045143,homologous chromosome segregation,19_GO:0022414 reproductive process,-2.9,14,6.1,16475,59,58,3,5.2,2.9,9319|84072|84944,TRIP13|HORMAD1|MAEL,-0.34,Body Size
GO Biological Processes,19,GO:2000242,negative regulation of reproductive process,19_GO:0022414 reproductive process,-2.8,14,5.9,16475,63,58,3,5.2,2.9,9319|84072|84944,TRIP13|HORMAD1|MAEL,-0.27,Body Size
GO Biological Processes,19,GO:0070192,chromosome organization involved in meiotic cell cycle,19_GO:0022414 reproductive process,-2.8,13,5.7,16475,67,58,3,5.2,2.9,9319|84072|84944,TRIP13|HORMAD1|MAEL,-0.2,Body Size
GO Biological Processes,19,GO:0051276,chromosome organization,19_GO:0009987 cellular process,-2.7,4.5,4.1,16475,382,58,6,10,4,4751|7153|9319|58531|84072|84944,NEK2|TOP2A|TRIP13|PRM3|HORMAD1|MAEL,-0.097,Body Size
GO Biological Processes,19,GO:0003341,cilium movement,19_GO:0009987 cellular process,-2.6,7.2,4.6,16475,158,58,4,6.9,3.3,480|25876|58531|284067,ATP1A4|SPEF1|PRM3|CFAP97D1,-0.08,Body Size
GO Biological Processes,19,GO:0010639,negative regulation of organelle organization,19_GO:0048519 negative regulation of biological process,-2.6,5.3,4.2,16475,268,58,5,8.6,3.7,4591|7153|9319|25876|84072,TRIM37|TOP2A|TRIP13|SPEF1|HORMAD1,-0.068,Body Size
GO Biological Processes,19,GO:0048477,oogenesis,19_GO:0022414 reproductive process,-2.6,11,5.1,16475,80,58,3,5.2,2.9,9319|54937|84072,TRIP13|SOHLH2|HORMAD1,-0.029,Body Size
GO Biological Processes,19,GO:2000241,regulation of reproductive process,19_GO:0022414 reproductive process,-2.5,6.7,4.4,16475,169,58,4,6.9,3.3,9319|84072|84944|143471,TRIP13|HORMAD1|MAEL|PSMA8,-0.015,Body Size
GO Biological Processes,19,GO:0001824,blastocyst development,19_GO:0032502 developmental process,-2.4,9.7,4.9,16475,88,58,3,5.2,2.9,4751|57718|84072,NEK2|PPP4R4|HORMAD1,0,Body Size
GO Biological Processes,19,GO:0010564,regulation of cell cycle process,19_GO:0050789 regulation of biological process,-2.4,3.4,3.5,16475,579,58,7,12,4.3,4591|4751|9319|56992|84072|84643|143471,TRIM37|NEK2|TRIP13|KIF15|HORMAD1|KIF2B|PSMA8,0,Body Size
GO Biological Processes,19,GO:0051983,regulation of chromosome segregation,19_GO:0050789 regulation of biological process,-2.2,8.3,4.4,16475,103,58,3,5.2,2.9,9319|84072|84643,TRIP13|HORMAD1|KIF2B,0,Body Size
GO Biological Processes,19,GO:0030317,flagellated sperm motility,19_GO:0022414 reproductive process,-2.2,8,4.3,16475,106,58,3,5.2,2.9,480|58531|284067,ATP1A4|PRM3|CFAP97D1,0,Body Size
GO Biological Processes,19,GO:0097722,sperm motility,19_GO:0022414 reproductive process,-2.2,8,4.3,16475,106,58,3,5.2,2.9,480|58531|284067,ATP1A4|PRM3|CFAP97D1,0,Body Size
GO Biological Processes,19,GO:0060294,cilium movement involved in cell motility,19_GO:0009987 cellular process,-2.1,7.5,4.1,16475,114,58,3,5.2,2.9,480|58531|284067,ATP1A4|PRM3|CFAP97D1,0,Body Size
GO Biological Processes,19,GO:0010948,negative regulation of cell cycle process,19_GO:0048519 negative regulation of biological process,-2.1,5.1,3.6,16475,224,58,4,6.9,3.3,4591|4751|9319|84072,TRIM37|NEK2|TRIP13|HORMAD1,0,Body Size
GO Biological Processes,19,GO:0001539,cilium or flagellum-dependent cell motility,19_GO:0009987 cellular process,-2,6.9,3.9,16475,123,58,3,5.2,2.9,480|58531|284067,ATP1A4|PRM3|CFAP97D1,0,Body Size
GO Biological Processes,19,GO:0060285,cilium-dependent cell motility,19_GO:0009987 cellular process,-2,6.9,3.9,16475,123,58,3,5.2,2.9,480|58531|284067,ATP1A4|PRM3|CFAP97D1,0,Body Size
GO Biological Processes,19,GO:0048232,male gamete generation,19_GO:0022414 reproductive process,-27,11,18,16475,518,101,35,35,4.7,881|1538|1618|3010|6676|8900|11063|51207|54456|54760|54763|56163|56165|63946|66037|83983|84215|84225|84660|84944|121355|124404|136991|146849|152015|163589|199720|221400|245711|284071|284680|389730|402381|647060|727830,CCIN|CYLC1|DAZL|H1-6|SPAG4|CCNA1|SOX30|DUSP13|MOV10L1|PCSK4|ROPN1|RNF17|TDRD1|DMRTC2|BOLL|TSSK6|ZNF541|ZMYND15|CCDC62|MAEL|GTSF1|SEPTIN12|ASZ1|CCDC42|ROPN1B|TDRD5|GGN|TDRD6|SPDYA|MEIOC|SPATA46|SPATA31A6|SOHLH1|SPATA31A1|SPATA31A3,-22,Testes Size
GO Biological Processes,19,GO:0007283,spermatogenesis,19_GO:0022414 reproductive process,-26,11,18,16475,501,101,34,34,4.7,881|1538|1618|3010|6676|8900|11063|51207|54456|54760|54763|56163|56165|63946|66037|83983|84215|84225|84660|84944|121355|124404|136991|146849|152015|163589|199720|221400|284071|284680|389730|402381|647060|727830,CCIN|CYLC1|DAZL|H1-6|SPAG4|CCNA1|SOX30|DUSP13|MOV10L1|PCSK4|ROPN1|RNF17|TDRD1|DMRTC2|BOLL|TSSK6|ZNF541|ZMYND15|CCDC62|MAEL|GTSF1|SEPTIN12|ASZ1|CCDC42|ROPN1B|TDRD5|GGN|TDRD6|MEIOC|SPATA46|SPATA31A6|SOHLH1|SPATA31A1|SPATA31A3,-22,Testes Size
GO Biological Processes,19,GO:0007276,gamete generation,19_GO:0022414 reproductive process,-24,9,16,16475,631,101,35,35,4.7,881|1538|1618|3010|6676|8900|11063|51207|54456|54760|54763|56163|56165|63946|66037|83983|84215|84225|84660|84944|121355|124404|136991|146849|152015|163589|199720|221400|245711|284071|284680|389730|402381|647060|727830,CCIN|CYLC1|DAZL|H1-6|SPAG4|CCNA1|SOX30|DUSP13|MOV10L1|PCSK4|ROPN1|RNF17|TDRD1|DMRTC2|BOLL|TSSK6|ZNF541|ZMYND15|CCDC62|MAEL|GTSF1|SEPTIN12|ASZ1|CCDC42|ROPN1B|TDRD5|GGN|TDRD6|SPDYA|MEIOC|SPATA46|SPATA31A6|SOHLH1|SPATA31A1|SPATA31A3,-20,Testes Size
GO Biological Processes,19,GO:0022412,cellular process involved in reproduction in multicellular organism,19_GO:0022414 reproductive process,-15,9.6,13,16475,375,101,22,22,4.1,1618|8900|11063|54456|54760|54763|56163|56165|63946|83983|84225|84660|84944|136991|146849|152015|163589|245711|284071|284680|389852|402381,DAZL|CCNA1|SOX30|MOV10L1|PCSK4|ROPN1|RNF17|TDRD1|DMRTC2|TSSK6|ZMYND15|CCDC62|MAEL|ASZ1|CCDC42|ROPN1B|TDRD5|SPDYA|MEIOC|SPATA46|SPACA5|SOHLH1,-11,Testes Size
GO Biological Processes,19,GO:0007281,germ cell development,19_GO:0022414 reproductive process,-11,9.7,11,16475,269,101,16,16,3.6,1618|11063|54456|54760|54763|56163|56165|63946|83983|84225|84660|146849|152015|163589|284071|402381,DAZL|SOX30|MOV10L1|PCSK4|ROPN1|RNF17|TDRD1|DMRTC2|TSSK6|ZMYND15|CCDC62|CCDC42|ROPN1B|TDRD5|MEIOC|SOHLH1,-7.5,Testes Size
GO Biological Processes,19,GO:0007286,spermatid development,19_GO:0022414 reproductive process,-9.2,11,11,16475,174,101,12,12,3.2,11063|54760|54763|56163|63946|83983|84225|84660|146849|152015|163589|284071,SOX30|PCSK4|ROPN1|RNF17|DMRTC2|TSSK6|ZMYND15|CCDC62|CCDC42|ROPN1B|TDRD5|MEIOC,-5.6,Testes Size
GO Biological Processes,19,GO:0048515,spermatid differentiation,19_GO:0022414 reproductive process,-9,11,10,16475,181,101,12,12,3.2,11063|54760|54763|56163|63946|83983|84225|84660|146849|152015|163589|284071,SOX30|PCSK4|ROPN1|RNF17|DMRTC2|TSSK6|ZMYND15|CCDC62|CCDC42|ROPN1B|TDRD5|MEIOC,-5.5,Testes Size
GO Biological Processes,19,GO:0007140,male meiotic nuclear division,19_GO:0022414 reproductive process,-7.7,23,12,16475,50,101,7,6.9,2.5,8900|54456|63946|84944|136991|245711|284071,CCNA1|MOV10L1|DMRTC2|MAEL|ASZ1|SPDYA|MEIOC,-4.2,Testes Size
GO Biological Processes,19,GO:0043046,DNA methylation involved in gamete generation,19_GO:0022414 reproductive process,-7.3,48,15,16475,17,101,5,5,2.2,54456|56165|84944|136991|163589,MOV10L1|TDRD1|MAEL|ASZ1|TDRD5,-3.9,Testes Size
Reactome Gene Sets,6,R-HSA-5601884,PIWI-interacting RNA (piRNA) biogenesis,,-6.9,41,14,16475,20,101,5,5,2.2,54456|56165|84944|136991|221400,MOV10L1|TDRD1|MAEL|ASZ1|TDRD6,-3.6,Testes Size
Reactome Gene Sets,6,R-HSA-211000,Gene Silencing by RNA,,-6.7,17,10,16475,68,101,7,6.9,2.5,8021|9631|54456|56165|84944|136991|221400,NUP214|NUP155|MOV10L1|TDRD1|MAEL|ASZ1|TDRD6,-3.4,Testes Size
GO Biological Processes,19,GO:0051321,meiotic cell cycle,19_GO:0022414 reproductive process,-6,7.4,7.5,16475,219,101,10,9.9,3,8900|51207|54456|56165|63946|66037|84944|136991|245711|284071,CCNA1|DUSP13|MOV10L1|TDRD1|DMRTC2|BOLL|MAEL|ASZ1|SPDYA|MEIOC,-2.8,Testes Size
GO Biological Processes,19,GO:0070918,regulatory ncRNA processing,19_GO:0048519 negative regulation of biological process,-5.2,19,9.1,16475,44,101,5,5,2.2,9631|54456|56165|84944|136991,NUP155|MOV10L1|TDRD1|MAEL|ASZ1,-2,Testes Size
GO Biological Processes,19,GO:0034587,piRNA processing,19_GO:0048519 negative regulation of biological process,-5.1,31,11,16475,21,101,4,4,1.9,54456|56165|84944|136991,MOV10L1|TDRD1|MAEL|ASZ1,-2,Testes Size
GO Biological Processes,19,GO:0006306,DNA methylation,19_GO:0008152 metabolic process,-5.1,18,8.9,16475,46,101,5,5,2.2,54456|56165|84944|136991|163589,MOV10L1|TDRD1|MAEL|ASZ1|TDRD5,-2,Testes Size
GO Biological Processes,19,GO:0006305,DNA alkylation,19_GO:0008152 metabolic process,-5.1,18,8.9,16475,46,101,5,5,2.2,54456|56165|84944|136991|163589,MOV10L1|TDRD1|MAEL|ASZ1|TDRD5,-2,Testes Size
GO Biological Processes,19,GO:0007141,male meiosis I,19_GO:0022414 reproductive process,-4.7,25,9.7,16475,26,101,4,4,1.9,8900|54456|63946|284071,CCNA1|MOV10L1|DMRTC2|MEIOC,-1.7,Testes Size
GO Biological Processes,19,GO:0140013,meiotic nuclear division,19_GO:0022414 reproductive process,-4.4,7.5,6.3,16475,152,101,7,6.9,2.5,8900|54456|63946|84944|136991|245711|284071,CCNA1|MOV10L1|DMRTC2|MAEL|ASZ1|SPDYA|MEIOC,-1.4,Testes Size
GO Biological Processes,19,GO:0044728,DNA methylation or demethylation,19_GO:0008152 metabolic process,-4.3,13,7.4,16475,64,101,5,5,2.2,54456|56165|84944|136991|163589,MOV10L1|TDRD1|MAEL|ASZ1|TDRD5,-1.4,Testes Size
GO Biological Processes,19,GO:1903046,meiotic cell cycle process,19_GO:0022414 reproductive process,-4.1,6.9,6,16475,166,101,7,6.9,2.5,8900|54456|63946|84944|136991|245711|284071,CCNA1|MOV10L1|DMRTC2|MAEL|ASZ1|SPDYA|MEIOC,-1.2,Testes Size
GO Biological Processes,19,GO:0031047,RNA-mediated gene silencing,19_GO:0048519 negative regulation of biological process,-4,11,6.7,16475,76,101,5,5,2.2,9631|54456|56165|84944|136991,NUP155|MOV10L1|TDRD1|MAEL|ASZ1,-1.1,Testes Size
GO Biological Processes,19,GO:0006304,DNA modification,19_GO:0008152 metabolic process,-3.7,9.3,6.1,16475,88,101,5,5,2.2,54456|56165|84944|136991|163589,MOV10L1|TDRD1|MAEL|ASZ1|TDRD5,-0.87,Testes Size
GO Biological Processes,19,GO:0000280,nuclear division,19_GO:0009987 cellular process,-3.6,4.8,5,16475,272,101,8,7.9,2.7,8900|11004|54456|63946|84944|136991|245711|284071,CCNA1|KIF2C|MOV10L1|DMRTC2|MAEL|ASZ1|SPDYA|MEIOC,-0.77,Testes Size
GO Biological Processes,19,GO:0048285,organelle fission,19_GO:0009987 cellular process,-3.3,4.4,4.6,16475,296,101,8,7.9,2.7,8900|11004|54456|63946|84944|136991|245711|284071,CCNA1|KIF2C|MOV10L1|DMRTC2|MAEL|ASZ1|SPDYA|MEIOC,-0.59,Testes Size
GO Biological Processes,19,GO:0007342,fusion of sperm to egg plasma membrane involved in single fertilization,19_GO:0022414 reproductive process,-3.3,19,7.1,16475,26,101,3,3,1.7,152015|284680|389852,ROPN1B|SPATA46|SPACA5,-0.55,Testes Size
GO Biological Processes,19,GO:0048240,sperm capacitation,19_GO:0022414 reproductive process,-3.2,18,7,16475,27,101,3,3,1.7,54760|54763|152015,PCSK4|ROPN1|ROPN1B,-0.52,Testes Size
GO Biological Processes,19,GO:0007127,meiosis I,19_GO:0022414 reproductive process,-3.2,7.2,5.2,16475,114,101,5,5,2.2,8900|54456|63946|84944|284071,CCNA1|MOV10L1|DMRTC2|MAEL|MEIOC,-0.47,Testes Size
GO Biological Processes,19,GO:0061982,meiosis I cell cycle process,19_GO:0022414 reproductive process,-3.2,7.1,5.1,16475,115,101,5,5,2.2,8900|54456|63946|84944|284071,CCNA1|MOV10L1|DMRTC2|MAEL|MEIOC,-0.47,Testes Size
GO Biological Processes,19,GO:0044782,cilium organization,19_GO:0009987 cellular process,-3.1,4.1,4.4,16475,317,101,8,7.9,2.7,8100|8632|54763|137392|152015|164781|219844|254187,IFT88|DNAH17|ROPN1|CIBAR1|ROPN1B|DAW1|HYLS1|TSGA10IP,-0.47,Testes Size
GO Biological Processes,19,GO:0045026,plasma membrane fusion,19_GO:0009987 cellular process,-3.1,16,6.6,16475,30,101,3,3,1.7,152015|284680|389852,ROPN1B|SPATA46|SPACA5,-0.44,Testes Size
WikiPathways,27,WP4673,Male infertility,,-2.9,6.1,4.6,16475,134,101,5,5,2.2,1618|8900|54456|83983|124404,DAZL|CCNA1|MOV10L1|TSSK6|SEPTIN12,-0.27,Testes Size
GO Biological Processes,19,GO:0048255,mRNA stabilization,19_GO:0048519 negative regulation of biological process,-2.6,11,5.3,16475,44,101,3,3,1.7,1618|66037|284071,DAZL|BOLL|MEIOC,-0.068,Testes Size
GO Biological Processes,19,GO:0009994,oocyte differentiation,19_GO:0022414 reproductive process,-2.6,11,5.3,16475,44,101,3,3,1.7,163589|284071|402381,TDRD5|MEIOC|SOHLH1,-0.068,Testes Size
GO Biological Processes,19,GO:0043414,macromolecule methylation,19_GO:0008152 metabolic process,-2.6,4.3,3.9,16475,227,101,6,5.9,2.4,54456|56165|63946|84944|136991|163589,MOV10L1|TDRD1|DMRTC2|MAEL|ASZ1|TDRD5,-0.034,Testes Size
GO Biological Processes,19,GO:0009566,fertilization,19_GO:0022414 reproductive process,-2.5,5,4,16475,164,101,5,5,2.2,54760|84944|152015|284680|389852,PCSK4|MAEL|ROPN1B|SPATA46|SPACA5,0,Testes Size
GO Biological Processes,19,GO:0043489,RNA stabilization,19_GO:0048519 negative regulation of biological process,-2.4,9.2,4.7,16475,53,101,3,3,1.7,1618|66037|284071,DAZL|BOLL|MEIOC,0,Testes Size
GO Biological Processes,19,GO:1902373,negative regulation of mRNA catabolic process,19_GO:0048519 negative regulation of biological process,-2.3,8.9,4.6,16475,55,101,3,3,1.7,1618|66037|284071,DAZL|BOLL|MEIOC,0,Testes Size
GO Biological Processes,19,GO:0006997,nucleus organization,19_GO:0009987 cellular process,-2.2,5.6,3.9,16475,116,101,4,4,1.9,6676|9631|63946|83983,SPAG4|NUP155|DMRTC2|TSSK6,0,Testes Size
GO Biological Processes,19,GO:0032259,methylation,19_GO:0008152 metabolic process,-2.2,3.6,3.4,16475,271,101,6,5.9,2.4,54456|56165|63946|84944|136991|163589,MOV10L1|TDRD1|DMRTC2|MAEL|ASZ1|TDRD5,0,Testes Size
GO Biological Processes,19,GO:0061025,membrane fusion,19_GO:0009987 cellular process,-2.2,5.3,3.8,16475,123,101,4,4,1.9,11063|152015|284680|389852,SOX30|ROPN1B|SPATA46|SPACA5,0,Testes Size
GO Biological Processes,19,GO:0006259,DNA metabolic process,19_GO:0008152 metabolic process,-2.2,2.5,3,16475,658,101,10,9.9,3,5378|54456|56165|63922|84944|136991|144715|163589|199720|284071,PMS1|MOV10L1|TDRD1|CHTF18|MAEL|ASZ1|RAD9B|TDRD5|GGN|MEIOC,0,Testes Size
GO Biological Processes,19,GO:1903312,negative regulation of mRNA metabolic process,19_GO:0048519 negative regulation of biological process,-2.1,7.6,4.2,16475,64,101,3,3,1.7,1618|66037|284071,DAZL|BOLL|MEIOC,0,Testes Size
GO Biological Processes,19,GO:1902369,negative regulation of RNA catabolic process,19_GO:0048519 negative regulation of biological process,-2.1,7.3,4.1,16475,67,101,3,3,1.7,1618|66037|284071,DAZL|BOLL|MEIOC,0,Testes Size
GO Biological Processes,19,GO:0007338,single fertilization,19_GO:0022414 reproductive process,-2.1,5.1,3.6,16475,129,101,4,4,1.9,54760|152015|284680|389852,PCSK4|ROPN1B|SPATA46|SPACA5,0,Testes Size
