_MEMBER_Body Size,_MEMBER_Testes Size,_LogP_Body Size,_LogP_Testes Size,GO,Description,_PATTERN_,_RANK_,GiniIndex
1,1,-4.9,-6,GO:0051321,meiotic cell cycle,M11,2,0
1,1,-3.4,-3.6,GO:0000280,nuclear division,M11,2,0
1,1,-3.5,-15,GO:0022412,cellular process involved in reproduction in multicellular organism,M11,2,0
1,1,-5.8,-24,GO:0007276,gamete generation,M11,2,0
1,1,-4,-2.9,WP4673,Male infertility,M11,2,0
1,1,-5.8,-27,GO:0048232,male gamete generation,M11,2,0
1,1,-3.5,-4.1,GO:1903046,meiotic cell cycle process,M11,2,0
1,1,-3.2,-3.3,GO:0048285,organelle fission,M11,2,0
1,1,-3.7,-4.4,GO:0140013,meiotic nuclear division,M11,2,0
1,1,-4.3,-3.2,GO:0061982,meiosis I cell cycle process,M11,2,0
1,1,-5.9,-26,GO:0007283,spermatogenesis,M11,2,0
1,1,-3.1,-7.7,GO:0007140,male meiotic nuclear division,M11,2,0
1,1,-4.3,-3.2,GO:0007127,meiosis I,M11,2,0
1,0,-3.1,0,GO:0140527,reciprocal homologous recombination,M10,1,0
1,0,-2.7,0,GO:0051276,chromosome organization,M10,1,0
1,0,-2.9,0,GO:0045143,homologous chromosome segregation,M10,1,0
0,1,0,-5.1,GO:0034587,piRNA processing,M01,1,0
1,0,-2.4,0,GO:0010564,regulation of cell cycle process,M10,1,0
0,1,0,-3.1,GO:0045026,plasma membrane fusion,M01,1,0
1,0,-2.8,0,GO:2000242,negative regulation of reproductive process,M10,1,0
0,1,0,-2.6,GO:0043414,macromolecule methylation,M01,1,0
1,0,-2.6,0,GO:0048477,oogenesis,M10,1,0
1,0,-2.2,0,GO:0030317,flagellated sperm motility,M10,1,0
0,1,0,-2.1,GO:0007338,single fertilization,M01,1,0
1,0,-2.6,0,GO:0003341,cilium movement,M10,1,0
0,1,0,-9.2,GO:0007286,spermatid development,M01,1,0
0,1,0,-3.7,GO:0006304,DNA modification,M01,1,0
1,0,-3,0,GO:0007018,microtubule-based movement,M10,1,0
1,0,-2,0,GO:0001539,cilium or flagellum-dependent cell motility,M10,1,0
0,1,0,-2.1,GO:1903312,negative regulation of mRNA metabolic process,M01,1,0
1,0,-3.9,0,GO:0040020,regulation of meiotic nuclear division,M10,1,0
1,0,-2.9,0,GO:0035825,homologous recombination,M10,1,0
1,0,-3.1,0,GO:0007129,homologous chromosome pairing at meiosis,M10,1,0
1,0,-3.8,0,GO:0007143,female meiotic nuclear division,M10,1,0
1,0,-2.1,0,GO:0010948,negative regulation of cell cycle process,M10,1,0
1,0,-2.6,0,GO:0010639,negative regulation of organelle organization,M10,1,0
0,1,0,-11,GO:0007281,germ cell development,M01,1,0
1,0,-3.4,0,GO:0007059,chromosome segregation,M10,1,0
1,0,-4,0,GO:0007292,female gamete generation,M10,1,0
1,0,-2,0,GO:0060285,cilium-dependent cell motility,M10,1,0
1,0,-2.8,0,GO:0070192,chromosome organization involved in meiotic cell cycle,M10,1,0
0,1,0,-9,GO:0048515,spermatid differentiation,M01,1,0
0,1,0,-2.4,GO:0043489,RNA stabilization,M01,1,0
0,1,0,-5.1,GO:0006306,DNA methylation,M01,1,0
0,1,0,-2.1,GO:1902369,negative regulation of RNA catabolic process,M01,1,0
1,0,-4,0,GO:0098813,nuclear chromosome segregation,M10,1,0
0,1,0,-2.2,GO:0061025,membrane fusion,M01,1,0
0,1,0,-2.3,GO:1902373,negative regulation of mRNA catabolic process,M01,1,0
0,1,0,-2.2,GO:0032259,methylation,M01,1,0
0,1,0,-4,GO:0031047,RNA-mediated gene silencing,M01,1,0
1,0,-2.4,0,GO:0001824,blastocyst development,M10,1,0
1,0,-3.1,0,GO:0007131,reciprocal meiotic recombination,M10,1,0
0,1,0,-7.3,GO:0043046,DNA methylation involved in gamete generation,M01,1,0
0,1,0,-3.1,GO:0044782,cilium organization,M01,1,0
0,1,0,-2.6,GO:0048255,mRNA stabilization,M01,1,0
0,1,0,-2.2,GO:0006997,nucleus organization,M01,1,0
0,1,0,-2.2,GO:0006259,DNA metabolic process,M01,1,0
1,0,-2.1,0,GO:0060294,cilium movement involved in cell motility,M10,1,0
0,1,0,-3.3,GO:0007342,fusion of sperm to egg plasma membrane involved in single fertilization,M01,1,0
1,0,-2.2,0,GO:0051983,regulation of chromosome segregation,M10,1,0
1,0,-3,0,GO:0051445,regulation of meiotic cell cycle,M10,1,0
1,0,-3,0,GO:0051783,regulation of nuclear division,M10,1,0
0,1,0,-2.6,GO:0009994,oocyte differentiation,M01,1,0
0,1,0,-2.5,GO:0009566,fertilization,M01,1,0
0,1,0,-6.7,R-HSA-211000,Gene Silencing by RNA,M01,1,0
0,1,0,-5.1,GO:0006305,DNA alkylation,M01,1,0
0,1,0,-4.3,GO:0044728,DNA methylation or demethylation,M01,1,0
0,1,0,-3.2,GO:0048240,sperm capacitation,M01,1,0
0,1,0,-6.9,R-HSA-5601884,PIWI-interacting RNA (piRNA) biogenesis,M01,1,0
0,1,0,-5.2,GO:0070918,regulatory ncRNA processing,M01,1,0
0,1,0,-4.7,GO:0007141,male meiosis I,M01,1,0
1,0,-2.5,0,GO:2000241,regulation of reproductive process,M10,1,0
1,0,-2.2,0,GO:0097722,sperm motility,M10,1,0
1,0,-3.5,0,GO:0045132,meiotic chromosome segregation,M10,1,0
