_MEMBER_Body Size,_MEMBER_Testes Size,_LogP_Body Size,_LogP_Testes Size,GO,Description,_PATTERN_,_RANK_,CHILD_GO_Body Size,CHILD_GO_Testes Size
1,1,-5.938681828672605,-26.6893690467321,GO:0022414,reproductive process,M11,2,GO:0007283 spermatogenesis,GO:0048232 male gamete generation
1,1,-4.031296110876193,-3.5728091116500154,GO:0009987,cellular process,M11,2,GO:0098813 nuclear chromosome segregation,GO:0000280 nuclear division
1,1,-3.067493966407426,-5.055494172198306,GO:0008152,metabolic process,M11,2,GO:0140527 reciprocal homologous recombination,GO:0006306 DNA methylation
1,0,-3.0103946256647465,0.0,GO:0050789,regulation of biological process,M10,1,GO:0051783 regulation of nuclear division,
1,1,-2.603920358551019,-5.152406576465926,GO:0048519,negative regulation of biological process,M11,2,GO:0010639 negative regulation of organelle organization,GO:0070918 regulatory ncRNA processing
1,0,-2.434641008376432,0.0,GO:0032502,developmental process,M10,1,GO:0001824 blastocyst development,
