_MEMBER_Accelerated,_MEMBER_Conserved,_LogP_Accelerated,_LogP_Conserved,GO,_PATTERN_,_RANK_,GiniIndex,Category,CategoryID,Description,PARENT_GO,LogP,Enrichment,Z-score,#TotalGeneInLibrary,#GeneInGO,#GeneInHitList,#GeneInGOAndHitList,%InGO,STDV %InGO,GeneID,Hits,Log(q-value),EvidenceCutoff,GROUP_ID,FirstInGroupByEnrichment,FirstInGroupByLogP,BestLogPInGroup,BestEnrichmentInGroup,URL
1,0,-3.844221409838887,0.0,GO:0009617,M10,1,0,GO Biological Processes,19,response to bacterium,19_GO:0044419 biological process involved in interspecies interaction between organisms,-3.844221409838887,2.0695979899497488,4.1993094972154,16474,597,400,30,7.5,1.3169567191065923,717|721|841|1365|1673|1675|1991|2056|2921|3494|3663|4153|6556|6915|9227|22914|26503|28755|51752|54658|55125|55829|56300|84419|115361|153090|245929|613211|646627|100129216,C2|C4B|CASP8|CLDN3|DEFB4A|CFD|ELANE|EPO|CXCL3|IGHA2|IRF5|MBL2|SLC11A1|TBXA2R|LRAT|KLRK1|SLC17A5|TRAC|ERAP1|UGT1A1|CEP192|SELENOS|IL36G|C15orf48|GBP4|DAB2IP|DEFB115|DEFB134|LYPD8|DEFB131B,0.0,0,1,1,1,-3.844221409838887,2.0695979899497488,
0,1,0.0,-3.3450473294407073,GO:0048715,M01,1,0,GO Biological Processes,19,negative regulation of oligodendrocyte differentiation,19_GO:0032502 developmental process,-3.6116359532063123,11.131081081081081,6.21569026927441,16474,8,740,4,0.5405405405405406,0.26953882029507814,4825|23500|84504|388585,NKX6-1|DAAM2|NKX6-2|HES5,0.0,0,2,1,1,-3.6116359532063123,11.131081081081081,
0,1,0.0,-3.267131788938831,GO:0045686,M01,1,0,GO Biological Processes,19,negative regulation of glial cell differentiation,19_GO:0032502 developmental process,-3.267131788938831,10.200619195046439,5.825050497565969,16474,19,340,4,1.1764705882352942,0.5847648491149511,3949|23500|84504|388585,LDLR|DAAM2|NKX6-2|HES5,0.0,0,2,0,0,-3.6116359532063123,11.131081081081081,
0,1,0.0,-2.442261572210378,GO:0048713,M01,1,0,GO Biological Processes,19,regulation of oligodendrocyte differentiation,19_GO:0032502 developmental process,-2.442261572210378,6.251992409867173,4.248828384373206,16474,31,340,4,1.1764705882352942,0.5847648491149511,7161|23500|84504|388585,TP73|DAAM2|NKX6-2|HES5,0.0,0,2,0,0,-3.6116359532063123,11.131081081081081,
0,1,0.0,-2.3421785342162726,GO:0014014,M01,1,0,GO Biological Processes,19,negative regulation of gliogenesis,19_GO:0032502 developmental process,-2.3421785342162726,5.873083778966132,4.067724344442005,16474,33,340,4,1.1764705882352942,0.5847648491149511,3949|23500|84504|388585,LDLR|DAAM2|NKX6-2|HES5,0.0,0,2,0,0,-3.6116359532063123,11.131081081081081,
0,1,0.0,-2.1667383131687847,GO:0045685,M01,1,0,GO Biological Processes,19,regulation of glial cell differentiation,19_GO:0032502 developmental process,-2.1667383131687847,4.176977687626775,3.5184328854679996,16474,58,340,5,1.4705882352941178,0.6528133544887856,3949|7161|23500|84504|388585,LDLR|TP73|DAAM2|NKX6-2|HES5,0.0,0,2,0,0,-3.6116359532063123,11.131081081081081,
1,0,-3.2742556001581478,0.0,GO:0006518,M10,1,0,GO Biological Processes,19,peptide metabolic process,19_GO:0008152 metabolic process,-3.2742556001581478,2.23484496124031,3.877794125867775,16474,387,400,21,5.25,1.115165346484547,438|1512|1522|1991|4528|6161|6647|7941|9567|10767|23107|23621|25929|28972|28998|51752|54938|60488|64949|64963|79094,ASMT|CTSH|CTSZ|ELANE|MTIF2|RPL32|SOD1|PLA2G7|GTPBP1|HBS1L|MRPS27|BACE1|GEMIN5|SPCS1|MRPL13|ERAP1|SARS2|MRPS35|MRPS26|MRPS11|CHAC1,0.0,0,3,1,1,-3.2742556001581478,2.6476071428571424,
1,0,-2.233187907964698,0.0,GO:0043043,M10,1,0,GO Biological Processes,19,peptide biosynthetic process,19_GO:0008152 metabolic process,-2.233187907964698,2.1595131086142323,3.0132442765720096,16474,267,400,14,3.5,0.9188987974744554,438|1991|4528|6161|9567|10767|23107|25929|28998|54938|60488|64949|64963|79094,ASMT|ELANE|MTIF2|RPL32|GTPBP1|HBS1L|MRPS27|GEMIN5|MRPL13|SARS2|MRPS35|MRPS26|MRPS11|CHAC1,0.0,0,3,0,0,-3.2742556001581478,2.6476071428571424,
1,0,-2.1423857532432486,0.0,GO:0140053,M10,1,0,GO Biological Processes,19,mitochondrial gene expression,19_GO:0008152 metabolic process,-2.1423857532432486,2.6476071428571424,3.088344727136664,16474,140,400,9,2.25,0.7415144974981945,4528|23107|28998|51001|54938|60488|60493|64949|64963,MTIF2|MRPS27|MRPL13|MTERF3|SARS2|MRPS35|FASTKD5|MRPS26|MRPS11,0.0,0,3,0,0,-3.2742556001581478,2.6476071428571424,
1,0,-2.002015567545769,0.0,GO:0043604,M10,1,0,GO Biological Processes,19,amide biosynthetic process,19_GO:0008152 metabolic process,-2.002015567545769,1.8770643431635392,2.7027993699523947,16474,373,400,17,4.25,1.0086345968684596,438|1991|4528|6161|8702|9567|10767|23107|25929|28998|54938|60488|64949|64963|79094|204219|109703458,ASMT|ELANE|MTIF2|RPL32|B4GALT4|GTPBP1|HBS1L|MRPS27|GEMIN5|MRPL13|SARS2|MRPS35|MRPS26|MRPS11|CHAC1|CERS3|HTD2,0.0,0,3,0,0,-3.2742556001581478,2.6476071428571424,
1,0,-3.009641994758317,0.0,GO:0045666,M10,1,0,GO Biological Processes,19,positive regulation of neuron differentiation,19_GO:0032502 developmental process,-3.009641994758317,4.435307692307693,4.377595462591217,16474,65,400,7,1.75,0.6556247020971678,2056|4825|7224|8904|65109|221336|221938,EPO|NKX6-1|TRPC5|CPNE1|UPF3B|BEND6|MMD2,0.0,0,4,1,1,-3.009641994758317,4.435307692307693,
1,0,-3.002773379004191,0.0,GO:0060117,M10,1,0,GO Biological Processes,19,auditory receptor cell development,19_GO:0032502 developmental process,-3.002773379004191,8.670526315789473,5.277246545551822,16474,19,400,4,1.0,0.49749371855331,6647|9368|11078|117531,SOD1|NHERF1|TRIOBP|TMC1,0.0,0,5,1,1,-3.002773379004191,8.670526315789473,
1,0,-2.041664324471731,0.0,GO:0042490,M10,1,0,GO Biological Processes,19,mechanoreceptor differentiation,19_GO:0032502 developmental process,-2.627545641439819,3.360326364099949,3.732439937377509,16474,53,740,8,1.0810810810810811,0.38014821399070103,4909|6647|9368|11078|54903|117531|388585|389207,NTF4|SOD1|NHERF1|TRIOBP|MKS1|TMC1|HES5|GRXCR1,0.0,0,5,0,0,-3.002773379004191,8.670526315789473,
1,0,-2.499048849495097,0.0,GO:0048839,M10,1,0,GO Biological Processes,19,inner ear development,19_GO:0032502 developmental process,-2.499048849495097,2.801700680272109,3.461325775124314,16474,147,400,10,2.5,0.7806247497997998,6647|9368|10541|11078|26020|51804|117531|131149|219736|375611,SOD1|NHERF1|ANP32B|TRIOBP|LRP10|SIX4|TMC1|OTOL1|STOX1|SLC26A5,0.0,0,5,0,0,-3.002773379004191,8.670526315789473,
1,0,-2.049121124511089,0.0,GO:0042491,M10,1,0,GO Biological Processes,19,inner ear auditory receptor cell differentiation,19_GO:0032502 developmental process,-2.433398307085331,3.9286168521462645,3.707095252292689,16474,34,740,6,0.8108108108108109,0.3296674551114604,6647|9368|11078|117531|388585|389207,SOD1|NHERF1|TRIOBP|TMC1|HES5|GRXCR1,0.0,0,5,0,0,-3.002773379004191,8.670526315789473,
1,0,-2.2838313502979544,0.0,GO:0060088,M10,1,0,GO Biological Processes,19,auditory receptor cell stereocilium organization,19_GO:0032502 developmental process,-2.2838313502979544,8.237,4.42340640465314,16474,15,400,3,0.75,0.431385848168435,6647|9368|11078,SOD1|NHERF1|TRIOBP,0.0,0,5,0,0,-3.002773379004191,8.670526315789473,
1,0,-2.2014614972249493,0.0,GO:0002093,M10,1,0,GO Biological Processes,19,auditory receptor cell morphogenesis,19_GO:0032502 developmental process,-2.2014614972249493,7.7221874999999995,4.243619605363612,16474,16,400,3,0.75,0.431385848168435,6647|9368|11078,SOD1|NHERF1|TRIOBP,0.0,0,5,0,0,-3.002773379004191,8.670526315789473,
1,0,-2.130102325137895,0.0,GO:0043583,M10,1,0,GO Biological Processes,19,ear development,19_GO:0032502 developmental process,-2.130102325137895,2.4810240963855423,3.0253120701606098,16474,166,400,10,2.5,0.7806247497997998,6647|9368|10541|11078|26020|51804|117531|131149|219736|375611,SOD1|NHERF1|ANP32B|TRIOBP|LRP10|SIX4|TMC1|OTOL1|STOX1|SLC26A5,0.0,0,5,0,0,-3.002773379004191,8.670526315789473,
1,0,-2.751923171085609,0.0,GO:0097066,M10,1,0,GO Biological Processes,19,response to thyroid hormone,19_GO:0050896 response to stimulus,-2.751923171085609,7.488181818181818,4.803738573971592,16474,22,400,4,1.0,0.49749371855331,717|1508|1512|375611,C2|CTSB|CTSH|SLC26A5,0.0,0,6,1,1,-2.751923171085609,7.488181818181818,
1,0,-2.7491193553089763,0.0,GO:0002250,M10,1,0,GO Biological Processes,19,adaptive immune response,19_GO:0002376 immune system process,-2.7491193553089763,1.9230350194552528,3.3538038358836797,16474,514,400,24,6.0,1.1874342087037917,717|721|924|1512|2214|3494|3497|3598|4153|6494|6966|7535|8631|22914|28569|28585|28667|28672|28755|30835|51752|81545|84174|441864,C2|C4B|CD7|CTSH|FCGR3A|IGHA2|IGHE|IL13RA2|MBL2|SIPA1|TRGC1|ZAP70|SKAP1|KLRK1|TRBV18|TRBV10-1|TRAV16|TRAV12-3|TRAC|CD209|ERAP1|FBXO38|SLA2|TARM1,0.0,0,7,1,1,-2.7491193553089763,2.8080681818181814,
1,0,-2.306516031522421,0.0,GO:0050851,M10,1,0,GO Biological Processes,19,antigen receptor-mediated signaling pathway,19_GO:0002376 immune system process,-2.306516031522421,2.8080681818181814,3.2900578095133737,16474,132,400,9,2.25,0.7415144974981945,2533|3494|3497|6966|7535|8631|9564|28755|84174,FYB1|IGHA2|IGHE|TRGC1|ZAP70|SKAP1|BCAR1|TRAC|SLA2,0.0,0,7,0,0,-2.7491193553089763,2.8080681818181814,
1,0,-2.1007400606786035,0.0,GO:0002768,M10,1,0,GO Biological Processes,19,immune response-regulating cell surface receptor signaling pathway,19_GO:0002376 immune system process,-2.1007400606786035,2.2362895927601807,2.9187973639765743,16474,221,400,12,3.0,0.8529361054615989,2214|2533|3494|3497|4153|6966|7535|8631|9564|22914|28755|84174,FCGR3A|FYB1|IGHA2|IGHE|MBL2|TRGC1|ZAP70|SKAP1|BCAR1|KLRK1|TRAC|SLA2,0.0,0,7,0,0,-2.7491193553089763,2.8080681818181814,
1,0,-2.021953987763345,0.0,GO:0002429,M10,1,0,GO Biological Processes,19,immune response-activating cell surface receptor signaling pathway,19_GO:0002376 immune system process,-2.021953987763345,2.2765577889447237,2.85799116746203,16474,199,400,11,2.75,0.8176758220713145,2533|3494|3497|4153|6966|7535|8631|9564|22914|28755|84174,FYB1|IGHA2|IGHE|MBL2|TRGC1|ZAP70|SKAP1|BCAR1|KLRK1|TRAC|SLA2,0.0,0,7,0,0,-2.7491193553089763,2.8080681818181814,
1,0,-2.6916112040937534,0.0,hsa05150,M10,1,0,KEGG Pathway,24,Staphylococcus aureus infection,,-2.6916112040937534,3.5051063829787235,3.8422667674518847,16474,94,400,8,2.0,0.7000000000000001,717|721|1673|1675|2214|4153|390792|100289462,C2|C4B|DEFB4A|CFD|FCGR3A|MBL2|KRT39|DEFB4B,0.0,0,8,1,1,-2.6916112040937534,7.162608695652175,
1,0,-2.6772616343466313,0.0,R-HSA-166663,M10,1,0,Reactome Gene Sets,6,Initial triggering of complement,,-2.6772616343466313,7.162608695652175,4.665376765043948,16474,23,400,4,1.0,0.49749371855331,717|721|1675|4153,C2|C4B|CFD|MBL2,0.0,0,8,0,0,-2.6916112040937534,7.162608695652175,
1,0,-2.638274265564887,0.0,WP4324,M10,1,0,WikiPathways,27,Mitochondrial complex I assembly model OXPHOS system,,-2.638274265564887,4.412678571428571,4.035372557040527,16474,56,400,6,1.5,0.6077622890571609,4698|4706|4716|4731|29078|55572,NDUFA5|NDUFAB1|NDUFB10|NDUFV3|NDUFAF4|FOXRED1,0.0,0,9,1,1,-2.638274265564887,4.412678571428571,
1,0,-2.5157063355840985,0.0,GO:0006754,M10,1,0,GO Biological Processes,19,ATP biosynthetic process,19_GO:0008152 metabolic process,-2.5157063355840985,3.6493037974683546,3.7234365711347173,16474,79,400,7,1.75,0.6556247020971678,539|1716|4509|4698|4706|4716|4731,ATP5PO|DGUOK|ATP8|NDUFA5|NDUFAB1|NDUFB10|NDUFV3,0.0,0,9,0,0,-2.638274265564887,4.412678571428571,
1,0,-2.4492163122171338,0.0,GO:0042776,M10,1,0,GO Biological Processes,19,proton motive force-driven mitochondrial ATP synthesis,19_GO:0008152 metabolic process,-2.4492163122171338,4.050983606557377,3.765868663828919,16474,61,400,6,1.5,0.6077622890571609,539|4509|4698|4706|4716|4731,ATP5PO|ATP8|NDUFA5|NDUFAB1|NDUFB10|NDUFV3,0.0,0,9,0,0,-2.638274265564887,4.412678571428571,
1,0,-2.3030185700783847,0.0,GO:0009141,M10,1,0,GO Biological Processes,19,nucleoside triphosphate metabolic process,19_GO:0008152 metabolic process,-2.3030185700783847,2.489203296703297,3.1868149446178715,16474,182,400,11,2.75,0.8176758220713145,539|1716|3356|3939|4509|4698|4706|4716|4731|9567|79077,ATP5PO|DGUOK|HTR2A|LDHA|ATP8|NDUFA5|NDUFAB1|NDUFB10|NDUFV3|GTPBP1|DCTPP1,0.0,0,9,0,0,-2.638274265564887,4.412678571428571,
1,0,-2.282679241345625,0.0,GO:0009206,M10,1,0,GO Biological Processes,19,purine ribonucleoside triphosphate biosynthetic process,19_GO:0008152 metabolic process,-2.282679241345625,3.313735632183908,3.413327794813085,16474,87,400,7,1.75,0.6556247020971678,539|1716|4509|4698|4706|4716|4731,ATP5PO|DGUOK|ATP8|NDUFA5|NDUFAB1|NDUFB10|NDUFV3,0.0,0,9,0,0,-2.638274265564887,4.412678571428571,
1,0,-2.2555927877391313,0.0,GO:0009145,M10,1,0,GO Biological Processes,19,purine nucleoside triphosphate biosynthetic process,19_GO:0008152 metabolic process,-2.2555927877391313,3.2760795454545457,3.377121297101498,16474,88,400,7,1.75,0.6556247020971678,539|1716|4509|4698|4706|4716|4731,ATP5PO|DGUOK|ATP8|NDUFA5|NDUFAB1|NDUFB10|NDUFV3,0.0,0,9,0,0,-2.638274265564887,4.412678571428571,
1,0,-2.247215080044105,0.0,GO:0015986,M10,1,0,GO Biological Processes,19,proton motive force-driven ATP synthesis,19_GO:0008152 metabolic process,-2.247215080044105,3.6882089552238804,3.4780850585041256,16474,67,400,6,1.5,0.6077622890571609,539|4509|4698|4706|4716|4731,ATP5PO|ATP8|NDUFA5|NDUFAB1|NDUFB10|NDUFV3,0.0,0,9,0,0,-2.638274265564887,4.412678571428571,
1,0,-2.2208048228501616,0.0,GO:0009205,M10,1,0,GO Biological Processes,19,purine ribonucleoside triphosphate metabolic process,19_GO:0008152 metabolic process,-2.2208048228501616,2.558074534161491,3.1339250957164864,16474,161,400,10,2.5,0.7806247497997998,539|1716|3356|3939|4509|4698|4706|4716|4731|9567,ATP5PO|DGUOK|HTR2A|LDHA|ATP8|NDUFA5|NDUFAB1|NDUFB10|NDUFV3|GTPBP1,0.0,0,9,0,0,-2.638274265564887,4.412678571428571,
1,0,-2.15132797897408,0.0,GO:0009201,M10,1,0,GO Biological Processes,19,ribonucleoside triphosphate biosynthetic process,19_GO:0008152 metabolic process,-2.15132797897408,3.1336413043478264,3.2373244393235936,16474,92,400,7,1.75,0.6556247020971678,539|1716|4509|4698|4706|4716|4731,ATP5PO|DGUOK|ATP8|NDUFA5|NDUFAB1|NDUFB10|NDUFV3,0.0,0,9,0,0,-2.638274265564887,4.412678571428571,
1,0,-2.1479058728002984,0.0,GO:0009144,M10,1,0,GO Biological Processes,19,purine nucleoside triphosphate metabolic process,19_GO:0008152 metabolic process,-2.1479058728002984,2.496060606060606,3.0467151769000695,16474,165,400,10,2.5,0.7806247497997998,539|1716|3356|3939|4509|4698|4706|4716|4731|9567,ATP5PO|DGUOK|HTR2A|LDHA|ATP8|NDUFA5|NDUFAB1|NDUFB10|NDUFV3|GTPBP1,0.0,0,9,0,0,-2.638274265564887,4.412678571428571,
1,0,-2.112463002376654,0.0,GO:0009199,M10,1,0,GO Biological Processes,19,ribonucleoside triphosphate metabolic process,19_GO:0008152 metabolic process,-2.112463002376654,2.466167664670659,3.0040641329260938,16474,167,400,10,2.5,0.7806247497997998,539|1716|3356|3939|4509|4698|4706|4716|4731|9567,ATP5PO|DGUOK|HTR2A|LDHA|ATP8|NDUFA5|NDUFAB1|NDUFB10|NDUFV3|GTPBP1,0.0,0,9,0,0,-2.638274265564887,4.412678571428571,
1,0,-2.0843720656972637,0.0,GO:0046034,M10,1,0,GO Biological Processes,19,ATP metabolic process,19_GO:0008152 metabolic process,-2.0843720656972637,2.592062937062937,3.0163117394911723,16474,143,400,9,2.25,0.7415144974981945,539|1716|3356|3939|4509|4698|4706|4716|4731,ATP5PO|DGUOK|HTR2A|LDHA|ATP8|NDUFA5|NDUFAB1|NDUFB10|NDUFV3,0.0,0,9,0,0,-2.638274265564887,4.412678571428571,
1,0,-2.0295051427473063,0.0,WP111,M10,1,0,WikiPathways,27,Electron transport chain: OXPHOS system in mitochondria,,-2.0295051427473063,2.972113402061856,3.0729460805799067,16474,97,400,7,1.75,0.6556247020971678,539|4509|4698|4706|4716|4731|10063,ATP5PO|ATP8|NDUFA5|NDUFAB1|NDUFB10|NDUFV3|COX17,0.0,0,9,0,0,-2.638274265564887,4.412678571428571,
1,0,-2.638274265564887,0.0,R-HSA-421270,M10,1,0,Reactome Gene Sets,6,Cell-cell junction organization,,-2.638274265564887,4.412678571428571,4.035372557040527,16474,56,400,6,1.5,0.6077622890571609,1001|1010|1365|57863|92359|149461,CDH3|CDH12|CLDN3|CADM3|CRB3|CLDN19,0.0,0,10,1,1,-2.638274265564887,4.412678571428571,
1,0,-2.484880108044079,0.0,R-HSA-446728,M10,1,0,Reactome Gene Sets,6,Cell junction organization,,-2.484880108044079,3.6036875000000004,3.682525383491078,16474,80,400,7,1.75,0.6556247020971678,1001|1010|1365|3909|57863|92359|149461,CDH3|CDH12|CLDN3|LAMA3|CADM3|CRB3|CLDN19,0.0,0,10,0,0,-2.638274265564887,4.412678571428571,
1,0,-2.29430983843088,0.0,R-HSA-1500931,M10,1,0,Reactome Gene Sets,6,Cell-Cell communication,,-2.29430983843088,3.022752293577982,3.342352951251679,16474,109,400,8,2.0,0.7000000000000001,1001|1010|1365|2533|3909|57863|92359|149461,CDH3|CDH12|CLDN3|FYB1|LAMA3|CADM3|CRB3|CLDN19,0.0,0,10,0,0,-2.638274265564887,4.412678571428571,
0,1,0.0,-2.59145856751428,hsa04916,M01,1,0,KEGG Pathway,24,Melanogenesis,,-2.59145856751428,4.339069359086918,3.9756032232794776,16474,67,340,6,1.7647058823529411,0.7140530573960978,109|434|6932|7483|8325|64764,ADCY3|ASIP|TCF7|WNT9A|FZD8|CREB3L2,0.0,0,11,1,1,-2.59145856751428,4.339069359086918,
1,0,-2.5759405722042623,0.0,GO:0006346,M10,1,0,GO Biological Processes,19,DNA methylation-dependent heterochromatin formation,19_GO:0048519 negative regulation of biological process,-2.5759405722042623,10.296249999999999,5.081728772798573,16474,12,400,3,0.75,0.431385848168435,1786|284428|653656,DNMT1|MBD3L5|MBD3L4,0.0,0,12,1,1,-2.5759405722042623,10.296249999999999,
0,1,0.0,-2.4952393848279035,GO:0007143,M01,1,0,GO Biological Processes,19,female meiotic nuclear division,19_GO:0022414 reproductive process,-2.4952393848279035,6.460392156862745,4.345457521797072,16474,30,340,4,1.1764705882352942,0.5847648491149511,7153|9319|11077|29781,TOP2A|TRIP13|HSF2BP|NCAPH2,0.0,0,13,1,1,-2.4952393848279035,6.460392156862745,
0,1,0.0,-2.0809230251138597,GO:0030261,M01,1,0,GO Biological Processes,19,chromosome condensation,19_GO:0009987 cellular process,-2.0809230251138597,4.969532428355958,3.60281186997926,16474,39,340,4,1.1764705882352942,0.5847648491149511,3008|7153|29781|58531,H1-4|TOP2A|NCAPH2|PRM3,0.0,0,13,0,0,-2.4952393848279035,6.460392156862745,
0,1,0.0,-2.4818549259900804,GO:0072273,M01,1,0,GO Biological Processes,19,metanephric nephron morphogenesis,19_GO:0032502 developmental process,-2.4818549259900804,9.690588235294117,4.8881875621916695,16474,15,340,3,0.8823529411764706,0.5071742576879338,2668|5311|388585,GDNF|PKD2|HES5,0.0,0,14,1,1,-2.4818549259900804,9.690588235294117,
0,1,0.0,-2.2480565573217324,GO:0003338,M01,1,0,GO Biological Processes,19,metanephros morphogenesis,19_GO:0032502 developmental process,-2.2480565573217324,8.07549019607843,4.35998934742049,16474,18,340,3,0.8823529411764706,0.5071742576879338,2668|5311|388585,GDNF|PKD2|HES5,0.0,0,14,0,0,-2.4818549259900804,9.690588235294117,
1,0,-2.4747043944181435,0.0,GO:1901185,M10,1,0,GO Biological Processes,19,negative regulation of ERBB signaling pathway,19_GO:0023052 signaling,-2.4747043944181435,6.336153846153847,4.295491167877513,16474,26,400,4,1.0,0.49749371855331,5774|5782|23624|153090,PTPN3|PTPN12|CBLC|DAB2IP,0.0,0,15,1,1,-2.4747043944181435,6.336153846153847,
1,0,-2.4698335362475508,0.0,GO:0043586,M10,1,0,GO Biological Processes,19,tongue development,19_GO:0032502 developmental process,-2.4698335362475508,9.50423076923077,4.838747591857489,16474,13,400,3,0.75,0.431385848168435,4909|27152|51804,NTF4|INTU|SIX4,0.0,0,16,1,1,-2.4698335362475508,9.50423076923077,
1,0,-2.2838313502979544,0.0,GO:0080154,M10,1,0,GO Biological Processes,19,regulation of fertilization,19_GO:0022414 reproductive process,-2.431061612855731,5.936576576576576,4.1481306000135065,16474,15,740,4,0.5405405405405406,0.26953882029507814,57829|136242|431705|494551,ZP4|PRSS37|ASTL|WEE2,0.0,0,17,1,1,-2.431061612855731,5.936576576576576,
0,1,0.0,-2.017030180314394,GO:2000242,M01,1,0,GO Biological Processes,19,negative regulation of reproductive process,19_GO:0022414 reproductive process,-2.1572873936680805,2.826941226941227,3.150721121823049,16474,63,740,8,1.0810810810810811,0.38014821399070103,4838|6647|9319|57829|84072|84944|431705|494551,NODAL|SOD1|TRIP13|ZP4|HORMAD1|MAEL|ASTL|WEE2,0.0,0,17,0,0,-2.431061612855731,5.936576576576576,
1,0,-2.143121589692447,0.0,GO:0007339,M10,1,0,GO Biological Processes,19,binding of sperm to zona pellucida,19_GO:0022414 reproductive process,-2.143121589692447,5.148125,3.705133537479142,16474,32,400,4,1.0,0.49749371855331,2515|57829|136242|203102,ADAM2|ZP4|PRSS37|ADAM32,0.0,0,17,0,0,-2.431061612855731,5.936576576576576,
1,0,-2.424745035652471,0.0,hsa04657,M10,1,0,KEGG Pathway,24,IL-17 signaling pathway,,-2.424745035652471,3.5157926829268296,3.602634188033255,16474,82,400,7,1.75,0.6556247020971678,841|1673|2921|27189|225689|257397|100289462,CASP8|DEFB4A|CXCL3|IL17C|MAPK15|TAB3|DEFB4B,0.0,0,18,1,1,-2.424745035652471,3.5157926829268296,
1,0,-2.2838313502979544,0.0,GO:0006825,M10,1,0,GO Biological Processes,19,copper ion transport,19_GO:0051179 localization,-2.2838313502979544,8.237,4.42340640465314,16474,15,400,3,0.75,0.431385848168435,1318|2288|10063,SLC31A2|FKBP4|COX17,0.0,0,19,1,1,-2.2838313502979544,8.237,
0,1,0.0,-2.2647788453112985,GO:1903131,M01,1,0,GO Biological Processes,19,mononuclear cell differentiation,19_GO:0032502 developmental process,-2.2647788453112985,2.2576639257853683,3.075608205513287,16474,279,340,13,3.823529411764706,1.0399852431275463,2322|2629|3142|3725|4495|5657|6095|6932|8320|8325|9734|29781|159296,FLT3|GBA1|HLX|JUN|MT1G|PRTN3|RORA|TCF7|EOMES|FZD8|HDAC9|NCAPH2|NKX2-3,0.0,0,20,1,1,-2.2647788453112985,2.7106540518305224,
0,1,0.0,-2.0125465712583264,GO:0030217,M01,1,0,GO Biological Processes,19,T cell differentiation,19_GO:0002376 immune system process,-2.0125465712583264,2.7106540518305224,2.982487287024371,16474,143,340,8,2.3529411764705883,0.8220451280497785,2629|3142|6095|6932|8320|8325|29781|159296,GBA1|HLX|RORA|TCF7|EOMES|FZD8|NCAPH2|NKX2-3,0.0,0,20,0,0,-2.2647788453112985,2.7106540518305224,
1,0,-2.2014614972249493,0.0,R-HSA-422085,M10,1,0,Reactome Gene Sets,6,"Synthesis, secretion, and deacylation of Ghrelin",,-2.2014614972249493,7.7221874999999995,4.243619605363612,16474,16,400,3,0.75,0.431385848168435,43|7941|28972,ACHE|PLA2G7|SPCS1,0.0,0,21,1,1,-2.2014614972249493,7.7221874999999995,
1,0,-2.2014614972249493,0.0,GO:0033189,M10,1,0,GO Biological Processes,19,response to vitamin A,19_GO:0050896 response to stimulus,-2.2014614972249493,7.7221874999999995,4.243619605363612,16474,16,400,3,0.75,0.431385848168435,1592|2056|9227,CYP26A1|EPO|LRAT,0.0,0,22,1,1,-2.2014614972249493,7.7221874999999995,
1,0,-2.1850521394708604,0.0,GO:0048247,M10,1,0,GO Biological Processes,19,lymphocyte chemotaxis,19_GO:0040011 locomotion,-2.1850521394708604,4.202551020408164,3.541569518207663,16474,49,400,5,1.25,0.5555121510822244,101|6358|6359|6368|9023,ADAM8|CCL14|CCL15|CCL23|CH25H,0.0,0,23,1,1,-2.1850521394708604,4.202551020408164,
1,0,-2.154919204152843,0.0,GO:0072676,M10,1,0,GO Biological Processes,19,lymphocyte migration,19_GO:0002376 immune system process,-2.154919204152843,3.530142857142857,3.3463668212214914,16474,70,400,6,1.5,0.6077622890571609,101|6358|6359|6368|7535|9023,ADAM8|CCL14|CCL15|CCL23|ZAP70|CH25H,0.0,0,23,0,0,-2.1850521394708604,4.202551020408164,
1,0,-2.020761370808433,0.0,GO:0006875,M10,1,0,GO Biological Processes,19,cellular metal ion homeostasis,19_GO:0042592 homeostatic process,-2.020761370808433,2.0374204946996466,2.7769340624904313,16474,283,400,14,3.5,0.9188987974744554,1907|1991|3077|3356|6358|6359|6368|6556|6647|7224|7922|79572|84068|164656,EDN2|ELANE|HFE|HTR2A|CCL14|CCL15|CCL23|SLC11A1|SOD1|TRPC5|SLC39A7|ATP13A3|SLC10A7|TMPRSS6,0.0,0,23,0,0,-2.1850521394708604,4.202551020408164,
1,0,-2.0122560520437256,0.0,GO:0030593,M10,1,0,GO Biological Processes,19,neutrophil chemotaxis,19_GO:0040011 locomotion,-2.0122560520437256,3.2948,3.142108321216616,16474,75,400,6,1.5,0.6077622890571609,1907|2921|6358|6359|6368|23396,EDN2|CXCL3|CCL14|CCL15|CCL23|PIP5K1C,0.0,0,23,0,0,-2.1850521394708604,4.202551020408164,
0,1,0.0,-2.1667383131687847,GO:0140056,M01,1,0,GO Biological Processes,19,organelle localization by membrane tethering,19_GO:0051179 localization,-2.1667383131687847,4.176977687626775,3.5184328854679996,16474,58,340,5,1.4705882352941178,0.6528133544887856,6809|23025|23233|54536|83850,STX3|UNC13A|EXOC6B|EXOC6|ESYT3,0.0,0,24,1,1,-2.1667383131687847,4.176977687626775,
1,0,-2.125314269663211,0.0,GO:0002526,M10,1,0,GO Biological Processes,19,acute inflammatory response,19_GO:0050896 response to stimulus,-2.125314269663211,3.480422535211267,3.304057244980446,16474,71,400,6,1.5,0.6077622890571609,1991|2056|2214|4153|5005|54658,ELANE|EPO|FCGR3A|MBL2|ORM2|UGT1A1,0.0,0,25,1,1,-2.125314269663211,3.480422535211267,
1,0,-2.101515215653448,0.0,R-HSA-6803157,M10,1,0,Reactome Gene Sets,6,Antimicrobial peptides,,-2.101515215653448,3.066968085106383,3.1702616849926275,16474,94,400,7,1.75,0.6556247020971678,1673|1991|6556|245929|613211|100289462|100526773,DEFB4A|ELANE|SLC11A1|DEFB115|DEFB134|DEFB4B|EPPIN-WFDC6,0.0,0,26,1,1,-2.101515215653448,3.066968085106383,
1,0,-2.095245927587567,0.0,GO:0033619,M10,1,0,GO Biological Processes,19,membrane protein proteolysis,19_GO:0008152 metabolic process,-2.095245927587567,4.992121212121212,3.621186873158838,16474,33,400,4,1.0,0.49749371855331,1512|23621|51752|164656,CTSH|BACE1|ERAP1|TMPRSS6,0.0,0,27,1,1,-2.095245927587567,4.992121212121212,
0,1,0.0,-2.0123857176531965,GO:0001824,M01,1,0,GO Biological Processes,19,blastocyst development,19_GO:0032502 developmental process,-2.0123857176531965,3.303609625668449,3.1453467268693664,16474,88,340,6,1.7647058823529411,0.7140530573960978,4751|4838|6830|8320|57718|84072,NEK2|NODAL|SUPT6H|EOMES|PPP4R4|HORMAD1,0.0,0,28,1,1,-2.0123857176531965,3.303609625668449,
0,1,0.0,-2.004524718841158,CORUM:1181,M01,1,0,CORUM,33,C complex spliceosome,,-2.004524718841158,4.727116212338594,3.4686558819199527,16474,41,340,4,1.1764705882352942,0.5847648491149511,6636|8175|57703|60625,SNRPF|SF3A2|CWC22|DHX35,0.0,0,29,1,1,-2.004524718841158,4.727116212338594,
