Category,CategoryID,GO,Description,PARENT_GO,LogP,Enrichment,Z-score,#TotalGeneInLibrary,#GeneInGO,#GeneInHitList,#GeneInGOAndHitList,%InGO,STDV %InGO,GeneID,Hits,Log(q-value),GeneList
GO Biological Processes,19,GO:0009617,response to bacterium,19_GO:0044419 biological process involved in interspecies interaction between organisms,-3.8,2.1,4.2,16474,597,400,30,7.5,1.3,717|721|841|1365|1673|1675|1991|2056|2921|3494|3663|4153|6556|6915|9227|22914|26503|28755|51752|54658|55125|55829|56300|84419|115361|153090|245929|613211|646627|100129216,C2|C4B|CASP8|CLDN3|DEFB4A|CFD|ELANE|EPO|CXCL3|IGHA2|IRF5|MBL2|SLC11A1|TBXA2R|LRAT|KLRK1|SLC17A5|TRAC|ERAP1|UGT1A1|CEP192|SELENOS|IL36G|C15orf48|GBP4|DAB2IP|DEFB115|DEFB134|LYPD8|DEFB131B,0,Accelerated
GO Biological Processes,19,GO:0006518,peptide metabolic process,19_GO:0008152 metabolic process,-3.3,2.2,3.9,16474,387,400,21,5.2,1.1,438|1512|1522|1991|4528|6161|6647|7941|9567|10767|23107|23621|25929|28972|28998|51752|54938|60488|64949|64963|79094,ASMT|CTSH|CTSZ|ELANE|MTIF2|RPL32|SOD1|PLA2G7|GTPBP1|HBS1L|MRPS27|BACE1|GEMIN5|SPCS1|MRPL13|ERAP1|SARS2|MRPS35|MRPS26|MRPS11|CHAC1,0,Accelerated
GO Biological Processes,19,GO:0045666,positive regulation of neuron differentiation,19_GO:0032502 developmental process,-3,4.4,4.4,16474,65,400,7,1.8,0.66,2056|4825|7224|8904|65109|221336|221938,EPO|NKX6-1|TRPC5|CPNE1|UPF3B|BEND6|MMD2,0,Accelerated
GO Biological Processes,19,GO:0060117,auditory receptor cell development,19_GO:0032502 developmental process,-3,8.7,5.3,16474,19,400,4,1,0.5,6647|9368|11078|117531,SOD1|NHERF1|TRIOBP|TMC1,0,Accelerated
GO Biological Processes,19,GO:0097066,response to thyroid hormone,19_GO:0050896 response to stimulus,-2.8,7.5,4.8,16474,22,400,4,1,0.5,717|1508|1512|375611,C2|CTSB|CTSH|SLC26A5,0,Accelerated
GO Biological Processes,19,GO:0002250,adaptive immune response,19_GO:0002376 immune system process,-2.7,1.9,3.4,16474,514,400,24,6,1.2,717|721|924|1512|2214|3494|3497|3598|4153|6494|6966|7535|8631|22914|28569|28585|28667|28672|28755|30835|51752|81545|84174|441864,C2|C4B|CD7|CTSH|FCGR3A|IGHA2|IGHE|IL13RA2|MBL2|SIPA1|TRGC1|ZAP70|SKAP1|KLRK1|TRBV18|TRBV10-1|TRAV16|TRAV12-3|TRAC|CD209|ERAP1|FBXO38|SLA2|TARM1,0,Accelerated
KEGG Pathway,24,hsa05150,Staphylococcus aureus infection,,-2.7,3.5,3.8,16474,94,400,8,2,0.7,717|721|1673|1675|2214|4153|390792|100289462,C2|C4B|DEFB4A|CFD|FCGR3A|MBL2|KRT39|DEFB4B,0,Accelerated
Reactome Gene Sets,6,R-HSA-166663,Initial triggering of complement,,-2.7,7.2,4.7,16474,23,400,4,1,0.5,717|721|1675|4153,C2|C4B|CFD|MBL2,0,Accelerated
Reactome Gene Sets,6,R-HSA-421270,Cell-cell junction organization,,-2.6,4.4,4,16474,56,400,6,1.5,0.61,1001|1010|1365|57863|92359|149461,CDH3|CDH12|CLDN3|CADM3|CRB3|CLDN19,0,Accelerated
WikiPathways,27,WP4324,Mitochondrial complex I assembly model OXPHOS system,,-2.6,4.4,4,16474,56,400,6,1.5,0.61,4698|4706|4716|4731|29078|55572,NDUFA5|NDUFAB1|NDUFB10|NDUFV3|NDUFAF4|FOXRED1,0,Accelerated
GO Biological Processes,19,GO:0006346,DNA methylation-dependent heterochromatin formation,19_GO:0048519 negative regulation of biological process,-2.6,10,5.1,16474,12,400,3,0.75,0.43,1786|284428|653656,DNMT1|MBD3L5|MBD3L4,0,Accelerated
GO Biological Processes,19,GO:0006754,ATP biosynthetic process,19_GO:0008152 metabolic process,-2.5,3.6,3.7,16474,79,400,7,1.8,0.66,539|1716|4509|4698|4706|4716|4731,ATP5PO|DGUOK|ATP8|NDUFA5|NDUFAB1|NDUFB10|NDUFV3,0,Accelerated
GO Biological Processes,19,GO:0048839,inner ear development,19_GO:0032502 developmental process,-2.5,2.8,3.5,16474,147,400,10,2.5,0.78,6647|9368|10541|11078|26020|51804|117531|131149|219736|375611,SOD1|NHERF1|ANP32B|TRIOBP|LRP10|SIX4|TMC1|OTOL1|STOX1|SLC26A5,0,Accelerated
Reactome Gene Sets,6,R-HSA-446728,Cell junction organization,,-2.5,3.6,3.7,16474,80,400,7,1.8,0.66,1001|1010|1365|3909|57863|92359|149461,CDH3|CDH12|CLDN3|LAMA3|CADM3|CRB3|CLDN19,0,Accelerated
GO Biological Processes,19,GO:1901185,negative regulation of ERBB signaling pathway,19_GO:0023052 signaling,-2.5,6.3,4.3,16474,26,400,4,1,0.5,5774|5782|23624|153090,PTPN3|PTPN12|CBLC|DAB2IP,0,Accelerated
GO Biological Processes,19,GO:0043586,tongue development,19_GO:0032502 developmental process,-2.5,9.5,4.8,16474,13,400,3,0.75,0.43,4909|27152|51804,NTF4|INTU|SIX4,0,Accelerated
GO Biological Processes,19,GO:0042776,proton motive force-driven mitochondrial ATP synthesis,19_GO:0008152 metabolic process,-2.4,4.1,3.8,16474,61,400,6,1.5,0.61,539|4509|4698|4706|4716|4731,ATP5PO|ATP8|NDUFA5|NDUFAB1|NDUFB10|NDUFV3,0,Accelerated
KEGG Pathway,24,hsa04657,IL-17 signaling pathway,,-2.4,3.5,3.6,16474,82,400,7,1.8,0.66,841|1673|2921|27189|225689|257397|100289462,CASP8|DEFB4A|CXCL3|IL17C|MAPK15|TAB3|DEFB4B,0,Accelerated
GO Biological Processes,19,GO:0050851,antigen receptor-mediated signaling pathway,19_GO:0002376 immune system process,-2.3,2.8,3.3,16474,132,400,9,2.2,0.74,2533|3494|3497|6966|7535|8631|9564|28755|84174,FYB1|IGHA2|IGHE|TRGC1|ZAP70|SKAP1|BCAR1|TRAC|SLA2,0,Accelerated
GO Biological Processes,19,GO:0009141,nucleoside triphosphate metabolic process,19_GO:0008152 metabolic process,-2.3,2.5,3.2,16474,182,400,11,2.8,0.82,539|1716|3356|3939|4509|4698|4706|4716|4731|9567|79077,ATP5PO|DGUOK|HTR2A|LDHA|ATP8|NDUFA5|NDUFAB1|NDUFB10|NDUFV3|GTPBP1|DCTPP1,0,Accelerated
Reactome Gene Sets,6,R-HSA-1500931,Cell-Cell communication,,-2.3,3,3.3,16474,109,400,8,2,0.7,1001|1010|1365|2533|3909|57863|92359|149461,CDH3|CDH12|CLDN3|FYB1|LAMA3|CADM3|CRB3|CLDN19,0,Accelerated
GO Biological Processes,19,GO:0006825,copper ion transport,19_GO:0051179 localization,-2.3,8.2,4.4,16474,15,400,3,0.75,0.43,1318|2288|10063,SLC31A2|FKBP4|COX17,0,Accelerated
GO Biological Processes,19,GO:0060088,auditory receptor cell stereocilium organization,19_GO:0032502 developmental process,-2.3,8.2,4.4,16474,15,400,3,0.75,0.43,6647|9368|11078,SOD1|NHERF1|TRIOBP,0,Accelerated
GO Biological Processes,19,GO:0080154,regulation of fertilization,19_GO:0022414 reproductive process,-2.3,8.2,4.4,16474,15,400,3,0.75,0.43,57829|136242|494551,ZP4|PRSS37|WEE2,0,Accelerated
GO Biological Processes,19,GO:0009206,purine ribonucleoside triphosphate biosynthetic process,19_GO:0008152 metabolic process,-2.3,3.3,3.4,16474,87,400,7,1.8,0.66,539|1716|4509|4698|4706|4716|4731,ATP5PO|DGUOK|ATP8|NDUFA5|NDUFAB1|NDUFB10|NDUFV3,0,Accelerated
GO Biological Processes,19,GO:0009145,purine nucleoside triphosphate biosynthetic process,19_GO:0008152 metabolic process,-2.3,3.3,3.4,16474,88,400,7,1.8,0.66,539|1716|4509|4698|4706|4716|4731,ATP5PO|DGUOK|ATP8|NDUFA5|NDUFAB1|NDUFB10|NDUFV3,0,Accelerated
GO Biological Processes,19,GO:0015986,proton motive force-driven ATP synthesis,19_GO:0008152 metabolic process,-2.2,3.7,3.5,16474,67,400,6,1.5,0.61,539|4509|4698|4706|4716|4731,ATP5PO|ATP8|NDUFA5|NDUFAB1|NDUFB10|NDUFV3,0,Accelerated
GO Biological Processes,19,GO:0043043,peptide biosynthetic process,19_GO:0008152 metabolic process,-2.2,2.2,3,16474,267,400,14,3.5,0.92,438|1991|4528|6161|9567|10767|23107|25929|28998|54938|60488|64949|64963|79094,ASMT|ELANE|MTIF2|RPL32|GTPBP1|HBS1L|MRPS27|GEMIN5|MRPL13|SARS2|MRPS35|MRPS26|MRPS11|CHAC1,0,Accelerated
GO Biological Processes,19,GO:0009205,purine ribonucleoside triphosphate metabolic process,19_GO:0008152 metabolic process,-2.2,2.6,3.1,16474,161,400,10,2.5,0.78,539|1716|3356|3939|4509|4698|4706|4716|4731|9567,ATP5PO|DGUOK|HTR2A|LDHA|ATP8|NDUFA5|NDUFAB1|NDUFB10|NDUFV3|GTPBP1,0,Accelerated
GO Biological Processes,19,GO:0033189,response to vitamin A,19_GO:0050896 response to stimulus,-2.2,7.7,4.2,16474,16,400,3,0.75,0.43,1592|2056|9227,CYP26A1|EPO|LRAT,0,Accelerated
Reactome Gene Sets,6,R-HSA-422085,"Synthesis, secretion, and deacylation of Ghrelin",,-2.2,7.7,4.2,16474,16,400,3,0.75,0.43,43|7941|28972,ACHE|PLA2G7|SPCS1,0,Accelerated
GO Biological Processes,19,GO:0002093,auditory receptor cell morphogenesis,19_GO:0032502 developmental process,-2.2,7.7,4.2,16474,16,400,3,0.75,0.43,6647|9368|11078,SOD1|NHERF1|TRIOBP,0,Accelerated
GO Biological Processes,19,GO:0048247,lymphocyte chemotaxis,19_GO:0040011 locomotion,-2.2,4.2,3.5,16474,49,400,5,1.2,0.56,101|6358|6359|6368|9023,ADAM8|CCL14|CCL15|CCL23|CH25H,0,Accelerated
GO Biological Processes,19,GO:0072676,lymphocyte migration,19_GO:0002376 immune system process,-2.2,3.5,3.3,16474,70,400,6,1.5,0.61,101|6358|6359|6368|7535|9023,ADAM8|CCL14|CCL15|CCL23|ZAP70|CH25H,0,Accelerated
GO Biological Processes,19,GO:0009201,ribonucleoside triphosphate biosynthetic process,19_GO:0008152 metabolic process,-2.2,3.1,3.2,16474,92,400,7,1.8,0.66,539|1716|4509|4698|4706|4716|4731,ATP5PO|DGUOK|ATP8|NDUFA5|NDUFAB1|NDUFB10|NDUFV3,0,Accelerated
GO Biological Processes,19,GO:0009144,purine nucleoside triphosphate metabolic process,19_GO:0008152 metabolic process,-2.1,2.5,3,16474,165,400,10,2.5,0.78,539|1716|3356|3939|4509|4698|4706|4716|4731|9567,ATP5PO|DGUOK|HTR2A|LDHA|ATP8|NDUFA5|NDUFAB1|NDUFB10|NDUFV3|GTPBP1,0,Accelerated
GO Biological Processes,19,GO:0007339,binding of sperm to zona pellucida,19_GO:0022414 reproductive process,-2.1,5.1,3.7,16474,32,400,4,1,0.5,2515|57829|136242|203102,ADAM2|ZP4|PRSS37|ADAM32,0,Accelerated
GO Biological Processes,19,GO:0140053,mitochondrial gene expression,19_GO:0008152 metabolic process,-2.1,2.6,3.1,16474,140,400,9,2.2,0.74,4528|23107|28998|51001|54938|60488|60493|64949|64963,MTIF2|MRPS27|MRPL13|MTERF3|SARS2|MRPS35|FASTKD5|MRPS26|MRPS11,0,Accelerated
GO Biological Processes,19,GO:0043583,ear development,19_GO:0032502 developmental process,-2.1,2.5,3,16474,166,400,10,2.5,0.78,6647|9368|10541|11078|26020|51804|117531|131149|219736|375611,SOD1|NHERF1|ANP32B|TRIOBP|LRP10|SIX4|TMC1|OTOL1|STOX1|SLC26A5,0,Accelerated
GO Biological Processes,19,GO:0002526,acute inflammatory response,19_GO:0050896 response to stimulus,-2.1,3.5,3.3,16474,71,400,6,1.5,0.61,1991|2056|2214|4153|5005|54658,ELANE|EPO|FCGR3A|MBL2|ORM2|UGT1A1,0,Accelerated
GO Biological Processes,19,GO:0009199,ribonucleoside triphosphate metabolic process,19_GO:0008152 metabolic process,-2.1,2.5,3,16474,167,400,10,2.5,0.78,539|1716|3356|3939|4509|4698|4706|4716|4731|9567,ATP5PO|DGUOK|HTR2A|LDHA|ATP8|NDUFA5|NDUFAB1|NDUFB10|NDUFV3|GTPBP1,0,Accelerated
Reactome Gene Sets,6,R-HSA-6803157,Antimicrobial peptides,,-2.1,3.1,3.2,16474,94,400,7,1.8,0.66,1673|1991|6556|245929|613211|100289462|100526773,DEFB4A|ELANE|SLC11A1|DEFB115|DEFB134|DEFB4B|EPPIN-WFDC6,0,Accelerated
GO Biological Processes,19,GO:0002768,immune response-regulating cell surface receptor signaling pathway,19_GO:0002376 immune system process,-2.1,2.2,2.9,16474,221,400,12,3,0.85,2214|2533|3494|3497|4153|6966|7535|8631|9564|22914|28755|84174,FCGR3A|FYB1|IGHA2|IGHE|MBL2|TRGC1|ZAP70|SKAP1|BCAR1|KLRK1|TRAC|SLA2,0,Accelerated
GO Biological Processes,19,GO:0033619,membrane protein proteolysis,19_GO:0008152 metabolic process,-2.1,5,3.6,16474,33,400,4,1,0.5,1512|23621|51752|164656,CTSH|BACE1|ERAP1|TMPRSS6,0,Accelerated
GO Biological Processes,19,GO:0046034,ATP metabolic process,19_GO:0008152 metabolic process,-2.1,2.6,3,16474,143,400,9,2.2,0.74,539|1716|3356|3939|4509|4698|4706|4716|4731,ATP5PO|DGUOK|HTR2A|LDHA|ATP8|NDUFA5|NDUFAB1|NDUFB10|NDUFV3,0,Accelerated
GO Biological Processes,19,GO:0042491,inner ear auditory receptor cell differentiation,19_GO:0032502 developmental process,-2,4.8,3.5,16474,34,400,4,1,0.5,6647|9368|11078|117531,SOD1|NHERF1|TRIOBP|TMC1,0,Accelerated
GO Biological Processes,19,GO:0042490,mechanoreceptor differentiation,19_GO:0032502 developmental process,-2,3.9,3.3,16474,53,400,5,1.2,0.56,4909|6647|9368|11078|117531,NTF4|SOD1|NHERF1|TRIOBP|TMC1,0,Accelerated
WikiPathways,27,WP111,Electron transport chain: OXPHOS system in mitochondria,,-2,3,3.1,16474,97,400,7,1.8,0.66,539|4509|4698|4706|4716|4731|10063,ATP5PO|ATP8|NDUFA5|NDUFAB1|NDUFB10|NDUFV3|COX17,0,Accelerated
GO Biological Processes,19,GO:0002429,immune response-activating cell surface receptor signaling pathway,19_GO:0002376 immune system process,-2,2.3,2.9,16474,199,400,11,2.8,0.82,2533|3494|3497|4153|6966|7535|8631|9564|22914|28755|84174,FYB1|IGHA2|IGHE|MBL2|TRGC1|ZAP70|SKAP1|BCAR1|KLRK1|TRAC|SLA2,0,Accelerated
GO Biological Processes,19,GO:0006875,cellular metal ion homeostasis,19_GO:0042592 homeostatic process,-2,2,2.8,16474,283,400,14,3.5,0.92,1907|1991|3077|3356|6358|6359|6368|6556|6647|7224|7922|79572|84068|164656,EDN2|ELANE|HFE|HTR2A|CCL14|CCL15|CCL23|SLC11A1|SOD1|TRPC5|SLC39A7|ATP13A3|SLC10A7|TMPRSS6,0,Accelerated
GO Biological Processes,19,GO:0030593,neutrophil chemotaxis,19_GO:0040011 locomotion,-2,3.3,3.1,16474,75,400,6,1.5,0.61,1907|2921|6358|6359|6368|23396,EDN2|CXCL3|CCL14|CCL15|CCL23|PIP5K1C,0,Accelerated
GO Biological Processes,19,GO:0043604,amide biosynthetic process,19_GO:0008152 metabolic process,-2,1.9,2.7,16474,373,400,17,4.2,1,438|1991|4528|6161|8702|9567|10767|23107|25929|28998|54938|60488|64949|64963|79094|204219|109703458,ASMT|ELANE|MTIF2|RPL32|B4GALT4|GTPBP1|HBS1L|MRPS27|GEMIN5|MRPL13|SARS2|MRPS35|MRPS26|MRPS11|CHAC1|CERS3|HTD2,0,Accelerated
GO Biological Processes,19,GO:0048715,negative regulation of oligodendrocyte differentiation,19_GO:0032502 developmental process,-3.3,18,7.1,16474,8,340,3,0.88,0.51,23500|84504|388585,DAAM2|NKX6-2|HES5,0,Conserved
GO Biological Processes,19,GO:0045686,negative regulation of glial cell differentiation,19_GO:0032502 developmental process,-3.3,10,5.8,16474,19,340,4,1.2,0.58,3949|23500|84504|388585,LDLR|DAAM2|NKX6-2|HES5,0,Conserved
KEGG Pathway,24,hsa04916,Melanogenesis,,-2.6,4.3,4,16474,67,340,6,1.8,0.71,109|434|6932|7483|8325|64764,ADCY3|ASIP|TCF7|WNT9A|FZD8|CREB3L2,0,Conserved
GO Biological Processes,19,GO:0007143,female meiotic nuclear division,19_GO:0022414 reproductive process,-2.5,6.5,4.3,16474,30,340,4,1.2,0.58,7153|9319|11077|29781,TOP2A|TRIP13|HSF2BP|NCAPH2,0,Conserved
GO Biological Processes,19,GO:0072273,metanephric nephron morphogenesis,19_GO:0032502 developmental process,-2.5,9.7,4.9,16474,15,340,3,0.88,0.51,2668|5311|388585,GDNF|PKD2|HES5,0,Conserved
GO Biological Processes,19,GO:0048713,regulation of oligodendrocyte differentiation,19_GO:0032502 developmental process,-2.4,6.3,4.2,16474,31,340,4,1.2,0.58,7161|23500|84504|388585,TP73|DAAM2|NKX6-2|HES5,0,Conserved
GO Biological Processes,19,GO:0014014,negative regulation of gliogenesis,19_GO:0032502 developmental process,-2.3,5.9,4.1,16474,33,340,4,1.2,0.58,3949|23500|84504|388585,LDLR|DAAM2|NKX6-2|HES5,0,Conserved
GO Biological Processes,19,GO:1903131,mononuclear cell differentiation,19_GO:0032502 developmental process,-2.3,2.3,3.1,16474,279,340,13,3.8,1,2322|2629|3142|3725|4495|5657|6095|6932|8320|8325|9734|29781|159296,FLT3|GBA1|HLX|JUN|MT1G|PRTN3|RORA|TCF7|EOMES|FZD8|HDAC9|NCAPH2|NKX2-3,0,Conserved
GO Biological Processes,19,GO:0003338,metanephros morphogenesis,19_GO:0032502 developmental process,-2.2,8.1,4.4,16474,18,340,3,0.88,0.51,2668|5311|388585,GDNF|PKD2|HES5,0,Conserved
GO Biological Processes,19,GO:0140056,organelle localization by membrane tethering,19_GO:0051179 localization,-2.2,4.2,3.5,16474,58,340,5,1.5,0.65,6809|23025|23233|54536|83850,STX3|UNC13A|EXOC6B|EXOC6|ESYT3,0,Conserved
GO Biological Processes,19,GO:0045685,regulation of glial cell differentiation,19_GO:0032502 developmental process,-2.2,4.2,3.5,16474,58,340,5,1.5,0.65,3949|7161|23500|84504|388585,LDLR|TP73|DAAM2|NKX6-2|HES5,0,Conserved
GO Biological Processes,19,GO:0030261,chromosome condensation,19_GO:0009987 cellular process,-2.1,5,3.6,16474,39,340,4,1.2,0.58,3008|7153|29781|58531,H1-4|TOP2A|NCAPH2|PRM3,0,Conserved
GO Biological Processes,19,GO:2000242,negative regulation of reproductive process,19_GO:0022414 reproductive process,-2,3.8,3.3,16474,63,340,5,1.5,0.65,4838|9319|84072|84944|431705,NODAL|TRIP13|HORMAD1|MAEL|ASTL,0,Conserved
GO Biological Processes,19,GO:0030217,T cell differentiation,19_GO:0002376 immune system process,-2,2.7,3,16474,143,340,8,2.4,0.82,2629|3142|6095|6932|8320|8325|29781|159296,GBA1|HLX|RORA|TCF7|EOMES|FZD8|NCAPH2|NKX2-3,0,Conserved
GO Biological Processes,19,GO:0001824,blastocyst development,19_GO:0032502 developmental process,-2,3.3,3.1,16474,88,340,6,1.8,0.71,4751|4838|6830|8320|57718|84072,NEK2|NODAL|SUPT6H|EOMES|PPP4R4|HORMAD1,0,Conserved
CORUM,33,CORUM:1181,C complex spliceosome,,-2,4.7,3.5,16474,41,340,4,1.2,0.58,6636|8175|57703|60625,SNRPF|SF3A2|CWC22|DHX35,0,Conserved
