_MEMBER_Accelerated,_MEMBER_Conserved,_LogP_Accelerated,_LogP_Conserved,GO,Description,_PATTERN_,_RANK_,CHILD_GO_Accelerated,CHILD_GO_Conserved
1,0,-3.844221409838887,0.0,GO:0044419,biological process involved in interspecies interaction between organisms,M10,1,GO:0009617 response to bacterium,
1,0,-3.2742556001581478,0.0,GO:0008152,metabolic process,M10,1,GO:0006518 peptide metabolic process,
1,1,-3.009641994758317,-3.3450473294407073,GO:0032502,developmental process,M11,2,GO:0045666 positive regulation of neuron differentiation,GO:0048715 negative regulation of oligodendrocyte differentiation
1,0,-2.751923171085609,0.0,GO:0050896,response to stimulus,M10,1,GO:0097066 response to thyroid hormone,
1,1,-2.7491193553089763,-2.0125465712583264,GO:0002376,immune system process,M11,2,GO:0002250 adaptive immune response,GO:0030217 T cell differentiation
1,0,-2.5759405722042623,0.0,GO:0048519,negative regulation of biological process,M10,1,GO:0006346 DNA methylation-dependent heterochromatin formation,
1,0,-2.4747043944181435,0.0,GO:0023052,signaling,M10,1,GO:1901185 negative regulation of ERBB signaling pathway,
1,1,-2.2838313502979544,-2.4952393848279035,GO:0022414,reproductive process,M11,2,GO:0080154 regulation of fertilization,GO:0007143 female meiotic nuclear division
1,1,-2.2838313502979544,-2.1667383131687847,GO:0051179,localization,M11,2,GO:0006825 copper ion transport,GO:0140056 organelle localization by membrane tethering
1,0,-2.1850521394708604,0.0,GO:0040011,locomotion,M10,1,GO:0048247 lymphocyte chemotaxis,
1,0,-2.020761370808433,0.0,GO:0042592,homeostatic process,M10,1,GO:0006875 cellular metal ion homeostasis,
0,1,0.0,-2.0809230251138597,GO:0009987,cellular process,M01,1,,GO:0030261 chromosome condensation
