_MEMBER_Accelerated,_MEMBER_Conserved,_LogP_Accelerated,_LogP_Conserved,GO,Description,_PATTERN_,_RANK_,GiniIndex
1,0,-2.3,0,GO:0009145,purine nucleoside triphosphate biosynthetic process,M10,1,0
1,0,-2.2,0,GO:0009205,purine ribonucleoside triphosphate metabolic process,M10,1,0
0,1,0,-2.5,GO:0072273,metanephric nephron morphogenesis,M01,1,0
1,0,-2.1,0,GO:0046034,ATP metabolic process,M10,1,0
1,0,-2.2,0,GO:0043043,peptide biosynthetic process,M10,1,0
0,1,0,-2,CORUM:1181,C complex spliceosome,M01,1,0
1,0,-2.1,0,GO:0033619,membrane protein proteolysis,M10,1,0
1,0,-2.3,0,GO:0009206,purine ribonucleoside triphosphate biosynthetic process,M10,1,0
0,1,0,-2,GO:2000242,negative regulation of reproductive process,M01,1,0
0,1,0,-3.3,GO:0045686,negative regulation of glial cell differentiation,M01,1,0
1,0,-2,0,WP111,Electron transport chain: OXPHOS system in mitochondria,M10,1,0
1,0,-2,0,GO:0042490,mechanoreceptor differentiation,M10,1,0
0,1,0,-2.2,GO:0003338,metanephros morphogenesis,M01,1,0
0,1,0,-3.3,GO:0048715,negative regulation of oligodendrocyte differentiation,M01,1,0
1,0,-2,0,GO:0030593,neutrophil chemotaxis,M10,1,0
1,0,-2.1,0,R-HSA-6803157,Antimicrobial peptides,M10,1,0
1,0,-3,0,GO:0045666,positive regulation of neuron differentiation,M10,1,0
1,0,-2.3,0,GO:0080154,regulation of fertilization,M10,1,0
0,1,0,-2.6,hsa04916,Melanogenesis,M01,1,0
0,1,0,-2.2,GO:0045685,regulation of glial cell differentiation,M01,1,0
1,0,-2,0,GO:0002429,immune response-activating cell surface receptor signaling pathway,M10,1,0
1,0,-2,0,GO:0006875,cellular metal ion homeostasis,M10,1,0
1,0,-2.3,0,GO:0060088,auditory receptor cell stereocilium organization,M10,1,0
1,0,-2.2,0,GO:0009201,ribonucleoside triphosphate biosynthetic process,M10,1,0
1,0,-2.7,0,R-HSA-166663,Initial triggering of complement,M10,1,0
1,0,-2.3,0,GO:0006825,copper ion transport,M10,1,0
0,1,0,-2.5,GO:0007143,female meiotic nuclear division,M01,1,0
1,0,-2.4,0,hsa04657,IL-17 signaling pathway,M10,1,0
0,1,0,-2.1,GO:0030261,chromosome condensation,M01,1,0
1,0,-2.6,0,R-HSA-421270,Cell-cell junction organization,M10,1,0
1,0,-2.5,0,GO:0006754,ATP biosynthetic process,M10,1,0
1,0,-2.2,0,R-HSA-422085,"Synthesis, secretion, and deacylation of Ghrelin",M10,1,0
0,1,0,-2.2,GO:0140056,organelle localization by membrane tethering,M01,1,0
1,0,-2.3,0,GO:0050851,antigen receptor-mediated signaling pathway,M10,1,0
1,0,-2,0,GO:0042491,inner ear auditory receptor cell differentiation,M10,1,0
1,0,-2.1,0,GO:0140053,mitochondrial gene expression,M10,1,0
1,0,-2,0,GO:0043604,amide biosynthetic process,M10,1,0
1,0,-2.3,0,GO:0009141,nucleoside triphosphate metabolic process,M10,1,0
1,0,-3.3,0,GO:0006518,peptide metabolic process,M10,1,0
1,0,-2.6,0,GO:0006346,DNA methylation-dependent heterochromatin formation,M10,1,0
1,0,-2.1,0,GO:0002768,immune response-regulating cell surface receptor signaling pathway,M10,1,0
0,1,0,-2,GO:0001824,blastocyst development,M01,1,0
0,1,0,-2.4,GO:0048713,regulation of oligodendrocyte differentiation,M01,1,0
0,1,0,-2.3,GO:1903131,mononuclear cell differentiation,M01,1,0
1,0,-2.5,0,GO:0048839,inner ear development,M10,1,0
1,0,-2.7,0,GO:0002250,adaptive immune response,M10,1,0
1,0,-2.1,0,GO:0007339,binding of sperm to zona pellucida,M10,1,0
1,0,-2.8,0,GO:0097066,response to thyroid hormone,M10,1,0
1,0,-2.7,0,hsa05150,Staphylococcus aureus infection,M10,1,0
1,0,-2.6,0,WP4324,Mitochondrial complex I assembly model OXPHOS system,M10,1,0
1,0,-2.2,0,GO:0072676,lymphocyte migration,M10,1,0
1,0,-2.2,0,GO:0048247,lymphocyte chemotaxis,M10,1,0
1,0,-2.1,0,GO:0009144,purine nucleoside triphosphate metabolic process,M10,1,0
1,0,-2.5,0,GO:1901185,negative regulation of ERBB signaling pathway,M10,1,0
1,0,-2.3,0,R-HSA-1500931,Cell-Cell communication,M10,1,0
1,0,-2.1,0,GO:0009199,ribonucleoside triphosphate metabolic process,M10,1,0
1,0,-2.5,0,R-HSA-446728,Cell junction organization,M10,1,0
1,0,-2.4,0,GO:0042776,proton motive force-driven mitochondrial ATP synthesis,M10,1,0
1,0,-3,0,GO:0060117,auditory receptor cell development,M10,1,0
0,1,0,-2,GO:0030217,T cell differentiation,M01,1,0
0,1,0,-2.3,GO:0014014,negative regulation of gliogenesis,M01,1,0
1,0,-2.5,0,GO:0043586,tongue development,M10,1,0
1,0,-2.2,0,GO:0002093,auditory receptor cell morphogenesis,M10,1,0
1,0,-3.8,0,GO:0009617,response to bacterium,M10,1,0
1,0,-2.1,0,GO:0043583,ear development,M10,1,0
1,0,-2.1,0,GO:0002526,acute inflammatory response,M10,1,0
1,0,-2.2,0,GO:0015986,proton motive force-driven ATP synthesis,M10,1,0
1,0,-2.2,0,GO:0033189,response to vitamin A,M10,1,0
